Name,FileSource,Secondary,Storage,Bus,VolumeGroup,DuckGroup,Duck,ReverbSend,CenterSend,VolMin,VolMax,DistMin,DistMaxDry,DistMaxWet,DryMinCurve,DryMaxCurve,WetMinCurve,WetMaxCurve,LimitCount,EntityLimitCount,LimitType,EntityLimitType,PitchMin,PitchMax,PriorityMin,PriorityMax,PriorityThresholdMin,PriorityThresholdMax,PanType,Pan,Looping,RandomizeType,Probability,StartDelay,EnvelopMin,EnvelopMax,EnvelopPercent,OcclusionLevel,IsBig,DistanceLpf,FluxType,FluxTime,Subtitle,Doppler,ContextType,ContextValue,Timescale,IsMusic,IsCinematic,FadeIn,FadeOut,Pauseable,StopOnEntDeath,StopOnPlay,DopplerScale,FutzPatch,VoiceLimit,IgnoreMaxDist,NeverPlayTwice
fly_generic_ads_lower_plr,raw\sound\fly\heavy_cloth\ads_down\wpn_generic_ads_down_00.LN65.pc.snd.wav,,loaded,bus_fx,grp_foley,snp_foley,,0,0,47,52,0,5000,5000,allon,default,allon,default,4,8,oldest,oldest,-200,200,25,35,0,1,2d,default,nonlooping,volume,1,0,0,0,0,0.25,no,yes,none,0,,no,,,yes,no,no,0,0,yes,no,,0,,no,no,no
fly_generic_ads_plr,raw\sound\fly\heavy_cloth\ads\wpn_generic_ads_00.LN65.pc.snd.wav,,loaded,bus_fx,grp_foley,snp_foley,,0,0,47,52,0,5000,5000,allon,default,allon,default,1,8,oldest,oldest,-200,200,25,35,0,1,2d,default,nonlooping,volume,1,0,0,0,0,0.25,no,yes,none,0,,no,,,yes,no,no,0,0,yes,no,,0,,no,no,no
fly_generic_down_npc,raw\sound\fly\heavy_cloth\wpn_away\wpn_assault_away.LN65.pc.snd.wav,,loaded,bus_fx,grp_foley,snp_foley,,30,0,75,75,75,500,500,allon,default,allon,default,4,1,priority,reject,-100,100,15,30,0.25,1,3d,default,nonlooping,volume,1,0,25,250,75,0.25,no,yes,none,0,,no,,,yes,no,no,0,0,yes,no,,0,,no,no,no
fly_generic_down_plr,raw\sound\fly\heavy_cloth\wpn_away\wpn_assault_away.LN65.pc.snd.wav,,loaded,bus_fx,grp_foley,snp_foley,,73,0,66,71,0,5000,5000,allon,default,allon,default,4,1,oldest,reject,-100,100,70,70,0,1,2d,default,nonlooping,volume,1,0,0,0,0,0.25,no,yes,none,0,,no,,,yes,no,no,0,0,yes,no,,0,,no,no,no
fly_generic_first_raise_npc,raw\sound\fly\heavy_cloth\long\fly_heavy_cloth_long_00.LN65.pc.snd.wav,,loaded,bus_fx,grp_foley,snp_foley,,30,0,75,75,75,500,500,allon,default,allon,default,4,8,priority,oldest,-90,90,15,30,0.25,1,3d,default,nonlooping,volume,1,0,25,250,75,0.25,no,yes,none,0,,no,,,yes,no,no,0,0,yes,no,,0,,no,no,no
fly_generic_first_raise_plr,raw\sound\fly\heavy_cloth\long\fly_heavy_cloth_long_00.LN65.pc.snd.wav,wpn_med_rat_raise_plr,loaded,bus_fx,grp_foley,snp_foley,,73,0,66,71,0,5000,5000,allon,default,allon,default,4,8,oldest,oldest,-200,200,70,70,0,1,2d,default,nonlooping,volume,1,0,0,0,0,0.25,no,yes,none,0,,no,,,yes,no,no,0,0,yes,no,,0,,no,no,no
fly_generic_pickup_npc,raw\sound\fly\pickups\weapon\fly_weapon_pickup_00.LN65.pc.snd.wav,,loaded,bus_fx,grp_foley,snp_foley,,30,0,75,75,75,500,500,allon,default,allon,default,2,1,priority,reject,-50,50,15,30,0.25,1,3d,default,nonlooping,volume,1,0,25,250,75,0.25,no,yes,none,0,,no,,,yes,no,no,0,0,yes,no,,0,,no,no,no
fly_generic_pickup_npc,raw\sound\fly\pickups\weapon\fly_weapon_pickup_01.LN65.pc.snd.wav,,loaded,bus_fx,grp_foley,snp_foley,,30,0,75,75,75,500,500,allon,default,allon,default,2,1,priority,reject,-50,50,15,30,0.25,1,3d,default,nonlooping,volume,1,0,25,250,75,0.25,no,yes,none,0,,no,,,yes,no,no,0,0,yes,no,,0,,no,no,no
fly_generic_pickup_plr,raw\sound\fly\pickups\weapon\fly_weapon_pickup_00.LN65.pc.snd.wav,,loaded,bus_fx,grp_foley,snp_foley,,73,0,66,71,0,5000,5000,allon,default,allon,default,4,8,oldest,oldest,-200,200,70,70,0,1,2d,default,nonlooping,volume,1,0,0,0,0,0.25,no,yes,none,0,,no,,,yes,no,no,0,0,yes,no,,0,,no,no,no
fly_generic_pickup_plr,raw\sound\fly\pickups\weapon\fly_weapon_pickup_01.LN65.pc.snd.wav,,loaded,bus_fx,grp_foley,snp_foley,,73,0,66,71,0,5000,5000,allon,default,allon,default,4,8,oldest,oldest,-200,200,70,70,0,1,2d,default,nonlooping,volume,1,0,0,0,0,0.25,no,yes,none,0,,no,,,yes,no,no,0,0,yes,no,,0,,no,no,no
fly_generic_raise_npc,raw\sound\fly\heavy_cloth\long\fly_heavy_cloth_long_00.LN65.pc.snd.wav,,loaded,bus_fx,grp_foley,snp_foley,,30,0,75,75,75,500,500,allon,default,allon,default,4,8,priority,oldest,-90,90,15,30,0.25,1,3d,default,nonlooping,volume,1,0,25,250,75,0.25,no,yes,none,0,,no,,,yes,no,no,0,0,yes,no,,0,,no,no,no
fly_generic_raise_plr,raw\sound\fly\heavy_cloth\long\fly_heavy_cloth_long_00.LN65.pc.snd.wav,wpn_med_rat_raise_plr,loaded,bus_fx,grp_foley,snp_foley,,73,0,66,71,0,5000,5000,allon,default,allon,default,4,8,oldest,oldest,-200,200,70,70,0,1,2d,default,nonlooping,volume,1,0,0,0,0,0.25,no,yes,none,0,,no,,,yes,no,no,0,0,yes,no,,0,,no,no,no
wpn_generic_dryfire_npc,raw\sound\wpn\assault\dry_fire\npc\dry_fire_00.LN65.pc.snd.wav,,loaded,bus_fx,grp_weapon,snp_wpn_3p,,0,0,80,80,75,275,275,allon,default,allon,default,8,2,priority,oldest,0,0,10,30,0.25,1,3d,default,nonlooping,volume,1,0,0,0,0,0.25,no,no,none,0,,no,,,yes,no,no,0,0,yes,no,,0,,no,no,no
wpn_generic_dryfire_plr,raw\sound\wpn\assault\dry_fire\plr\dry_fire_00.LN65.pc.snd.wav,,loaded,bus_fx,grp_weapon,snp_wpn_1p,,0,0,80,80,0,5000,5000,allon,default,allon,default,2,8,oldest,oldest,0,0,10,30,0.25,1,2d,default,nonlooping,volume,1,0,0,0,0,0.25,no,no,none,0,,no,,,yes,no,no,0,0,yes,no,,0,,no,no,no
fly_qcw05_charge,raw\sound\wpn\smg\kiparis\reload\fly_kiparis_charge.LN65.pc.snd.wav,,loaded,bus_fx,grp_foley,snp_foley,,30,0,86,89,0,5000,5000,allon,default,allon,default,8,8,priority,oldest,-88,84,70,70,0.25,1,2d,default,nonlooping,volume,1,0,0,0,0,0.25,no,yes,none,0,,no,,,yes,no,no,0,0,yes,no,,0,,no,no,no
fly_qcw05_futz,raw\sound\wpn\smg\spectre\reload\fly_spectre_futz.LN65.pc.snd.wav,,loaded,bus_fx,grp_foley,snp_foley,,30,0,86,89,0,5000,5000,allon,default,allon,default,8,8,priority,oldest,-88,84,70,70,0.25,1,2d,default,nonlooping,volume,1,0,0,0,0,0.25,no,yes,none,0,,no,,,yes,no,no,0,0,yes,no,,0,,no,no,no
fly_qcw05_mag_in,raw\sound\wpn\smg\kiparis\reload\fly_kiparis_mag_in.LN65.pc.snd.wav,,loaded,bus_fx,grp_foley,snp_foley,,30,0,86,89,0,5000,5000,allon,default,allon,default,8,8,priority,oldest,-88,84,70,70,0.25,1,2d,default,nonlooping,volume,1,0,0,0,0,0.25,no,yes,none,0,,no,,,yes,no,no,0,0,yes,no,,0,,no,no,no
fly_qcw05_mag_out,raw\sound\wpn\smg\kiparis\reload\fly_kiparis_mag_out.LN65.pc.snd.wav,,loaded,bus_fx,grp_foley,snp_foley,,30,0,86,89,0,5000,5000,allon,default,allon,default,8,8,priority,oldest,-88,84,70,70,0.25,1,2d,default,nonlooping,volume,1,0,0,0,0,0.25,no,yes,none,0,,no,,,yes,no,no,0,0,yes,no,,0,,no,no,no
fly_qcw05_pull_charge,raw\sound\wpn\smg\spectre\reload\fly_spectre_pull_charge.LN65.pc.snd.wav,,loaded,bus_fx,grp_foley,snp_foley,,30,0,86,89,0,5000,5000,allon,default,allon,default,8,8,priority,oldest,-88,84,70,70,0.25,1,2d,default,nonlooping,volume,1,0,0,0,0,0.25,no,yes,none,0,,no,,,yes,no,no,0,0,yes,no,,0,,no,no,no
wpn_qcw05_1straise_npc,raw\sound\fly\gear\rattle\fly_cloth_00.LN65.pc.snd.wav,,loaded,bus_fx,grp_foley,snp_foley,,30,0,75,75,75,500,500,allon,default,allon,default,4,8,priority,oldest,-90,90,15,30,0.25,1,3d,default,nonlooping,volume,1,0,25,250,75,0.25,no,yes,none,0,,no,,,yes,no,no,0,0,yes,no,,0,,no,no,no
wpn_qcw05_1straise_npc,raw\sound\fly\gear\rattle\fly_cloth_01.LN65.pc.snd.wav,,loaded,bus_fx,grp_foley,snp_foley,,30,0,75,75,75,500,500,allon,default,allon,default,4,8,priority,oldest,-90,90,15,30,0.25,1,3d,default,nonlooping,volume,1,0,25,250,75,0.25,no,yes,none,0,,no,,,yes,no,no,0,0,yes,no,,0,,no,no,no
wpn_qcw05_1straise_npc,raw\sound\fly\gear\rattle\fly_cloth_02.LN65.pc.snd.wav,,loaded,bus_fx,grp_foley,snp_foley,,30,0,75,75,75,500,500,allon,default,allon,default,4,8,priority,oldest,-90,90,15,30,0.25,1,3d,default,nonlooping,volume,1,0,25,250,75,0.25,no,yes,none,0,,no,,,yes,no,no,0,0,yes,no,,0,,no,no,no
wpn_qcw05_1straise_npc,raw\sound\fly\gear\rattle\fly_cloth_03.LN65.pc.snd.wav,,loaded,bus_fx,grp_foley,snp_foley,,30,0,75,75,75,500,500,allon,default,allon,default,4,8,priority,oldest,-90,90,15,30,0.25,1,3d,default,nonlooping,volume,1,0,25,250,75,0.25,no,yes,none,0,,no,,,yes,no,no,0,0,yes,no,,0,,no,no,no
wpn_qcw05_1straise_plr,raw\sound\fly\gear\rattle\fly_cloth_00.LN65.pc.snd.wav,,loaded,bus_fx,grp_foley,snp_foley,,30,0,86,89,0,5000,5000,allon,default,allon,default,8,8,priority,oldest,-88,84,70,70,0.25,1,2d,default,nonlooping,volume,1,0,0,0,0,0.25,no,yes,none,0,,no,,,yes,no,no,0,0,yes,no,,0,,no,no,no
wpn_qcw05_1straise_plr,raw\sound\fly\gear\rattle\fly_cloth_01.LN65.pc.snd.wav,,loaded,bus_fx,grp_foley,snp_foley,,30,0,86,89,0,5000,5000,allon,default,allon,default,8,8,priority,oldest,-88,84,70,70,0.25,1,2d,default,nonlooping,volume,1,0,0,0,0,0.25,no,yes,none,0,,no,,,yes,no,no,0,0,yes,no,,0,,no,no,no
wpn_qcw05_1straise_plr,raw\sound\fly\gear\rattle\fly_cloth_02.LN65.pc.snd.wav,,loaded,bus_fx,grp_foley,snp_foley,,30,0,86,89,0,5000,5000,allon,default,allon,default,8,8,priority,oldest,-88,84,70,70,0.25,1,2d,default,nonlooping,volume,1,0,0,0,0,0.25,no,yes,none,0,,no,,,yes,no,no,0,0,yes,no,,0,,no,no,no
wpn_qcw05_1straise_plr,raw\sound\fly\gear\rattle\fly_cloth_03.LN65.pc.snd.wav,,loaded,bus_fx,grp_foley,snp_foley,,30,0,86,89,0,5000,5000,allon,default,allon,default,8,8,priority,oldest,-88,84,70,70,0.25,1,2d,default,nonlooping,volume,1,0,0,0,0,0.25,no,yes,none,0,,no,,,yes,no,no,0,0,yes,no,,0,,no,no,no
wpn_qcw05_dryfire_npc,raw\sound\wpn\smg\dry_fire\plr\dry_fire_plr.LN65.pc.snd.wav,,loaded,bus_fx,grp_weapon,snp_wpn_3p,,55,0,87,87,900,900,900,cosdelay,alloff,cosdelay,default,8,3,priority,oldest,-150,150,20,90,0.25,0.8,3d,default,nonlooping,volume,1,0,0,0,0,0.25,no,no,none,0,,no,,,yes,no,no,0,0,yes,no,,0,,no,no,no
wpn_qcw05_dryfire_plr,raw\sound\wpn\smg\dry_fire\plr\dry_fire_plr.LN65.pc.snd.wav,,loaded,bus_fx,grp_weapon,snp_wpn_1p,,65,0,93,93,0,5000,5000,allon,default,allon,default,2,8,oldest,oldest,-80,80,90,90,0.25,1,2d,default,nonlooping,volume,1,0,0,0,0,0.25,no,no,none,0,,no,,,yes,no,no,0,0,yes,no,,0,,no,no,no
wpn_qcw05_fire_npc,raw\sound\wpn\smg\qcw05\plr\shot\wpn_qcw05_shot_plr.LN65.pc.snd.wav,wpn_qcw05_fire_npc_dist,loaded,bus_fx,grp_weapon,snp_wpn_3p,,55,0,87,87,900,900,900,cosdelay,alloff,cosdelay,default,3,3,oldest,oldest,-50,50,20,90,0.25,0.8,3d,default,nonlooping,volume,1,0,0,0,0,0.25,no,no,none,0,,no,,,yes,no,no,0,0,yes,no,,0,,no,no,no
wpn_qcw05_fire_npc_decay,raw\sound\wpn\smg\decay\ext\wpn_smg_decay_ext.LN65.pc.snd.wav,,loaded,bus_fx,grp_weapon,snp_wpn_3p,,55,0,77,77,50,900,900,allon,default,rcurve1,default,3,1,priority,oldest,-100,100,20,70,0.15,1,3d,default,nonlooping,volume,1,0,0,0,0,0.25,no,no,none,0,,no,ringoff_plr,outdoor,yes,no,no,0,0,yes,no,,0,,no,no,no
wpn_qcw05_fire_npc_decay,raw\sound\wpn\smg\decay\int\wpn_smg_decay_int.LN65.pc.snd.wav,,loaded,bus_fx,grp_weapon,snp_wpn_3p,,55,0,67,67,50,900,900,allon,default,rcurve1,default,3,1,priority,oldest,-100,100,20,70,0.15,1,3d,default,nonlooping,volume,1,0,0,0,0,0.25,no,no,none,0,,no,ringoff_plr,indoor,yes,no,no,0,0,yes,no,,0,,no,no,no
wpn_qcw05_fire_npc_dist,raw\sound\wpn\dist_guns\smg\wpn_smg_dist_00.LN65.pc.snd.wav,wpn_qcw05_LFE_npc,loaded,bus_fx,grp_weapon,snp_wpn_3p,,80,0,81,81,900,6000,12500,sindelay,default,sindelay,allon,8,3,priority,oldest,-300,300,90,40,0.25,1,3d,default,nonlooping,,1,0,0,0,0,0.25,no,no,none,0,,no,,,yes,no,no,0,0,yes,no,,0,,no,no,no
wpn_qcw05_fire_npc_dist,raw\sound\wpn\dist_guns\smg\wpn_smg_dist_01.LN65.pc.snd.wav,wpn_qcw05_LFE_npc,loaded,bus_fx,grp_weapon,snp_wpn_3p,,80,0,81,81,900,6000,12500,sindelay,default,sindelay,allon,8,3,priority,oldest,-300,300,90,40,0.25,1,3d,default,nonlooping,,1,0,0,0,0,0.25,no,no,none,0,,no,,,yes,no,no,0,0,yes,no,,0,,no,no,no
wpn_qcw05_fire_npc_dist,raw\sound\wpn\dist_guns\smg\wpn_smg_dist_02.LN65.pc.snd.wav,wpn_qcw05_LFE_npc,loaded,bus_fx,grp_weapon,snp_wpn_3p,,80,0,81,81,900,6000,12500,sindelay,default,sindelay,allon,8,3,priority,oldest,-300,300,90,40,0.25,1,3d,default,nonlooping,,1,0,0,0,0,0.25,no,no,none,0,,no,,,yes,no,no,0,0,yes,no,,0,,no,no,no
wpn_qcw05_fire_npc_pap,raw\sound\wpn\pap\pap_shot_st.LN65.pc.snd.wav,wpn_qcw05_flux_l_npc_pap,loaded,bus_fx,grp_weapon,snp_wpn_3p,,80,0,82,82,75,1250,1250,allon,default,allon,default,10,3,priority,oldest,-100,100,50,90,0.35,1,3d,default,nonlooping,volume pitch,1,0,0,0,0,0.25,no,no,none,0,,no,,,yes,no,no,0,0,yes,no,,0,,no,no,no
wpn_qcw05_fire_plr,raw\sound\wpn\smg\qcw05\plr\shot\wpn_qcw05_shot_plr.LN65.pc.snd.wav,wpn_qcw05_LFE,loaded,bus_fx,grp_weapon,snp_wpn_1p,,65,0,93,93,0,5000,5000,allon,default,allon,default,3,8,oldest,oldest,-50,50,90,90,0.25,1,2d,default,nonlooping,volume,1,0,0,0,0,0.25,no,no,none,0,,no,,,yes,no,no,0,0,yes,no,,0,,no,no,no
wpn_qcw05_fire_plr_decay,raw\sound\wpn\smg\decay\ext\wpn_smg_decay_ext.LN65.pc.snd.wav,,loaded,bus_fx,grp_weapon,snp_wpn_1p,,60,0,80,80,0,5000,5000,allon,default,allon,default,3,8,oldest,oldest,-50,50,90,90,0.25,1,2d,default,nonlooping,volume,1,0,0,0,0,0.25,no,no,none,0,,no,ringoff_plr,outdoor,yes,no,no,0,0,yes,no,,0,,no,no,no
wpn_qcw05_fire_plr_decay,raw\sound\wpn\smg\decay\int\wpn_smg_decay_int.LN65.pc.snd.wav,,loaded,bus_fx,grp_weapon,snp_wpn_1p,,60,0,80,80,0,5000,5000,allon,default,allon,default,3,8,oldest,oldest,-50,50,90,90,0.25,1,2d,default,nonlooping,volume,1,0,0,0,0,0.25,no,no,none,0,,no,ringoff_plr,indoor,yes,no,no,0,0,yes,no,,0,,no,no,no
wpn_qcw05_fire_plr_lh,raw\sound\wpn\smg\qcw05\plr\shot\wpn_qcw05_shot_plr.LN65.pc.snd.wav,wpn_qcw05_LFE,loaded,bus_fx,grp_weapon,snp_wpn_1p,,65,0,93,93,0,5000,5000,allon,default,allon,default,2,8,oldest,oldest,-80,80,90,90,0.25,1,2d,default,nonlooping,volume,1,0,0,0,0,0.25,no,no,none,0,,no,,,yes,no,no,0,0,yes,no,,0,,no,no,no
wpn_qcw05_fire_plr_pap,raw\sound\wpn\pap\pap_shot_st.LN65.pc.snd.wav,wpn_qcw05_flux_l_plr_pap,loaded,bus_hdrfx,grp_weapon,snp_wpn_1p,,70,0,87,87,0,5000,5000,allon,default,allon,default,1,8,oldest,oldest,0,0,90,90,0.25,1,2d,default,nonlooping,volume,1,0,0,0,0,0.25,no,no,none,0,,no,,,yes,no,no,0,0,yes,no,,0,,no,no,no
wpn_qcw05_fire_plr_rh,raw\sound\wpn\smg\qcw05\plr\shot\wpn_qcw05_shot_plr.LN65.pc.snd.wav,wpn_qcw05_LFE,loaded,bus_fx,grp_weapon,snp_wpn_1p,,65,0,93,93,0,5000,5000,allon,default,allon,default,2,8,oldest,oldest,-80,80,90,90,0.25,1,2d,default,nonlooping,volume,1,0,0,0,0,0.25,no,no,none,0,,no,,,yes,no,no,0,0,yes,no,,0,,no,no,no
wpn_qcw05_flux_l_npc_pap,raw\sound\wpn\pap\pap_flux_left.LN65.pc.snd.wav,wpn_qcw05_flux_r_npc_pap,loaded,bus_fx,grp_weapon,snp_wpn_3p,,84,0,75,75,25,900,900,allon,default,allon,default,8,4,priority,priority,-34,34,85,90,0.25,1,3d,default,nonlooping,volume pitch,1,0,0,0,0,0.25,no,no,left_shot,4000,,no,,,yes,no,no,0,0,yes,no,,0,,no,no,no
wpn_qcw05_flux_l_plr_pap,raw\sound\wpn\pap\pap_flux_left.LN65.pc.snd.wav,wpn_qcw05_flux_r_plr_pap,loaded,bus_fx,grp_weapon,snp_wpn_3p,,84,0,75,75,25,900,900,allon,default,allon,default,8,4,priority,priority,-34,34,85,90,0.25,1,3d,default,nonlooping,volume pitch,1,0,0,0,0,0.25,no,no,left_shot,4000,,no,,,yes,no,no,0,0,yes,no,,0,,no,no,no
wpn_qcw05_flux_r_npc_pap,raw\sound\wpn\pap\pap_flux_right.LN65.pc.snd.wav,wpn_qcw05_fire_npc,loaded,bus_fx,grp_weapon,snp_wpn_3p,,84,0,75,75,25,900,900,allon,default,allon,default,8,4,priority,priority,-34,34,85,90,0.25,1,3d,default,nonlooping,volume pitch,1,0,0,0,0,0.25,no,no,right_shot,4000,,no,,,yes,no,no,0,0,yes,no,,0,,no,no,no
wpn_qcw05_flux_r_plr_pap,raw\sound\wpn\pap\pap_flux_right.LN65.pc.snd.wav,wpn_qcw05_fire_plr,loaded,bus_fx,grp_weapon,snp_wpn_3p,,84,0,75,75,25,900,900,allon,default,allon,default,8,4,priority,priority,-34,34,85,90,0.25,1,3d,default,nonlooping,volume pitch,1,0,0,0,0,0.25,no,no,right_shot,4000,,no,,,yes,no,no,0,0,yes,no,,0,,no,no,no
wpn_qcw05_LFE,raw\sound\wpn\smg\mp7\plr\lfe\wpn_mp7_fire_lfe.LN65.pc.snd.wav,wpn_qcw05_fire_plr_decay,loaded,bus_hdrfx,grp_wpn_lfe,snp_wpn_1p,,0,0,86,86,0,5000,5000,allon,default,allon,default,8,2,priority,oldest,0,0,85,90,0.25,1,2d,default,nonlooping,volume,1,0,0,0,0,0.25,no,no,none,0,,no,,,no,no,no,0,0,yes,no,,0,,no,no,no
wpn_qcw05_LFE_npc,raw\sound\wpn\smg\mp7\plr\lfe\wpn_mp7_fire_lfe.LN65.pc.snd.wav,wpn_qcw05_fire_npc_decay,loaded,bus_hdrfx,grp_wpn_lfe,snp_wpn_3p,,0,0,81,81,25,225,225,allon,default,allon,default,3,1,priority,oldest,0,0,40,90,0.25,0.75,3d,default,nonlooping,volume,1,0,0,0,0,0.25,no,no,none,0,,no,,,no,no,no,0,0,yes,no,,0,,no,no,no
wpn_qcw05_pickup_npc,raw\sound\fly\pickups\weapon\fly_weapon_pickup_00.LN65.pc.snd.wav,,loaded,bus_fx,grp_foley,snp_foley,,30,0,75,75,75,500,500,allon,default,allon,default,2,1,priority,reject,-50,50,15,30,0.25,1,3d,default,nonlooping,volume,1,0,25,250,75,0.25,no,yes,none,0,,no,,,yes,no,no,0,0,yes,no,,0,,no,no,no
wpn_qcw05_pickup_npc,raw\sound\fly\pickups\weapon\fly_weapon_pickup_01.LN65.pc.snd.wav,,loaded,bus_fx,grp_foley,snp_foley,,30,0,75,75,75,500,500,allon,default,allon,default,2,1,priority,reject,-50,50,15,30,0.25,1,3d,default,nonlooping,volume,1,0,25,250,75,0.25,no,yes,none,0,,no,,,yes,no,no,0,0,yes,no,,0,,no,no,no
wpn_qcw05_pickup_plr,raw\sound\fly\pickups\weapon\fly_weapon_pickup_00.LN65.pc.snd.wav,,loaded,bus_fx,grp_foley,snp_foley,,30,0,75,75,0,5000,5000,allon,default,allon,default,1,8,reject,oldest,-88,84,70,70,0.25,1,2d,default,nonlooping,volume,1,0,0,0,0,0.25,no,yes,none,0,,no,,,yes,no,no,0,0,yes,no,,0,,no,no,no
wpn_qcw05_pickup_plr,raw\sound\fly\pickups\weapon\fly_weapon_pickup_01.LN65.pc.snd.wav,,loaded,bus_fx,grp_foley,snp_foley,,30,0,75,75,0,5000,5000,allon,default,allon,default,1,8,reject,oldest,-88,84,70,70,0.25,1,2d,default,nonlooping,volume,1,0,0,0,0,0.25,no,yes,none,0,,no,,,yes,no,no,0,0,yes,no,,0,,no,no,no
wpn_qcw05_raise_npc,raw\sound\fly\gear\rattle\fly_cloth_00.LN65.pc.snd.wav,,loaded,bus_fx,grp_foley,snp_foley,,30,0,75,75,75,500,500,allon,default,allon,default,4,8,priority,oldest,-90,90,15,30,0.25,1,3d,default,nonlooping,volume,1,0,25,250,75,0.25,no,yes,none,0,,no,,,yes,no,no,0,0,yes,no,,0,,no,no,no
wpn_qcw05_raise_npc,raw\sound\fly\gear\rattle\fly_cloth_01.LN65.pc.snd.wav,,loaded,bus_fx,grp_foley,snp_foley,,30,0,75,75,75,500,500,allon,default,allon,default,4,8,priority,oldest,-90,90,15,30,0.25,1,3d,default,nonlooping,volume,1,0,25,250,75,0.25,no,yes,none,0,,no,,,yes,no,no,0,0,yes,no,,0,,no,no,no
wpn_qcw05_raise_npc,raw\sound\fly\gear\rattle\fly_cloth_02.LN65.pc.snd.wav,,loaded,bus_fx,grp_foley,snp_foley,,30,0,75,75,75,500,500,allon,default,allon,default,4,8,priority,oldest,-90,90,15,30,0.25,1,3d,default,nonlooping,volume,1,0,25,250,75,0.25,no,yes,none,0,,no,,,yes,no,no,0,0,yes,no,,0,,no,no,no
wpn_qcw05_raise_npc,raw\sound\fly\gear\rattle\fly_cloth_03.LN65.pc.snd.wav,,loaded,bus_fx,grp_foley,snp_foley,,30,0,75,75,75,500,500,allon,default,allon,default,4,8,priority,oldest,-90,90,15,30,0.25,1,3d,default,nonlooping,volume,1,0,25,250,75,0.25,no,yes,none,0,,no,,,yes,no,no,0,0,yes,no,,0,,no,no,no
wpn_qcw05_raise_plr,raw\sound\fly\gear\rattle\fly_cloth_00.LN65.pc.snd.wav,,loaded,bus_fx,grp_foley,snp_foley,,30,0,86,89,0,5000,5000,allon,default,allon,default,8,8,priority,oldest,-88,84,70,70,0.25,1,2d,default,nonlooping,volume,1,0,0,0,0,0.25,no,yes,none,0,,no,,,yes,no,no,0,0,yes,no,,0,,no,no,no
wpn_qcw05_raise_plr,raw\sound\fly\gear\rattle\fly_cloth_01.LN65.pc.snd.wav,,loaded,bus_fx,grp_foley,snp_foley,,30,0,86,89,0,5000,5000,allon,default,allon,default,8,8,priority,oldest,-88,84,70,70,0.25,1,2d,default,nonlooping,volume,1,0,0,0,0,0.25,no,yes,none,0,,no,,,yes,no,no,0,0,yes,no,,0,,no,no,no
wpn_qcw05_raise_plr,raw\sound\fly\gear\rattle\fly_cloth_02.LN65.pc.snd.wav,,loaded,bus_fx,grp_foley,snp_foley,,30,0,86,89,0,5000,5000,allon,default,allon,default,8,8,priority,oldest,-88,84,70,70,0.25,1,2d,default,nonlooping,volume,1,0,0,0,0,0.25,no,yes,none,0,,no,,,yes,no,no,0,0,yes,no,,0,,no,no,no
wpn_qcw05_raise_plr,raw\sound\fly\gear\rattle\fly_cloth_03.LN65.pc.snd.wav,,loaded,bus_fx,grp_foley,snp_foley,,30,0,86,89,0,5000,5000,allon,default,allon,default,8,8,priority,oldest,-88,84,70,70,0.25,1,2d,default,nonlooping,volume,1,0,0,0,0,0.25,no,yes,none,0,,no,,,yes,no,no,0,0,yes,no,,0,,no,no,no
wpn_qcw05_silencer_fire_npc,raw\sound\wpn\smg\msmc\plr\shot\silenced\wpn_msmc_sil_shot_plr.LN65.pc.snd.wav,wpn_qcw05_silencer_LFE_npc,loaded,bus_fx,grp_weapon,snp_wpn_3p,,0,0,85,85,700,700,700,cosdelay,alloff,cosdelay,default,8,3,priority,oldest,-50,50,20,90,0.25,0.8,3d,default,nonlooping,volume,1,0,0,0,0,0.25,no,no,none,0,,no,,,yes,no,no,0,0,yes,no,,0,,no,no,no
wpn_qcw05_silencer_fire_npc_decay,raw\sound\wpn\pistol\decay\ext\silenced\wpn_pistol_decay_silenced_ext.LN65.pc.snd.wav,,loaded,bus_fx,grp_weapon,snp_wpn_3p,,55,0,75,75,50,900,900,allon,default,rcurve1,default,10,1,reject,oldest,-100,100,20,70,0.15,1,3d,default,nonlooping,volume,1,0,0,0,0,0.25,no,no,none,0,,no,ringoff_plr,outdoor,yes,no,no,0,0,yes,no,,0,,no,no,no
wpn_qcw05_silencer_fire_npc_decay,raw\sound\wpn\pistol\decay\int\silenced\wpn_pistol_decay_silenced_int.LN65.pc.snd.wav,,loaded,bus_fx,grp_weapon,snp_wpn_3p,,55,0,75,75,50,900,900,allon,default,rcurve1,default,10,1,reject,oldest,-100,100,20,70,0.15,1,3d,default,nonlooping,volume,1,0,0,0,0,0.25,no,no,none,0,,no,ringoff_plr,indoor,yes,no,no,0,0,yes,no,,0,,no,no,no
wpn_qcw05_silencer_fire_plr,raw\sound\wpn\smg\msmc\plr\shot\silenced\wpn_msmc_sil_shot_plr.LN65.pc.snd.wav,wpn_qcw05_silencer_LFE,loaded,bus_fx,grp_weapon,snp_wpn_1p,,0,0,93,93,0,5000,5000,allon,default,allon,default,2,8,oldest,oldest,-80,80,90,90,0.25,1,2d,default,nonlooping,volume,1,0,0,0,0,0.25,no,no,none,0,,no,,,yes,no,no,0,0,yes,no,,0,,no,no,no
wpn_qcw05_silencer_fire_plr_decay,raw\sound\wpn\pistol\decay\ext\silenced\wpn_pistol_decay_silenced_ext.LN65.pc.snd.wav,,loaded,bus_fx,grp_weapon,snp_wpn_1p,,75,0,80,80,0,5000,5000,allon,default,allon,default,3,8,oldest,oldest,-50,50,90,90,0.25,1,2d,default,nonlooping,volume,1,0,0,0,0,0.25,no,no,none,0,,no,ringoff_plr,outdoor,yes,no,no,0,0,yes,no,,0,,no,no,no
wpn_qcw05_silencer_fire_plr_decay,raw\sound\wpn\pistol\decay\int\silenced\wpn_pistol_decay_silenced_int.LN65.pc.snd.wav,,loaded,bus_fx,grp_weapon,snp_wpn_1p,,75,0,83,83,0,5000,5000,allon,default,allon,default,3,8,oldest,oldest,-50,50,90,90,0.25,1,2d,default,nonlooping,volume,1,0,0,0,0,0.25,no,no,none,0,,no,ringoff_plr,indoor,yes,no,no,0,0,yes,no,,0,,no,no,no
wpn_qcw05_silencer_LFE,raw\sound\wpn\smg\mp7\plr\lfe\wpn_mp7_fire_lfe.LN65.pc.snd.wav,wpn_qcw05_silencer_fire_plr_decay,loaded,bus_hdrfx,grp_wpn_lfe,snp_wpn_1p,,0,0,86,86,0,5000,5000,allon,default,allon,default,1,2,priority,oldest,0,0,85,90,0.25,1,2d,default,nonlooping,volume,1,0,0,0,0,0.25,no,no,none,0,,no,,,no,no,no,0,0,yes,no,,0,,no,no,no
wpn_qcw05_silencer_LFE_npc,raw\sound\wpn\smg\mp7\plr\lfe\wpn_mp7_fire_lfe.LN65.pc.snd.wav,wpn_qcw05_silencer_fire_npc_decay,loaded,bus_hdrfx,grp_wpn_lfe,snp_wpn_3p,,0,0,81,81,25,225,225,allon,default,allon,default,3,1,priority,oldest,0,0,40,90,0.25,0.75,3d,default,nonlooping,volume,1,0,0,0,0,0.25,no,no,none,0,,no,,,no,no,no,0,0,yes,no,,0,,no,no,no
fly_type95_bolt_back,raw\sound\wpn\assault\reload\fly_assault_bb.LN65.pc.snd.wav,,loaded,bus_fx,grp_foley,snp_foley,,30,0,86,89,0,5000,5000,allon,default,allon,default,8,8,priority,oldest,-88,84,70,70,0.25,1,2d,default,nonlooping,volume,1,0,0,0,0,0.25,no,yes,none,0,,no,,,yes,no,no,0,0,yes,no,,0,,no,no,no
fly_type95_bolt_release,raw\sound\wpn\assault\reload\fly_assault_bf.LN65.pc.snd.wav,,loaded,bus_fx,grp_foley,snp_foley,,30,0,86,89,0,5000,5000,allon,default,allon,default,8,8,priority,oldest,-88,84,70,70,0.25,1,2d,default,nonlooping,volume,1,0,0,0,0,0.25,no,yes,none,0,,no,,,yes,no,no,0,0,yes,no,,0,,no,no,no
fly_type95_button,raw\sound\wpn\assault\m16\reload\fly_m16_button.LN65.pc.snd.wav,,loaded,bus_fx,grp_foley,snp_foley,,30,0,86,89,0,5000,5000,allon,default,allon,default,8,8,priority,oldest,-88,84,70,70,0.25,1,2d,default,nonlooping,volume,1,0,0,0,0,0.25,no,yes,none,0,,no,,,yes,no,no,0,0,yes,no,,0,,no,no,no
fly_type95_charge,raw\sound\wpn\assault\reload\fly_assault_charge.LN65.pc.snd.wav,,loaded,bus_fx,grp_foley,snp_foley,,30,0,86,89,0,5000,5000,allon,default,allon,default,8,8,priority,oldest,-88,84,70,70,0.25,1,2d,default,nonlooping,volume,1,0,0,0,0,0.25,no,yes,none,0,,no,,,yes,no,no,0,0,yes,no,,0,,no,no,no
fly_type95_mag_in,raw\sound\wpn\assault\reload\fly_assault_mag_in.LN65.pc.snd.wav,,loaded,bus_fx,grp_foley,snp_foley,,30,0,86,89,0,5000,5000,allon,default,allon,default,8,8,priority,oldest,-88,84,70,70,0.25,1,2d,default,nonlooping,volume,1,0,0,0,0,0.25,no,yes,none,0,,no,,,yes,no,no,0,0,yes,no,,0,,no,no,no
fly_type95_mag_out,raw\sound\wpn\assault\reload\fly_assault_mag_out.LN65.pc.snd.wav,,loaded,bus_fx,grp_foley,snp_foley,,30,0,86,89,0,5000,5000,allon,default,allon,default,8,8,priority,oldest,-88,84,70,70,0.25,1,2d,default,nonlooping,volume,1,0,0,0,0,0.25,no,yes,none,0,,no,,,yes,no,no,0,0,yes,no,,0,,no,no,no
fly_type95_raise_plr,raw\sound\fly\heavy_cloth\long\fly_heavy_cloth_long_00.LN65.pc.snd.wav,,loaded,bus_fx,grp_foley,snp_foley,,30,0,86,89,0,5000,5000,allon,default,allon,default,8,8,priority,oldest,-88,84,70,70,0.25,1,2d,default,nonlooping,volume,1,0,0,0,0,0.25,no,yes,none,0,,no,,,yes,no,no,0,0,yes,no,,0,,no,no,no
wpn_type95_1straise_npc,raw\sound\fly\heavy_cloth\long\fly_heavy_cloth_long_00.LN65.pc.snd.wav,,loaded,bus_fx,grp_foley,snp_foley,,30,0,75,75,75,500,500,allon,default,allon,default,4,8,priority,oldest,-90,90,15,30,0.25,1,3d,default,nonlooping,volume,1,0,25,250,75,0.25,no,yes,none,0,,no,,,yes,no,no,0,0,yes,no,,0,,no,no,no
wpn_type95_1straise_plr,raw\sound\fly\heavy_cloth\long\fly_heavy_cloth_long_00.LN65.pc.snd.wav,,loaded,bus_fx,grp_foley,snp_foley,,30,0,86,89,0,5000,5000,allon,default,allon,default,8,8,priority,oldest,-88,84,70,70,0.25,1,2d,default,nonlooping,volume,1,0,0,0,0,0.25,no,yes,none,0,,no,,,yes,no,no,0,0,yes,no,,0,,no,no,no
wpn_type95_dryfire_npc,raw\sound\wpn\assault\dry_fire\npc\dry_fire_00.LN65.pc.snd.wav,,loaded,bus_fx,grp_weapon,snp_wpn_3p,,55,0,82,82,900,900,901,cosdelay,alloff,cosdelay,default,8,2,priority,oldest,-125,125,40,90,0.25,0.8,3d,default,nonlooping,volume,1,0,0,0,0,0.25,no,no,none,0,,no,,,yes,no,no,0,0,yes,no,,0,,no,no,no
wpn_type95_dryfire_plr,raw\sound\wpn\assault\dry_fire\plr\dry_fire_00.LN65.pc.snd.wav,,loaded,bus_fx,grp_weapon,snp_wpn_1p,,65,0,93,93,0,5000,5000,allon,default,allon,default,3,8,oldest,oldest,0,0,90,90,0.25,1,2d,default,nonlooping,volume,1,0,0,0,0,0.25,no,no,none,0,,no,,,yes,no,no,0,0,yes,no,,0,,no,no,no
wpn_type95_fire_npc,raw\sound\wpn\assault\type95\plr\shot\wpn_type95_shot_plr.LN65.pc.snd.wav,wpn_type95_LFE_npc,loaded,bus_fx,grp_weapon,snp_wpn_3p,,55,0,82,82,900,900,901,cosdelay,alloff,cosdelay,default,8,2,priority,oldest,-125,125,40,90,0.25,0.8,3d,default,nonlooping,volume,1,0,0,0,0,0.25,no,no,none,0,,no,,,yes,no,no,0,0,yes,no,,0,,no,no,no
wpn_type95_fire_npc_decay,raw\sound\wpn\assault\decay\ext\wpn_assault_decay_ext.LN65.pc.snd.wav,,loaded,bus_fx,grp_weapon,snp_wpn_3p,,55,0,77,77,50,900,900,allon,default,rcurve1,default,3,1,priority,oldest,-100,100,20,70,0.15,1,3d,default,nonlooping,volume,1,0,0,0,0,0.25,no,no,none,0,,no,ringoff_plr,outdoor,yes,no,no,0,0,yes,no,,0,,no,no,no
wpn_type95_fire_npc_decay,raw\sound\wpn\assault\decay\int\wpn_assault_decay_int.LN65.pc.snd.wav,,loaded,bus_fx,grp_weapon,snp_wpn_3p,,55,0,67,67,50,900,900,allon,default,rcurve1,default,3,1,priority,oldest,-100,100,20,70,0.15,1,3d,default,nonlooping,volume,1,0,0,0,0,0.25,no,no,none,0,,no,ringoff_plr,indoor,yes,no,no,0,0,yes,no,,0,,no,no,no
wpn_type95_fire_npc_dist,raw\sound\wpn\dist_guns\ass\wpn_assault_dist_00.LN65.pc.snd.wav,wpn_type95_fire_npc_decay,loaded,bus_fx,grp_weapon,snp_wpn_3p,,80,0,81,81,900,6000,12500,sindelay,default,sindelay,allon,8,3,priority,oldest,-300,300,90,40,0,1,3d,default,nonlooping,,1,0,0,0,0,0.25,no,no,none,0,,no,,,yes,no,no,0,0,yes,no,,0,,no,no,no
wpn_type95_fire_npc_dist,raw\sound\wpn\dist_guns\ass\wpn_assault_dist_01.LN65.pc.snd.wav,wpn_type95_fire_npc_decay,loaded,bus_fx,grp_weapon,snp_wpn_3p,,80,0,81,81,900,6000,12500,sindelay,default,sindelay,allon,8,3,priority,oldest,-300,300,90,40,0,1,3d,default,nonlooping,,1,0,0,0,0,0.25,no,no,none,0,,no,,,yes,no,no,0,0,yes,no,,0,,no,no,no
wpn_type95_fire_npc_dist,raw\sound\wpn\dist_guns\ass\wpn_assault_dist_02.LN65.pc.snd.wav,wpn_type95_fire_npc_decay,loaded,bus_fx,grp_weapon,snp_wpn_3p,,80,0,81,81,900,6000,12500,sindelay,default,sindelay,allon,8,3,priority,oldest,-300,300,90,40,0,1,3d,default,nonlooping,,1,0,0,0,0,0.25,no,no,none,0,,no,,,yes,no,no,0,0,yes,no,,0,,no,no,no
wpn_type95_fire_npc_dist,raw\sound\wpn\dist_guns\ass\wpn_assault_dist_03.LN65.pc.snd.wav,wpn_type95_fire_npc_decay,loaded,bus_fx,grp_weapon,snp_wpn_3p,,80,0,81,81,900,6000,12500,sindelay,default,sindelay,allon,8,3,priority,oldest,-300,300,90,40,0,1,3d,default,nonlooping,,1,0,0,0,0,0.25,no,no,none,0,,no,,,yes,no,no,0,0,yes,no,,0,,no,no,no
wpn_type95_fire_npc_pap,raw\sound\wpn\pap\pap_shot_st.LN65.pc.snd.wav,wpn_type95_flux_l_npc_pap,loaded,bus_fx,grp_weapon,snp_wpn_3p,,80,0,82,82,75,1250,1250,allon,default,allon,default,10,3,priority,oldest,-100,100,50,90,0.35,1,3d,default,nonlooping,volume pitch,1,0,0,0,0,0.25,no,no,none,0,,no,,,yes,no,no,0,0,yes,no,,0,,no,no,no
wpn_type95_fire_plr,raw\sound\wpn\assault\type95\plr\shot\wpn_type95_shot_plr.LN65.pc.snd.wav,wpn_type95_lfe,loaded,bus_fx,grp_weapon,snp_wpn_1p,,65,0,93,93,0,5000,5000,allon,default,allon,default,3,8,oldest,oldest,-25,25,90,90,0.25,1,2d,default,nonlooping,volume,1,0,0,0,0,0.25,no,no,none,0,,no,,,yes,no,no,0,0,yes,no,,0,,no,no,no
wpn_type95_fire_plr_decay,raw\sound\wpn\assault\decay\ext\wpn_assault_decay_ext.LN65.pc.snd.wav,,loaded,bus_fx,grp_weapon,snp_wpn_1p,,60,0,83,83,0,5000,5000,allon,default,allon,default,3,8,oldest,oldest,-50,50,90,90,0.25,1,2d,default,nonlooping,volume,1,0,0,0,0,0.25,no,no,none,0,,no,ringoff_plr,outdoor,yes,no,no,0,0,yes,no,,0,,no,no,no
wpn_type95_fire_plr_decay,raw\sound\wpn\assault\decay\int\wpn_assault_decay_int.LN65.pc.snd.wav,,loaded,bus_fx,grp_weapon,snp_wpn_1p,,60,0,83,83,0,5000,5000,allon,default,allon,default,3,8,oldest,oldest,-50,50,90,90,0.25,1,2d,default,nonlooping,volume,1,0,0,0,0,0.25,no,no,none,0,,no,ringoff_plr,indoor,yes,no,no,0,0,yes,no,,0,,no,no,no
wpn_type95_fire_plr_pap,raw\sound\wpn\pap\pap_shot_st.LN65.pc.snd.wav,wpn_type95_flux_l_plr_pap,loaded,bus_hdrfx,grp_weapon,snp_wpn_1p,,70,0,87,87,0,5000,5000,allon,default,allon,default,1,8,oldest,oldest,0,0,90,90,0.25,1,2d,default,nonlooping,volume,1,0,0,0,0,0.25,no,no,none,0,,no,,,yes,no,no,0,0,yes,no,,0,,no,no,no
wpn_type95_flux_l_npc_pap,raw\sound\wpn\pap\pap_flux_left.LN65.pc.snd.wav,wpn_type95_flux_r_npc_pap,loaded,bus_fx,grp_weapon,snp_wpn_3p,,84,0,75,75,25,900,900,allon,default,allon,default,8,4,priority,priority,-34,34,85,90,0.25,1,3d,default,nonlooping,volume pitch,1,0,0,0,0,0.25,no,no,left_shot,4000,,no,,,yes,no,no,0,0,yes,no,,0,,no,no,no
wpn_type95_flux_l_plr_pap,raw\sound\wpn\pap\pap_flux_left.LN65.pc.snd.wav,wpn_type95_flux_r_plr_pap,loaded,bus_fx,grp_weapon,snp_wpn_3p,,84,0,75,75,25,900,900,allon,default,allon,default,8,4,priority,priority,-34,34,85,90,0.25,1,3d,default,nonlooping,volume pitch,1,0,0,0,0,0.25,no,no,left_shot,4000,,no,,,yes,no,no,0,0,yes,no,,0,,no,no,no
wpn_type95_flux_r_npc_pap,raw\sound\wpn\pap\pap_flux_right.LN65.pc.snd.wav,wpn_type95_fire_npc,loaded,bus_fx,grp_weapon,snp_wpn_3p,,84,0,75,75,25,900,900,allon,default,allon,default,8,4,priority,priority,-34,34,85,90,0.25,1,3d,default,nonlooping,volume pitch,1,0,0,0,0,0.25,no,no,right_shot,4000,,no,,,yes,no,no,0,0,yes,no,,0,,no,no,no
wpn_type95_flux_r_plr_pap,raw\sound\wpn\pap\pap_flux_right.LN65.pc.snd.wav,wpn_type95_fire_plr,loaded,bus_fx,grp_weapon,snp_wpn_3p,,84,0,75,75,25,900,900,allon,default,allon,default,8,4,priority,priority,-34,34,85,90,0.25,1,3d,default,nonlooping,volume pitch,1,0,0,0,0,0.25,no,no,right_shot,4000,,no,,,yes,no,no,0,0,yes,no,,0,,no,no,no
wpn_type95_lfe,raw\sound\wpn\smg\mp7\plr\lfe\wpn_mp7_fire_lfe.LN65.pc.snd.wav,wpn_type95_fire_plr_decay,loaded,bus_hdrfx,grp_wpn_lfe,snp_wpn_1p,,0,0,86,86,0,5000,5000,allon,default,allon,default,8,2,priority,oldest,0,0,85,90,0.25,1,2d,default,nonlooping,volume,1,0,0,0,0,0.25,no,no,none,0,,no,,,no,no,no,0,0,yes,no,,0,,no,no,no
wpn_type95_LFE_npc,raw\sound\wpn\smg\mp7\plr\lfe\wpn_mp7_fire_lfe.LN65.pc.snd.wav,wpn_type95_fire_npc_dist,loaded,bus_hdrfx,grp_wpn_lfe,snp_wpn_3p,,0,0,81,81,25,225,225,allon,default,allon,default,3,1,priority,oldest,0,0,40,90,0.25,0.75,3d,default,nonlooping,volume,1,0,0,0,0,0.25,no,no,none,0,,no,,,no,no,no,0,0,yes,no,,0,,no,no,no
wpn_type95_pickup_npc,raw\sound\fly\pickups\weapon\fly_weapon_pickup_00.LN65.pc.snd.wav,,loaded,bus_fx,grp_foley,snp_foley,,30,0,75,75,75,500,500,allon,default,allon,default,2,1,priority,reject,-50,50,15,30,0.25,1,3d,default,nonlooping,volume,1,0,25,250,75,0.25,no,yes,none,0,,no,,,yes,no,no,0,0,yes,no,,0,,no,no,no
wpn_type95_pickup_npc,raw\sound\fly\pickups\weapon\fly_weapon_pickup_01.LN65.pc.snd.wav,,loaded,bus_fx,grp_foley,snp_foley,,30,0,75,75,75,500,500,allon,default,allon,default,2,1,priority,reject,-50,50,15,30,0.25,1,3d,default,nonlooping,volume,1,0,25,250,75,0.25,no,yes,none,0,,no,,,yes,no,no,0,0,yes,no,,0,,no,no,no
wpn_type95_pickup_plr,raw\sound\fly\pickups\weapon\fly_weapon_pickup_00.LN65.pc.snd.wav,,loaded,bus_fx,grp_foley,snp_foley,,30,0,75,75,0,5000,5000,allon,default,allon,default,1,8,reject,oldest,-88,84,70,70,0.25,1,2d,default,nonlooping,volume,1,0,0,0,0,0.25,no,yes,none,0,,no,,,yes,no,no,0,0,yes,no,,0,,no,no,no
wpn_type95_pickup_plr,raw\sound\fly\pickups\weapon\fly_weapon_pickup_01.LN65.pc.snd.wav,,loaded,bus_fx,grp_foley,snp_foley,,30,0,75,75,0,5000,5000,allon,default,allon,default,1,8,reject,oldest,-88,84,70,70,0.25,1,2d,default,nonlooping,volume,1,0,0,0,0,0.25,no,yes,none,0,,no,,,yes,no,no,0,0,yes,no,,0,,no,no,no
wpn_type95_raise_npc,raw\sound\fly\heavy_cloth\long\fly_heavy_cloth_long_00.LN65.pc.snd.wav,,loaded,bus_fx,grp_foley,snp_foley,,30,0,75,75,75,500,500,allon,default,allon,default,4,8,priority,oldest,-90,90,15,30,0.25,1,3d,default,nonlooping,volume,1,0,25,250,75,0.25,no,yes,none,0,,no,,,yes,no,no,0,0,yes,no,,0,,no,no,no
wpn_type95_silencer_fire_npc,raw\sound\wpn\assault\m27\plr\shot\silenced\wpn_m27_sil_shot_plr.LN65.pc.snd.wav,wpn_type95_silencer_LFE_npc,loaded,bus_fx,grp_weapon,snp_wpn_3p,,0,0,82,82,900,900,901,cosdelay,alloff,cosdelay,default,8,2,priority,oldest,-50,50,40,90,0.25,0.8,3d,default,nonlooping,volume,1,0,0,0,0,0.25,no,no,none,0,,no,,,yes,no,no,0,0,yes,no,,0,,no,no,no
wpn_type95_silencer_fire_npc_decay,raw\sound\wpn\assault\decay\int\silenced\wpn_aslt_decay_silenced_int.LN65.pc.snd.wav,,loaded,bus_fx,grp_weapon,snp_wpn_3p,,55,0,67,67,50,900,900,allon,default,rcurve1,default,3,1,priority,oldest,-100,100,20,70,0.15,1,3d,default,nonlooping,volume,1,0,0,0,0,0.25,no,no,none,0,,no,ringoff_plr,indoor,yes,no,no,0,0,yes,no,,0,,no,no,no
wpn_type95_silencer_fire_npc_decay,raw\sound\wpn\pistol\decay\ext\silenced\wpn_pistol_decay_silenced_ext.LN65.pc.snd.wav,,loaded,bus_fx,grp_weapon,snp_wpn_3p,,55,0,77,77,50,900,900,allon,default,rcurve1,default,3,1,priority,oldest,-100,100,20,70,0.15,1,3d,default,nonlooping,volume,1,0,0,0,0,0.25,no,no,none,0,,no,ringoff_plr,outdoor,yes,no,no,0,0,yes,no,,0,,no,no,no
wpn_type95_silencer_fire_plr,raw\sound\wpn\assault\m27\plr\shot\silenced\wpn_m27_sil_shot_plr.LN65.pc.snd.wav,wpn_type95_silencer_LFE,loaded,bus_fx,grp_weapon,snp_wpn_1p,,0,0,93,93,0,5000,5000,allon,default,allon,default,3,8,oldest,oldest,-50,50,90,90,0.25,1,2d,default,nonlooping,volume,1,0,0,0,0,0.25,no,no,none,0,,no,,,yes,no,no,0,0,yes,no,,0,,no,no,no
wpn_type95_silencer_fire_plr_decay,raw\sound\wpn\assault\decay\int\silenced\wpn_aslt_decay_silenced_int.LN65.pc.snd.wav,,loaded,bus_fx,grp_weapon,snp_wpn_1p,,75,0,83,83,0,5000,5000,allon,default,allon,default,3,8,oldest,oldest,-50,50,90,90,0.25,1,2d,default,nonlooping,volume,1,0,0,0,0,0.25,no,no,none,0,,no,ringoff_plr,indoor,yes,no,no,0,0,yes,no,,0,,no,no,no
wpn_type95_silencer_fire_plr_decay,raw\sound\wpn\pistol\decay\ext\silenced\wpn_pistol_decay_silenced_ext.LN65.pc.snd.wav,,loaded,bus_fx,grp_weapon,snp_wpn_1p,,70,0,83,83,0,5000,5000,allon,default,allon,default,3,8,oldest,oldest,-50,50,90,90,0.25,1,2d,default,nonlooping,volume,1,0,0,0,0,0.25,no,no,none,0,,no,ringoff_plr,outdoor,yes,no,no,0,0,yes,no,,0,,no,no,no
wpn_type95_silencer_lfe,raw\sound\wpn\smg\mp7\plr\lfe\wpn_mp7_fire_lfe.LN65.pc.snd.wav,wpn_type95_silencer_fire_plr_decay,loaded,bus_hdrfx,grp_wpn_lfe,snp_wpn_1p,,0,0,86,86,0,5000,5000,allon,default,allon,default,8,2,priority,oldest,0,0,85,90,0.25,1,2d,default,nonlooping,volume,1,0,0,0,0,0.25,no,no,none,0,,no,,,no,no,no,0,0,yes,no,,0,,no,no,no
wpn_type95_silencer_LFE_npc,raw\sound\wpn\smg\mp7\plr\lfe\wpn_mp7_fire_lfe.LN65.pc.snd.wav,wpn_type95_silencer_fire_npc_decay,loaded,bus_hdrfx,grp_wpn_lfe,snp_wpn_3p,,0,0,81,81,25,225,225,allon,default,allon,default,3,1,priority,oldest,0,0,40,90,0.25,0.75,3d,default,nonlooping,volume,1,0,0,0,0,0.25,no,no,none,0,,no,,,no,no,no,0,0,yes,no,,0,,no,no,no
fly_xm8_bolt_back,raw\sound\wpn\assault\reload\fly_assault_bb.LN65.pc.snd.wav,,loaded,bus_fx,grp_foley,snp_foley,,30,0,86,89,0,5000,5000,allon,default,allon,default,8,8,priority,oldest,-88,84,70,70,0.25,1,2d,default,nonlooping,volume,1,0,0,0,0,0.25,no,yes,none,0,,no,,,yes,no,no,0,0,yes,no,,0,,no,no,no
fly_xm8_bolt_release,raw\sound\wpn\assault\reload\fly_assault_bf.LN65.pc.snd.wav,,loaded,bus_fx,grp_foley,snp_foley,,30,0,86,89,0,5000,5000,allon,default,allon,default,8,8,priority,oldest,-88,84,70,70,0.25,1,2d,default,nonlooping,volume,1,0,0,0,0,0.25,no,yes,none,0,,no,,,yes,no,no,0,0,yes,no,,0,,no,no,no
fly_xm8_charge,raw\sound\wpn\assault\reload\fly_assault_charge.LN65.pc.snd.wav,,loaded,bus_fx,grp_foley,snp_foley,,30,0,86,89,0,5000,5000,allon,default,allon,default,8,8,priority,oldest,-88,84,70,70,0.25,1,2d,default,nonlooping,volume,1,0,0,0,0,0.25,no,yes,none,0,,no,,,yes,no,no,0,0,yes,no,,0,,no,no,no
fly_xm8_mag_in,raw\sound\wpn\assault\reload\fly_assault_mag_in.LN65.pc.snd.wav,,loaded,bus_fx,grp_foley,snp_foley,,30,0,86,89,0,5000,5000,allon,default,allon,default,8,8,priority,oldest,-88,84,70,70,0.25,1,2d,default,nonlooping,volume,1,0,0,0,0,0.25,no,yes,none,0,,no,,,yes,no,no,0,0,yes,no,,0,,no,no,no
fly_xm8_mag_out,raw\sound\wpn\assault\reload\fly_assault_mag_out.LN65.pc.snd.wav,,loaded,bus_fx,grp_foley,snp_foley,,30,0,86,89,0,5000,5000,allon,default,allon,default,8,8,priority,oldest,-88,84,70,70,0.25,1,2d,default,nonlooping,volume,1,0,0,0,0,0.25,no,yes,none,0,,no,,,yes,no,no,0,0,yes,no,,0,,no,no,no
wpn_xm8_1straise_plr,raw\sound\fly\gear\rattle\fly_cloth_00.LN65.pc.snd.wav,,loaded,bus_fx,grp_foley,snp_foley,,30,0,86,89,0,5000,5000,allon,default,allon,default,8,8,priority,oldest,-88,84,70,70,0.25,1,2d,default,nonlooping,volume,1,0,0,0,0,0.25,no,yes,none,0,,no,,,yes,no,no,0,0,yes,no,,0,,no,no,no
wpn_xm8_1straise_plr,raw\sound\fly\gear\rattle\fly_cloth_01.LN65.pc.snd.wav,,loaded,bus_fx,grp_foley,snp_foley,,30,0,86,89,0,5000,5000,allon,default,allon,default,8,8,priority,oldest,-88,84,70,70,0.25,1,2d,default,nonlooping,volume,1,0,0,0,0,0.25,no,yes,none,0,,no,,,yes,no,no,0,0,yes,no,,0,,no,no,no
wpn_xm8_1straise_plr,raw\sound\fly\gear\rattle\fly_cloth_02.LN65.pc.snd.wav,,loaded,bus_fx,grp_foley,snp_foley,,30,0,86,89,0,5000,5000,allon,default,allon,default,8,8,priority,oldest,-88,84,70,70,0.25,1,2d,default,nonlooping,volume,1,0,0,0,0,0.25,no,yes,none,0,,no,,,yes,no,no,0,0,yes,no,,0,,no,no,no
wpn_xm8_1straise_plr,raw\sound\fly\gear\rattle\fly_cloth_03.LN65.pc.snd.wav,,loaded,bus_fx,grp_foley,snp_foley,,30,0,86,89,0,5000,5000,allon,default,allon,default,8,8,priority,oldest,-88,84,70,70,0.25,1,2d,default,nonlooping,volume,1,0,0,0,0,0.25,no,yes,none,0,,no,,,yes,no,no,0,0,yes,no,,0,,no,no,no
wpn_xm8_dryfire_npc,raw\sound\wpn\assault\dry_fire\npc\dry_fire_00.LN65.pc.snd.wav,,loaded,bus_fx,grp_weapon,snp_wpn_3p,,55,0,82,82,900,900,901,cosdelay,alloff,cosdelay,default,8,2,priority,oldest,-125,125,40,90,0.25,0.8,3d,default,nonlooping,volume,1,0,0,0,0,0.25,no,no,none,0,,no,,,yes,no,no,0,0,yes,no,,0,,no,no,no
wpn_xm8_dryfire_plr,raw\sound\wpn\assault\dry_fire\plr\dry_fire_00.LN65.pc.snd.wav,,loaded,bus_fx,grp_weapon,snp_wpn_1p,,65,0,93,93,0,5000,5000,allon,default,allon,default,3,8,oldest,oldest,0,0,90,90,0.25,1,2d,default,nonlooping,volume,1,0,0,0,0,0.25,no,no,none,0,,no,,,yes,no,no,0,0,yes,no,,0,,no,no,no
wpn_xm8_fire_npc,raw\sound\wpn\assault\xm8\plr\shot\wpn_xm8_shot_plr.LN65.pc.snd.wav,wpn_xm8_LFE_npc,loaded,bus_fx,grp_weapon,snp_wpn_3p,,55,0,82,82,900,900,901,cosdelay,alloff,cosdelay,default,8,2,priority,oldest,-125,125,40,90,0.25,0.8,3d,default,nonlooping,volume,1,0,0,0,0,0.25,no,no,none,0,,no,,,yes,no,no,0,0,yes,no,,0,,no,no,no
wpn_xm8_fire_npc_decay,raw\sound\wpn\assault\decay\ext\wpn_assault_decay_ext.LN65.pc.snd.wav,,loaded,bus_fx,grp_weapon,snp_wpn_3p,,55,0,77,77,50,900,900,allon,default,rcurve1,default,3,1,priority,oldest,-100,100,20,70,0.15,1,3d,default,nonlooping,volume,1,0,0,0,0,0.25,no,no,none,0,,no,ringoff_plr,outdoor,yes,no,no,0,0,yes,no,,0,,no,no,no
wpn_xm8_fire_npc_decay,raw\sound\wpn\assault\decay\int\wpn_assault_decay_int.LN65.pc.snd.wav,,loaded,bus_fx,grp_weapon,snp_wpn_3p,,55,0,67,67,50,900,900,allon,default,rcurve1,default,3,1,priority,oldest,-100,100,20,70,0.15,1,3d,default,nonlooping,volume,1,0,0,0,0,0.25,no,no,none,0,,no,ringoff_plr,indoor,yes,no,no,0,0,yes,no,,0,,no,no,no
wpn_xm8_fire_npc_dist,raw\sound\wpn\dist_guns\ass\wpn_assault_dist_00.LN65.pc.snd.wav,wpn_xm8_fire_npc_decay,loaded,bus_fx,grp_weapon,snp_wpn_3p,,80,0,81,81,900,6000,12500,sindelay,default,sindelay,allon,8,3,priority,oldest,-300,300,90,40,0,1,3d,default,nonlooping,,1,0,0,0,0,0.25,no,no,none,0,,no,,,yes,no,no,0,0,yes,no,,0,,no,no,no
wpn_xm8_fire_npc_dist,raw\sound\wpn\dist_guns\ass\wpn_assault_dist_01.LN65.pc.snd.wav,wpn_xm8_fire_npc_decay,loaded,bus_fx,grp_weapon,snp_wpn_3p,,80,0,81,81,900,6000,12500,sindelay,default,sindelay,allon,8,3,priority,oldest,-300,300,90,40,0,1,3d,default,nonlooping,,1,0,0,0,0,0.25,no,no,none,0,,no,,,yes,no,no,0,0,yes,no,,0,,no,no,no
wpn_xm8_fire_npc_dist,raw\sound\wpn\dist_guns\ass\wpn_assault_dist_02.LN65.pc.snd.wav,wpn_xm8_fire_npc_decay,loaded,bus_fx,grp_weapon,snp_wpn_3p,,80,0,81,81,900,6000,12500,sindelay,default,sindelay,allon,8,3,priority,oldest,-300,300,90,40,0,1,3d,default,nonlooping,,1,0,0,0,0,0.25,no,no,none,0,,no,,,yes,no,no,0,0,yes,no,,0,,no,no,no
wpn_xm8_fire_npc_dist,raw\sound\wpn\dist_guns\ass\wpn_assault_dist_03.LN65.pc.snd.wav,wpn_xm8_fire_npc_decay,loaded,bus_fx,grp_weapon,snp_wpn_3p,,80,0,81,81,900,6000,12500,sindelay,default,sindelay,allon,8,3,priority,oldest,-300,300,90,40,0,1,3d,default,nonlooping,,1,0,0,0,0,0.25,no,no,none,0,,no,,,yes,no,no,0,0,yes,no,,0,,no,no,no
wpn_xm8_fire_npc_pap,raw\sound\wpn\pap\pap_shot_st.LN65.pc.snd.wav,wpn_xm8_flux_l_npc_pap,loaded,bus_fx,grp_weapon,snp_wpn_3p,,80,0,82,82,75,1250,1250,allon,default,allon,default,10,3,priority,oldest,-100,100,50,90,0.35,1,3d,default,nonlooping,volume pitch,1,0,0,0,0,0.25,no,no,none,0,,no,,,yes,no,no,0,0,yes,no,,0,,no,no,no
wpn_xm8_fire_plr,raw\sound\wpn\assault\xm8\plr\shot\wpn_xm8_shot_plr.LN65.pc.snd.wav,wpn_xm8_lfe,loaded,bus_fx,grp_weapon,snp_wpn_1p,,65,0,93,93,0,5000,5000,allon,default,allon,default,3,8,oldest,oldest,-50,50,90,90,0.25,1,2d,default,nonlooping,volume,1,0,0,0,0,0.25,no,no,none,0,,no,,,yes,no,no,0,0,yes,no,,0,,no,no,no
wpn_xm8_fire_plr_burst,raw\sound\wpn\assault\xm8\plr\shot\wpn_xm8_shot_plr_burst.LN65.pc.snd.wav,,loaded,bus_fx,grp_weapon,snp_wpn_1p,,65,0,93,93,0,5000,5000,allon,default,allon,default,3,8,oldest,oldest,-50,50,90,90,0.25,1,2d,default,nonlooping,volume,1,0,0,0,0,0.25,no,no,none,0,,no,,,yes,no,no,0,0,yes,no,,0,,no,no,no
wpn_xm8_fire_plr_decay,raw\sound\wpn\assault\decay\ext\wpn_assault_decay_ext.LN65.pc.snd.wav,,loaded,bus_fx,grp_weapon,snp_wpn_1p,,60,0,83,83,0,5000,5000,allon,default,allon,default,3,8,oldest,oldest,-50,50,90,90,0.25,1,2d,default,nonlooping,volume,1,0,0,0,0,0.25,no,no,none,0,,no,ringoff_plr,outdoor,yes,no,no,0,0,yes,no,,0,,no,no,no
wpn_xm8_fire_plr_decay,raw\sound\wpn\assault\decay\int\wpn_assault_decay_int.LN65.pc.snd.wav,,loaded,bus_fx,grp_weapon,snp_wpn_1p,,75,0,83,83,0,5000,5000,allon,default,allon,default,3,8,oldest,oldest,-50,50,90,90,0.25,1,2d,default,nonlooping,volume,1,0,0,0,0,0.25,no,no,none,0,,no,ringoff_plr,indoor,yes,no,no,0,0,yes,no,,0,,no,no,no
wpn_xm8_fire_plr_pap,raw\sound\wpn\pap\pap_shot_st.LN65.pc.snd.wav,wpn_xm8_flux_l_plr_pap,loaded,bus_hdrfx,grp_weapon,snp_wpn_1p,,70,0,87,87,0,5000,5000,allon,default,allon,default,1,8,oldest,oldest,0,0,90,90,0.25,1,2d,default,nonlooping,volume,1,0,0,0,0,0.25,no,no,none,0,,no,,,yes,no,no,0,0,yes,no,,0,,no,no,no
wpn_xm8_flux_l_npc_pap,raw\sound\wpn\pap\pap_flux_left.LN65.pc.snd.wav,wpn_xm8_flux_r_npc_pap,loaded,bus_fx,grp_weapon,snp_wpn_3p,,84,0,75,75,25,900,900,allon,default,allon,default,8,4,priority,priority,-34,34,85,90,0.25,1,3d,default,nonlooping,volume pitch,1,0,0,0,0,0.25,no,no,left_shot,4000,,no,,,yes,no,no,0,0,yes,no,,0,,no,no,no
wpn_xm8_flux_l_plr_pap,raw\sound\wpn\pap\pap_flux_left.LN65.pc.snd.wav,wpn_xm8_flux_r_plr_pap,loaded,bus_fx,grp_weapon,snp_wpn_3p,,84,0,75,75,25,900,900,allon,default,allon,default,8,4,priority,priority,-34,34,85,90,0.25,1,3d,default,nonlooping,volume pitch,1,0,0,0,0,0.25,no,no,left_shot,4000,,no,,,yes,no,no,0,0,yes,no,,0,,no,no,no
wpn_xm8_flux_r_npc_pap,raw\sound\wpn\pap\pap_flux_right.LN65.pc.snd.wav,wpn_xm8_fire_npc,loaded,bus_fx,grp_weapon,snp_wpn_3p,,84,0,75,75,25,900,900,allon,default,allon,default,8,4,priority,priority,-34,34,85,90,0.25,1,3d,default,nonlooping,volume pitch,1,0,0,0,0,0.25,no,no,right_shot,4000,,no,,,yes,no,no,0,0,yes,no,,0,,no,no,no
wpn_xm8_flux_r_plr_pap,raw\sound\wpn\pap\pap_flux_right.LN65.pc.snd.wav,wpn_xm8_fire_plr,loaded,bus_fx,grp_weapon,snp_wpn_3p,,84,0,75,75,25,900,900,allon,default,allon,default,8,4,priority,priority,-34,34,85,90,0.25,1,3d,default,nonlooping,volume pitch,1,0,0,0,0,0.25,no,no,right_shot,4000,,no,,,yes,no,no,0,0,yes,no,,0,,no,no,no
wpn_xm8_lfe,raw\sound\wpn\wpn_lfe\wpn_lfe_4080120.LN65.pc.snd.wav,wpn_xm8_fire_plr_decay,loaded,bus_hdrfx,grp_wpn_lfe,snp_wpn_1p,,0,0,86,86,0,5000,5000,allon,default,allon,default,8,2,priority,oldest,0,0,85,90,0.25,1,2d,default,nonlooping,volume,1,0,0,0,0,0.25,no,no,none,0,,no,,,no,no,no,0,0,yes,no,,0,,no,no,no
wpn_xm8_LFE_npc,raw\sound\wpn\smg\mp7\plr\lfe\wpn_mp7_fire_lfe.LN65.pc.snd.wav,wpn_xm8_fire_npc_dist,loaded,bus_hdrfx,grp_wpn_lfe,snp_wpn_3p,,0,0,81,81,25,225,225,allon,default,allon,default,3,1,priority,oldest,0,0,40,90,0.25,0.75,3d,default,nonlooping,volume,1,0,0,0,0,0.25,no,no,none,0,,no,,,no,no,no,0,0,yes,no,,0,,no,no,no
wpn_xm8_pickup_plr,raw\sound\fly\pickups\weapon\fly_weapon_pickup_00.LN65.pc.snd.wav,,loaded,bus_fx,grp_foley,snp_foley,,30,0,75,75,0,5000,5000,allon,default,allon,default,1,8,reject,oldest,-88,84,70,70,0.25,1,2d,default,nonlooping,volume,1,0,0,0,0,0.25,no,yes,none,0,,no,,,yes,no,no,0,0,yes,no,,0,,no,no,no
wpn_xm8_pickup_plr,raw\sound\fly\pickups\weapon\fly_weapon_pickup_01.LN65.pc.snd.wav,,loaded,bus_fx,grp_foley,snp_foley,,30,0,75,75,0,5000,5000,allon,default,allon,default,1,8,reject,oldest,-88,84,70,70,0.25,1,2d,default,nonlooping,volume,1,0,0,0,0,0.25,no,yes,none,0,,no,,,yes,no,no,0,0,yes,no,,0,,no,no,no
wpn_xm8_raise_plr,raw\sound\fly\gear\rattle\fly_cloth_00.LN65.pc.snd.wav,,loaded,bus_fx,grp_foley,snp_foley,,30,0,86,89,0,5000,5000,allon,default,allon,default,8,8,priority,oldest,-88,84,70,70,0.25,1,2d,default,nonlooping,volume,1,0,0,0,0,0.25,no,yes,none,0,,no,,,yes,no,no,0,0,yes,no,,0,,no,no,no
wpn_xm8_raise_plr,raw\sound\fly\gear\rattle\fly_cloth_01.LN65.pc.snd.wav,,loaded,bus_fx,grp_foley,snp_foley,,30,0,86,89,0,5000,5000,allon,default,allon,default,8,8,priority,oldest,-88,84,70,70,0.25,1,2d,default,nonlooping,volume,1,0,0,0,0,0.25,no,yes,none,0,,no,,,yes,no,no,0,0,yes,no,,0,,no,no,no
wpn_xm8_raise_plr,raw\sound\fly\gear\rattle\fly_cloth_02.LN65.pc.snd.wav,,loaded,bus_fx,grp_foley,snp_foley,,30,0,86,89,0,5000,5000,allon,default,allon,default,8,8,priority,oldest,-88,84,70,70,0.25,1,2d,default,nonlooping,volume,1,0,0,0,0,0.25,no,yes,none,0,,no,,,yes,no,no,0,0,yes,no,,0,,no,no,no
wpn_xm8_raise_plr,raw\sound\fly\gear\rattle\fly_cloth_03.LN65.pc.snd.wav,,loaded,bus_fx,grp_foley,snp_foley,,30,0,86,89,0,5000,5000,allon,default,allon,default,8,8,priority,oldest,-88,84,70,70,0.25,1,2d,default,nonlooping,volume,1,0,0,0,0,0.25,no,yes,none,0,,no,,,yes,no,no,0,0,yes,no,,0,,no,no,no
wpn_xm8_silencer_fire_npc,raw\sound\wpn\assault\m27\plr\shot\silenced\wpn_m27_sil_shot_plr.LN65.pc.snd.wav,wpn_xm8_silencer_LFE_npc,loaded,bus_fx,grp_weapon,snp_wpn_3p,,0,0,82,82,900,900,901,cosdelay,alloff,cosdelay,default,8,2,priority,oldest,-50,50,40,90,0.25,0.8,3d,default,nonlooping,volume,1,0,0,0,0,0.25,no,no,none,0,,no,,,yes,no,no,0,0,yes,no,,0,,no,no,no
wpn_xm8_silencer_fire_npc_decay,raw\sound\wpn\assault\decay\int\silenced\wpn_aslt_decay_silenced_int.LN65.pc.snd.wav,,loaded,bus_fx,grp_weapon,snp_wpn_3p,,55,0,67,67,50,900,900,allon,default,rcurve1,default,3,1,priority,oldest,-100,100,20,70,0.15,1,3d,default,nonlooping,volume,1,0,0,0,0,0.25,no,no,none,0,,no,ringoff_plr,indoor,yes,no,no,0,0,yes,no,,0,,no,no,no
wpn_xm8_silencer_fire_npc_decay,raw\sound\wpn\pistol\decay\ext\silenced\wpn_pistol_decay_silenced_ext.LN65.pc.snd.wav,,loaded,bus_fx,grp_weapon,snp_wpn_3p,,55,0,77,77,50,900,900,allon,default,rcurve1,default,3,1,priority,oldest,-100,100,20,70,0.15,1,3d,default,nonlooping,volume,1,0,0,0,0,0.25,no,no,none,0,,no,ringoff_plr,outdoor,yes,no,no,0,0,yes,no,,0,,no,no,no
wpn_xm8_silencer_fire_plr,raw\sound\wpn\assault\m27\plr\shot\silenced\wpn_m27_sil_shot_plr.LN65.pc.snd.wav,wpn_xm8_silencer_LFE,loaded,bus_fx,grp_weapon,snp_wpn_1p,,0,0,93,93,0,5000,5000,allon,default,allon,default,3,8,oldest,oldest,-50,50,90,90,0.25,1,2d,default,nonlooping,volume,1,0,0,0,0,0.25,no,no,none,0,,no,,,yes,no,no,0,0,yes,no,,0,,no,no,no
wpn_xm8_silencer_fire_plr_decay,raw\sound\wpn\assault\decay\int\silenced\wpn_aslt_decay_silenced_int.LN65.pc.snd.wav,,loaded,bus_fx,grp_weapon,snp_wpn_1p,,75,0,83,83,0,5000,5000,allon,default,allon,default,3,8,oldest,oldest,-50,50,90,90,0.25,1,2d,default,nonlooping,volume,1,0,0,0,0,0.25,no,no,none,0,,no,ringoff_plr,indoor,yes,no,no,0,0,yes,no,,0,,no,no,no
wpn_xm8_silencer_fire_plr_decay,raw\sound\wpn\pistol\decay\ext\silenced\wpn_pistol_decay_silenced_ext.LN65.pc.snd.wav,,loaded,bus_fx,grp_weapon,snp_wpn_1p,,70,0,83,83,0,5000,5000,allon,default,allon,default,3,8,oldest,oldest,-50,50,90,90,0.25,1,2d,default,nonlooping,volume,1,0,0,0,0,0.25,no,no,none,0,,no,ringoff_plr,outdoor,yes,no,no,0,0,yes,no,,0,,no,no,no
wpn_xm8_silencer_lfe,raw\sound\wpn\smg\mp7\plr\lfe\wpn_mp7_fire_lfe.LN65.pc.snd.wav,wpn_xm8_silencer_fire_plr_decay,loaded,bus_hdrfx,grp_wpn_lfe,snp_wpn_1p,,0,0,86,86,0,5000,5000,allon,default,allon,default,8,2,priority,oldest,0,0,85,90,0.25,1,2d,default,nonlooping,volume,1,0,0,0,0,0.25,no,no,none,0,,no,,,no,no,no,0,0,yes,no,,0,,no,no,no
wpn_xm8_silencer_LFE_npc,raw\sound\wpn\smg\mp7\plr\lfe\wpn_mp7_fire_lfe.LN65.pc.snd.wav,wpn_xm8_silencer_fire_npc_decay,loaded,bus_hdrfx,grp_wpn_lfe,snp_wpn_3p,,0,0,81,81,25,225,225,allon,default,allon,default,3,1,priority,oldest,0,0,40,90,0.25,0.75,3d,default,nonlooping,volume,1,0,0,0,0,0.25,no,no,none,0,,no,,,no,no,no,0,0,yes,no,,0,,no,no,no
fly_rpd_close,raw\sound\wpn\lmg\mk48\foley\fly_mk48_close.LN65.pc.snd.wav,,loaded,bus_fx,grp_foley,snp_foley,,30,0,86,89,0,5000,5000,allon,default,allon,default,8,8,priority,oldest,-88,84,70,70,0.25,1,2d,default,nonlooping,volume,1,0,0,0,0,0.25,no,yes,none,0,,no,,,yes,no,no,0,0,yes,no,,0,,no,no,no
fly_rpd_futz,raw\sound\wpn\lmg\mk48\foley\fly_mk48_futz.LN65.pc.snd.wav,,loaded,bus_fx,grp_foley,snp_foley,,30,0,86,89,0,5000,5000,allon,default,allon,default,8,8,priority,oldest,-88,84,70,70,0.25,1,2d,default,nonlooping,volume,1,0,0,0,0,0.25,no,yes,none,0,,no,,,yes,no,no,0,0,yes,no,,0,,no,no,no
fly_rpd_lift_belt,raw\sound\wpn\lmg\mk48\foley\fly_mk48_lift_belt.LN65.pc.snd.wav,,loaded,bus_fx,grp_foley,snp_foley,,30,0,86,89,0,5000,5000,allon,default,allon,default,8,8,priority,oldest,-88,84,70,70,0.25,1,2d,default,nonlooping,volume,1,0,0,0,0,0.25,no,yes,none,0,,no,,,yes,no,no,0,0,yes,no,,0,,no,no,no
fly_rpd_mag_in,raw\sound\wpn\lmg\mk48\foley\fly_mk48_mag_in.LN65.pc.snd.wav,,loaded,bus_fx,grp_foley,snp_foley,,30,0,86,89,0,5000,5000,allon,default,allon,default,8,8,priority,oldest,-88,84,70,70,0.25,1,2d,default,nonlooping,volume,1,0,0,0,0,0.25,no,yes,none,0,,no,,,yes,no,no,0,0,yes,no,,0,,no,no,no
fly_rpd_mag_out,raw\sound\wpn\lmg\mk48\foley\fly_mk48_mag_out.LN65.pc.snd.wav,,loaded,bus_fx,grp_foley,snp_foley,,30,0,86,89,0,5000,5000,allon,default,allon,default,8,8,priority,oldest,-88,84,70,70,0.25,1,2d,default,nonlooping,volume,1,0,0,0,0,0.25,no,yes,none,0,,no,,,yes,no,no,0,0,yes,no,,0,,no,no,no
fly_rpd_open,raw\sound\wpn\lmg\mk48\foley\fly_mk48_open.LN65.pc.snd.wav,,loaded,bus_fx,grp_foley,snp_foley,,30,0,86,89,0,5000,5000,allon,default,allon,default,8,8,priority,oldest,-88,84,70,70,0.25,1,2d,default,nonlooping,volume,1,0,0,0,0,0.25,no,yes,none,0,,no,,,yes,no,no,0,0,yes,no,,0,,no,no,no
fly_rpd_pull,raw\sound\wpn\lmg\mk48\foley\fly_mk48_pull.LN65.pc.snd.wav,,loaded,bus_fx,grp_foley,snp_foley,,30,0,86,89,0,5000,5000,allon,default,allon,default,8,8,priority,oldest,-88,84,70,70,0.25,1,2d,default,nonlooping,volume,1,0,0,0,0,0.25,no,yes,none,0,,no,,,yes,no,no,0,0,yes,no,,0,,no,no,no
fly_rpd_release,raw\sound\wpn\lmg\mk48\foley\fly_mk48_release.LN65.pc.snd.wav,,loaded,bus_fx,grp_foley,snp_foley,,30,0,86,89,0,5000,5000,allon,default,allon,default,8,8,priority,oldest,-88,84,70,70,0.25,1,2d,default,nonlooping,volume,1,0,0,0,0,0.25,no,yes,none,0,,no,,,yes,no,no,0,0,yes,no,,0,,no,no,no
fly_rpd_seat_belt,raw\sound\wpn\lmg\mk48\foley\fly_mk48_seat_belt.LN65.pc.snd.wav,,loaded,bus_fx,grp_foley,snp_foley,,30,0,86,89,0,5000,5000,allon,default,allon,default,8,8,priority,oldest,-88,84,70,70,0.25,1,2d,default,nonlooping,volume,1,0,0,0,0,0.25,no,yes,none,0,,no,,,yes,no,no,0,0,yes,no,,0,,no,no,no
fly_rpd_start,raw\sound\wpn\lmg\mk48\foley\fly_mk48_start.LN65.pc.snd.wav,,loaded,bus_fx,grp_foley,snp_foley,,30,0,86,89,0,5000,5000,allon,default,allon,default,8,8,priority,oldest,-88,84,70,70,0.25,1,2d,default,nonlooping,volume,1,0,0,0,0,0.25,no,yes,none,0,,no,,,yes,no,no,0,0,yes,no,,0,,no,no,no
fly_rpd_tap,raw\sound\wpn\assault\m14\reload\fly_m14_tap.LN65.pc.snd.wav,,loaded,bus_fx,grp_foley,snp_foley,,30,0,86,89,0,5000,5000,allon,default,allon,default,8,8,priority,oldest,-88,84,70,70,0.25,1,2d,default,nonlooping,volume,1,0,0,0,0,0.25,no,yes,none,0,,no,,,yes,no,no,0,0,yes,no,,0,,no,no,no
wpn_rpd_1straise_npc,raw\sound\fly\gear\rattle\fly_cloth_00.LN65.pc.snd.wav,,loaded,bus_fx,grp_foley,snp_foley,,30,0,75,75,75,500,500,allon,default,allon,default,4,8,priority,oldest,-90,90,15,30,0.25,1,3d,default,nonlooping,volume,1,0,25,250,75,0.25,no,yes,none,0,,no,,,yes,no,no,0,0,yes,no,,0,,no,no,no
wpn_rpd_1straise_npc,raw\sound\fly\gear\rattle\fly_cloth_01.LN65.pc.snd.wav,,loaded,bus_fx,grp_foley,snp_foley,,30,0,75,75,75,500,500,allon,default,allon,default,4,8,priority,oldest,-90,90,15,30,0.25,1,3d,default,nonlooping,volume,1,0,25,250,75,0.25,no,yes,none,0,,no,,,yes,no,no,0,0,yes,no,,0,,no,no,no
wpn_rpd_1straise_npc,raw\sound\fly\gear\rattle\fly_cloth_02.LN65.pc.snd.wav,,loaded,bus_fx,grp_foley,snp_foley,,30,0,75,75,75,500,500,allon,default,allon,default,4,8,priority,oldest,-90,90,15,30,0.25,1,3d,default,nonlooping,volume,1,0,25,250,75,0.25,no,yes,none,0,,no,,,yes,no,no,0,0,yes,no,,0,,no,no,no
wpn_rpd_1straise_npc,raw\sound\fly\gear\rattle\fly_cloth_03.LN65.pc.snd.wav,,loaded,bus_fx,grp_foley,snp_foley,,30,0,75,75,75,500,500,allon,default,allon,default,4,8,priority,oldest,-90,90,15,30,0.25,1,3d,default,nonlooping,volume,1,0,25,250,75,0.25,no,yes,none,0,,no,,,yes,no,no,0,0,yes,no,,0,,no,no,no
wpn_rpd_1straise_plr,raw\sound\fly\gear\rattle\fly_cloth_00.LN65.pc.snd.wav,,loaded,bus_fx,grp_foley,snp_foley,,30,0,86,89,0,5000,5000,allon,default,allon,default,8,8,priority,oldest,-88,84,70,70,0.25,1,2d,default,nonlooping,volume,1,0,0,0,0,0.25,no,yes,none,0,,no,,,yes,no,no,0,0,yes,no,,0,,no,no,no
wpn_rpd_1straise_plr,raw\sound\fly\gear\rattle\fly_cloth_01.LN65.pc.snd.wav,,loaded,bus_fx,grp_foley,snp_foley,,30,0,86,89,0,5000,5000,allon,default,allon,default,8,8,priority,oldest,-88,84,70,70,0.25,1,2d,default,nonlooping,volume,1,0,0,0,0,0.25,no,yes,none,0,,no,,,yes,no,no,0,0,yes,no,,0,,no,no,no
wpn_rpd_1straise_plr,raw\sound\fly\gear\rattle\fly_cloth_02.LN65.pc.snd.wav,,loaded,bus_fx,grp_foley,snp_foley,,30,0,86,89,0,5000,5000,allon,default,allon,default,8,8,priority,oldest,-88,84,70,70,0.25,1,2d,default,nonlooping,volume,1,0,0,0,0,0.25,no,yes,none,0,,no,,,yes,no,no,0,0,yes,no,,0,,no,no,no
wpn_rpd_1straise_plr,raw\sound\fly\gear\rattle\fly_cloth_03.LN65.pc.snd.wav,,loaded,bus_fx,grp_foley,snp_foley,,30,0,86,89,0,5000,5000,allon,default,allon,default,8,8,priority,oldest,-88,84,70,70,0.25,1,2d,default,nonlooping,volume,1,0,0,0,0,0.25,no,yes,none,0,,no,,,yes,no,no,0,0,yes,no,,0,,no,no,no
wpn_rpd_decay_npc,raw\sound\wpn\assault\decay\ext\wpn_assault_decay_ext.LN65.pc.snd.wav,,loaded,bus_fx,grp_weapon,snp_wpn_3p,,55,0,77,77,50,900,900,allon,default,rcurve1,default,3,1,priority,oldest,-100,100,20,70,0.15,1,3d,default,nonlooping,volume,1,0,0,0,0,0.25,no,no,none,0,,no,ringoff_plr,outdoor,yes,no,no,0,0,yes,no,,0,,no,no,no
wpn_rpd_decay_npc,raw\sound\wpn\assault\decay\int\wpn_assault_decay_int.LN65.pc.snd.wav,,loaded,bus_fx,grp_weapon,snp_wpn_3p,,55,0,67,67,50,900,900,allon,default,rcurve1,default,3,1,priority,oldest,-100,100,20,70,0.15,1,3d,default,nonlooping,volume,1,0,0,0,0,0.25,no,no,none,0,,no,ringoff_plr,indoor,yes,no,no,0,0,yes,no,,0,,no,no,no
wpn_rpd_dryfire_npc,raw\sound\wpn\lmg\dry_fire\npc\dry_fire_00.LN65.pc.snd.wav,,loaded,bus_fx,grp_weapon,snp_wpn_3p,,70,0,85,85,900,900,901,cosdelay,alloff,cosdelay,default,8,2,priority,oldest,-100,100,50,90,0.25,0.8,3d,default,nonlooping,volume pitch,1,0,0,0,0,0.25,no,no,none,0,,no,,,yes,no,no,0,0,yes,no,,0,,no,no,no
wpn_rpd_dryfire_plr,raw\sound\wpn\lmg\dry_fire\plr\dry_fire_00.LN65.pc.snd.wav,,loaded,bus_fx,grp_weapon,snp_wpn_1p,,70,0,93,93,0,5000,5000,allon,default,allon,default,2,8,oldest,oldest,0,0,90,90,0.25,1,2d,default,nonlooping,volume,1,0,0,0,0,0.25,no,no,none,0,,no,,,yes,no,no,0,0,yes,no,,0,,no,no,no
wpn_rpd_fire_npc,raw\sound\wpn\lmg\lsat\plr\shot\wpn_lsat_shot_plr.LN65.pc.snd.wav,wpn_rpd_LFE_npc,loaded,bus_fx,grp_weapon,snp_wpn_3p,,70,0,85,85,900,900,901,cosdelay,alloff,cosdelay,default,8,2,priority,oldest,-25,25,50,90,0.25,0.8,3d,default,nonlooping,volume pitch,1,0,0,0,0,0.25,no,no,none,0,,no,,,yes,no,no,0,0,yes,no,,0,,no,no,no
wpn_rpd_fire_npc_dist,raw\sound\wpn\dist_guns\lmg\wpn_lmg_dist_00.LN65.pc.snd.wav,wpn_rpd_decay_npc,loaded,bus_fx,grp_weapon,snp_wpn_3p,,80,0,85,85,900,6000,12500,sindelay,default,sindelay,allon,8,3,priority,oldest,-300,300,90,40,0.25,1,3d,default,nonlooping,,1,0,0,0,0,0.25,no,no,none,0,,no,,,yes,no,no,0,0,yes,no,,0,,no,no,no
wpn_rpd_fire_npc_dist,raw\sound\wpn\dist_guns\lmg\wpn_lmg_dist_01.LN65.pc.snd.wav,wpn_rpd_decay_npc,loaded,bus_fx,grp_weapon,snp_wpn_3p,,80,0,85,85,900,6000,12500,sindelay,default,sindelay,allon,8,3,priority,oldest,-300,300,90,40,0.25,1,3d,default,nonlooping,,1,0,0,0,0,0.25,no,no,none,0,,no,,,yes,no,no,0,0,yes,no,,0,,no,no,no
wpn_rpd_fire_npc_dist,raw\sound\wpn\dist_guns\lmg\wpn_lmg_dist_02.LN65.pc.snd.wav,wpn_rpd_decay_npc,loaded,bus_fx,grp_weapon,snp_wpn_3p,,80,0,85,85,900,6000,12500,sindelay,default,sindelay,allon,8,3,priority,oldest,-300,300,90,40,0.25,1,3d,default,nonlooping,,1,0,0,0,0,0.25,no,no,none,0,,no,,,yes,no,no,0,0,yes,no,,0,,no,no,no
wpn_rpd_fire_npc_pap,raw\sound\wpn\pap\pap_shot_st.LN65.pc.snd.wav,wpn_rpd_flux_l_npc_pap,loaded,bus_fx,grp_weapon,snp_wpn_3p,,80,0,82,82,75,1250,1250,allon,default,allon,default,10,3,priority,oldest,-100,100,50,90,0.35,1,3d,default,nonlooping,volume pitch,1,0,0,0,0,0.25,no,no,none,0,,no,,,yes,no,no,0,0,yes,no,,0,,no,no,no
wpn_rpd_fire_plr,raw\sound\wpn\lmg\lsat\plr\shot\wpn_lsat_shot_plr.LN65.pc.snd.wav,wpn_rpd_lfe,loaded,bus_fx,grp_weapon,snp_wpn_1p,,70,0,93,93,0,5000,5000,allon,default,allon,default,2,8,oldest,oldest,-25,25,90,90,0.25,1,2d,default,nonlooping,volume,1,0,0,0,0,0.25,no,no,none,0,,no,,,yes,no,no,0,0,yes,no,,0,,no,no,no
wpn_rpd_fire_plr_decay,raw\sound\wpn\assault\decay\ext\wpn_assault_decay_ext.LN65.pc.snd.wav,,loaded,bus_fx,grp_weapon,snp_wpn_1p,,55,0,67,67,0,5000,5000,allon,default,allon,default,3,8,oldest,oldest,-250,-200,90,90,0.25,1,2d,default,nonlooping,volume,1,75,0,0,0,0.25,no,no,none,0,,no,ringoff_plr,outdoor,yes,no,no,0,0,yes,no,,0,,no,no,no
wpn_rpd_fire_plr_decay,raw\sound\wpn\assault\decay\int\wpn_assault_decay_int.LN65.pc.snd.wav,,loaded,bus_fx,grp_weapon,snp_wpn_1p,,55,0,67,67,0,5000,5000,allon,default,allon,default,3,8,oldest,oldest,-250,-200,90,90,0.25,1,2d,default,nonlooping,volume,1,0,0,0,0,0.25,no,no,none,0,,no,ringoff_plr,indoor,yes,no,no,0,0,yes,no,,0,,no,no,no
wpn_rpd_fire_plr_pap,raw\sound\wpn\pap\pap_shot_st.LN65.pc.snd.wav,wpn_rpd_flux_l_plr_pap,loaded,bus_hdrfx,grp_weapon,snp_wpn_1p,,70,0,87,87,0,5000,5000,allon,default,allon,default,1,8,oldest,oldest,0,0,90,90,0.25,1,2d,default,nonlooping,volume,1,0,0,0,0,0.25,no,no,none,0,,no,,,yes,no,no,0,0,yes,no,,0,,no,no,no
wpn_rpd_flux_l_npc_pap,raw\sound\wpn\pap\pap_flux_left.LN65.pc.snd.wav,wpn_rpd_flux_r_npc_pap,loaded,bus_fx,grp_weapon,snp_wpn_3p,,84,0,75,75,25,900,900,allon,default,allon,default,8,4,priority,priority,-34,34,85,90,0.25,1,3d,default,nonlooping,volume pitch,1,0,0,0,0,0.25,no,no,left_shot,4000,,no,,,yes,no,no,0,0,yes,no,,0,,no,no,no
wpn_rpd_flux_l_plr_pap,raw\sound\wpn\pap\pap_flux_left.LN65.pc.snd.wav,wpn_rpd_flux_r_plr_pap,loaded,bus_fx,grp_weapon,snp_wpn_3p,,84,0,75,75,25,900,900,allon,default,allon,default,8,4,priority,priority,-34,34,85,90,0.25,1,3d,default,nonlooping,volume pitch,1,0,0,0,0,0.25,no,no,left_shot,4000,,no,,,yes,no,no,0,0,yes,no,,0,,no,no,no
wpn_rpd_flux_r_npc_pap,raw\sound\wpn\pap\pap_flux_right.LN65.pc.snd.wav,wpn_rpd_fire_npc,loaded,bus_fx,grp_weapon,snp_wpn_3p,,84,0,75,75,25,900,900,allon,default,allon,default,8,4,priority,priority,-34,34,85,90,0.25,1,3d,default,nonlooping,volume pitch,1,0,0,0,0,0.25,no,no,right_shot,4000,,no,,,yes,no,no,0,0,yes,no,,0,,no,no,no
wpn_rpd_flux_r_plr_pap,raw\sound\wpn\pap\pap_flux_right.LN65.pc.snd.wav,wpn_rpd_fire_plr,loaded,bus_fx,grp_weapon,snp_wpn_3p,,84,0,75,75,25,900,900,allon,default,allon,default,8,4,priority,priority,-34,34,85,90,0.25,1,3d,default,nonlooping,volume pitch,1,0,0,0,0,0.25,no,no,right_shot,4000,,no,,,yes,no,no,0,0,yes,no,,0,,no,no,no
wpn_rpd_lfe,raw\sound\wpn\smg\mp7\plr\lfe\wpn_mp7_fire_lfe.LN65.pc.snd.wav,wpn_rpd_fire_plr_decay,loaded,bus_hdrfx,grp_wpn_lfe,snp_wpn_1p,,0,0,86,86,0,5000,5000,allon,default,allon,default,8,2,priority,oldest,0,0,85,90,0.25,1,2d,default,nonlooping,volume,1,0,0,0,0,0.25,no,no,none,0,,no,,,no,no,no,0,0,yes,no,,0,,no,no,no
wpn_rpd_LFE_npc,raw\sound\wpn\smg\mp7\plr\lfe\wpn_mp7_fire_lfe.LN65.pc.snd.wav,wpn_rpd_fire_npc_dist,loaded,bus_hdrfx,grp_wpn_lfe,snp_wpn_3p,,0,0,80,80,125,550,550,allon,default,allon,default,3,1,priority,oldest,0,0,40,90,0.25,0.75,3d,default,nonlooping,volume,1,0,0,0,0,0.25,no,no,none,0,,no,,,no,no,no,0,0,yes,no,,0,,no,no,no
wpn_rpd_pickup_npc,raw\sound\fly\pickups\weapon\fly_weapon_pickup_00.LN65.pc.snd.wav,,loaded,bus_fx,grp_foley,snp_foley,,30,0,75,75,75,500,500,allon,default,allon,default,2,1,priority,reject,-50,50,15,30,0.25,1,3d,default,nonlooping,volume,1,0,25,250,75,0.25,no,yes,none,0,,no,,,yes,no,no,0,0,yes,no,,0,,no,no,no
wpn_rpd_pickup_npc,raw\sound\fly\pickups\weapon\fly_weapon_pickup_01.LN65.pc.snd.wav,,loaded,bus_fx,grp_foley,snp_foley,,30,0,75,75,75,500,500,allon,default,allon,default,2,1,priority,reject,-50,50,15,30,0.25,1,3d,default,nonlooping,volume,1,0,25,250,75,0.25,no,yes,none,0,,no,,,yes,no,no,0,0,yes,no,,0,,no,no,no
wpn_rpd_pickup_plr,raw\sound\fly\pickups\weapon\fly_weapon_pickup_00.LN65.pc.snd.wav,,loaded,bus_fx,grp_foley,snp_foley,,30,0,75,75,0,5000,5000,allon,default,allon,default,1,8,reject,oldest,-88,84,70,70,0.25,1,2d,default,nonlooping,volume,1,0,0,0,0,0.25,no,yes,none,0,,no,,,yes,no,no,0,0,yes,no,,0,,no,no,no
wpn_rpd_pickup_plr,raw\sound\fly\pickups\weapon\fly_weapon_pickup_01.LN65.pc.snd.wav,,loaded,bus_fx,grp_foley,snp_foley,,30,0,75,75,0,5000,5000,allon,default,allon,default,1,8,reject,oldest,-88,84,70,70,0.25,1,2d,default,nonlooping,volume,1,0,0,0,0,0.25,no,yes,none,0,,no,,,yes,no,no,0,0,yes,no,,0,,no,no,no
wpn_rpd_raise_npc,raw\sound\fly\gear\rattle\fly_cloth_00.LN65.pc.snd.wav,,loaded,bus_fx,grp_foley,snp_foley,,30,0,75,75,75,500,500,allon,default,allon,default,4,8,priority,oldest,-90,90,15,30,0.25,1,3d,default,nonlooping,volume,1,0,25,250,75,0.25,no,yes,none,0,,no,,,yes,no,no,0,0,yes,no,,0,,no,no,no
wpn_rpd_raise_npc,raw\sound\fly\gear\rattle\fly_cloth_01.LN65.pc.snd.wav,,loaded,bus_fx,grp_foley,snp_foley,,30,0,75,75,75,500,500,allon,default,allon,default,4,8,priority,oldest,-90,90,15,30,0.25,1,3d,default,nonlooping,volume,1,0,25,250,75,0.25,no,yes,none,0,,no,,,yes,no,no,0,0,yes,no,,0,,no,no,no
wpn_rpd_raise_npc,raw\sound\fly\gear\rattle\fly_cloth_02.LN65.pc.snd.wav,,loaded,bus_fx,grp_foley,snp_foley,,30,0,75,75,75,500,500,allon,default,allon,default,4,8,priority,oldest,-90,90,15,30,0.25,1,3d,default,nonlooping,volume,1,0,25,250,75,0.25,no,yes,none,0,,no,,,yes,no,no,0,0,yes,no,,0,,no,no,no
wpn_rpd_raise_npc,raw\sound\fly\gear\rattle\fly_cloth_03.LN65.pc.snd.wav,,loaded,bus_fx,grp_foley,snp_foley,,30,0,75,75,75,500,500,allon,default,allon,default,4,8,priority,oldest,-90,90,15,30,0.25,1,3d,default,nonlooping,volume,1,0,25,250,75,0.25,no,yes,none,0,,no,,,yes,no,no,0,0,yes,no,,0,,no,no,no
wpn_rpd_raise_plr,raw\sound\fly\gear\rattle\fly_cloth_00.LN65.pc.snd.wav,,loaded,bus_fx,grp_foley,snp_foley,,30,0,86,89,0,5000,5000,allon,default,allon,default,8,8,priority,oldest,-88,84,70,70,0.25,1,2d,default,nonlooping,volume,1,0,0,0,0,0.25,no,yes,none,0,,no,,,yes,no,no,0,0,yes,no,,0,,no,no,no
wpn_rpd_raise_plr,raw\sound\fly\gear\rattle\fly_cloth_01.LN65.pc.snd.wav,,loaded,bus_fx,grp_foley,snp_foley,,30,0,86,89,0,5000,5000,allon,default,allon,default,8,8,priority,oldest,-88,84,70,70,0.25,1,2d,default,nonlooping,volume,1,0,0,0,0,0.25,no,yes,none,0,,no,,,yes,no,no,0,0,yes,no,,0,,no,no,no
wpn_rpd_raise_plr,raw\sound\fly\gear\rattle\fly_cloth_02.LN65.pc.snd.wav,,loaded,bus_fx,grp_foley,snp_foley,,30,0,86,89,0,5000,5000,allon,default,allon,default,8,8,priority,oldest,-88,84,70,70,0.25,1,2d,default,nonlooping,volume,1,0,0,0,0,0.25,no,yes,none,0,,no,,,yes,no,no,0,0,yes,no,,0,,no,no,no
wpn_rpd_raise_plr,raw\sound\fly\gear\rattle\fly_cloth_03.LN65.pc.snd.wav,,loaded,bus_fx,grp_foley,snp_foley,,30,0,86,89,0,5000,5000,allon,default,allon,default,8,8,priority,oldest,-88,84,70,70,0.25,1,2d,default,nonlooping,volume,1,0,0,0,0,0.25,no,yes,none,0,,no,,,yes,no,no,0,0,yes,no,,0,,no,no,no
wpn_rpd_silencer_fire_npc,raw\sound\wpn\lmg\lsat\plr\shot\silenced\wpn_lsat_sil_shot_plr.LN65.pc.snd.wav,wpn_rpd_silencer_LFE_npc,loaded,bus_fx,grp_weapon,snp_wpn_3p,,0,0,85,85,900,900,901,cosdelay,alloff,cosdelay,default,8,2,priority,oldest,-50,50,40,90,0.25,0.8,3d,default,nonlooping,volume,1,0,0,0,0,0.25,no,no,none,0,,no,,,yes,no,no,0,0,yes,no,,0,,no,no,no
wpn_rpd_silencer_fire_npc_decay,raw\sound\wpn\assault\decay\int\silenced\wpn_aslt_decay_silenced_int.LN65.pc.snd.wav,,loaded,bus_fx,grp_weapon,snp_wpn_3p,,55,0,67,67,50,900,900,allon,default,rcurve1,default,3,1,priority,oldest,-100,100,20,70,0.15,1,3d,default,nonlooping,volume,1,0,0,0,0,0.25,no,no,none,0,,no,ringoff_plr,indoor,yes,no,no,0,0,yes,no,,0,,no,no,no
wpn_rpd_silencer_fire_npc_decay,raw\sound\wpn\pistol\decay\ext\silenced\wpn_pistol_decay_silenced_ext.LN65.pc.snd.wav,,loaded,bus_fx,grp_weapon,snp_wpn_3p,,55,0,77,77,50,900,900,allon,default,rcurve1,default,3,1,priority,oldest,-100,100,20,70,0.15,1,3d,default,nonlooping,volume,1,0,0,0,0,0.25,no,no,none,0,,no,ringoff_plr,outdoor,yes,no,no,0,0,yes,no,,0,,no,no,no
wpn_rpd_silencer_fire_plr,raw\sound\wpn\lmg\lsat\plr\shot\silenced\wpn_lsat_sil_shot_plr.LN65.pc.snd.wav,wpn_rpd_silencer_LFE,loaded,bus_fx,grp_weapon,snp_wpn_1p,,0,0,93,93,0,5000,5000,allon,default,allon,default,3,8,oldest,oldest,-50,50,90,90,0.25,1,2d,default,nonlooping,volume,1,0,0,0,0,0.25,no,no,none,0,,no,,,yes,no,no,0,0,yes,no,,0,,no,no,no
wpn_rpd_silencer_fire_plr_decay,raw\sound\wpn\assault\decay\int\silenced\wpn_aslt_decay_silenced_int.LN65.pc.snd.wav,,loaded,bus_fx,grp_weapon,snp_wpn_1p,,75,0,83,83,0,5000,5000,allon,default,allon,default,3,8,oldest,oldest,-50,50,90,90,0.25,1,2d,default,nonlooping,volume,1,0,0,0,0,0.25,no,no,none,0,,no,ringoff_plr,indoor,yes,no,no,0,0,yes,no,,0,,no,no,no
wpn_rpd_silencer_fire_plr_decay,raw\sound\wpn\pistol\decay\ext\silenced\wpn_pistol_decay_silenced_ext.LN65.pc.snd.wav,,loaded,bus_fx,grp_weapon,snp_wpn_1p,,70,0,83,83,0,5000,5000,allon,default,allon,default,3,8,oldest,oldest,-50,50,90,90,0.25,1,2d,default,nonlooping,volume,1,0,0,0,0,0.25,no,no,none,0,,no,ringoff_plr,outdoor,yes,no,no,0,0,yes,no,,0,,no,no,no
wpn_rpd_silencer_lfe,raw\sound\wpn\smg\mp7\plr\lfe\wpn_mp7_fire_lfe.LN65.pc.snd.wav,wpn_rpd_silencer_fire_plr_decay,loaded,bus_hdrfx,grp_wpn_lfe,snp_wpn_1p,,0,0,86,86,0,5000,5000,allon,default,allon,default,8,2,priority,oldest,0,0,85,90,0.25,1,2d,default,nonlooping,volume,1,0,0,0,0,0.25,no,no,none,0,,no,,,no,no,no,0,0,yes,no,,0,,no,no,no
wpn_rpd_silencer_LFE_npc,raw\sound\wpn\smg\mp7\plr\lfe\wpn_mp7_fire_lfe.LN65.pc.snd.wav,wpn_rpd_silencer_fire_npc_decay,loaded,bus_hdrfx,grp_wpn_lfe,snp_wpn_3p,,0,0,81,81,25,225,225,allon,default,allon,default,3,1,priority,oldest,0,0,40,90,0.25,0.75,3d,default,nonlooping,volume,1,0,0,0,0,0.25,no,no,none,0,,no,,,no,no,no,0,0,yes,no,,0,,no,no,no
fly_python_close,raw\sound\wpn\pistol\357\reload\fly_357_close.LN65.pc.snd.wav,,loaded,bus_fx,grp_foley,snp_foley,,30,0,86,89,0,5000,5000,allon,default,allon,default,8,8,priority,oldest,-88,84,70,70,0.25,1,2d,default,nonlooping,volume,1,0,0,0,0,0.25,no,yes,none,0,,no,,,yes,no,no,0,0,yes,no,,0,,no,no,no
fly_python_empty,raw\sound\wpn\pistol\357\reload\fly_357_empty.LN65.pc.snd.wav,,loaded,bus_fx,grp_foley,snp_foley,,30,0,86,89,0,5000,5000,allon,default,allon,default,8,8,priority,oldest,-88,84,70,70,0.25,1,2d,default,nonlooping,volume,1,0,0,0,0,0.25,no,yes,none,0,,no,,,yes,no,no,0,0,yes,no,,0,,no,no,no
fly_python_load,raw\sound\wpn\pistol\357\reload\fly_357_load.LN65.pc.snd.wav,,loaded,bus_fx,grp_foley,snp_foley,,30,0,86,89,0,5000,5000,allon,default,allon,default,8,8,priority,oldest,-88,84,70,70,0.25,1,2d,default,nonlooping,volume,1,0,0,0,0,0.25,no,yes,none,0,,no,,,yes,no,no,0,0,yes,no,,0,,no,no,no
fly_python_open,raw\sound\wpn\pistol\357\reload\fly_357_open.LN65.pc.snd.wav,,loaded,bus_fx,grp_foley,snp_foley,,30,0,86,89,0,5000,5000,allon,default,allon,default,8,8,priority,oldest,-88,84,70,70,0.25,1,2d,default,nonlooping,volume,1,0,0,0,0,0.25,no,yes,none,0,,no,,,yes,no,no,0,0,yes,no,,0,,no,no,no
fly_python_single,raw\sound\wpn\pistol\357\reload\single\fly_357_single_bullet_00.LN65.pc.snd.wav,,loaded,bus_fx,grp_foley,snp_foley,,30,0,86,89,0,5000,5000,allon,default,allon,default,8,8,priority,oldest,-88,84,70,70,0.25,1,2d,default,nonlooping,volume,1,0,0,0,0,0.25,no,yes,none,0,,no,,,yes,no,no,0,0,yes,no,,0,,no,no,no
fly_python_single,raw\sound\wpn\pistol\357\reload\single\fly_357_single_bullet_01.LN65.pc.snd.wav,,loaded,bus_fx,grp_foley,snp_foley,,30,0,86,89,0,5000,5000,allon,default,allon,default,8,8,priority,oldest,-88,84,70,70,0.25,1,2d,default,nonlooping,volume,1,0,0,0,0,0.25,no,yes,none,0,,no,,,yes,no,no,0,0,yes,no,,0,,no,no,no
fly_python_spin,raw\sound\wpn\pistol\357\reload\fly_357_spin.LN65.pc.snd.wav,,loaded,bus_fx,grp_foley,snp_foley,,30,0,86,89,0,5000,5000,allon,default,allon,default,8,8,priority,oldest,-88,84,70,70,0.25,1,2d,default,nonlooping,volume,1,0,0,0,0,0.25,no,yes,none,0,,no,,,yes,no,no,0,0,yes,no,,0,,no,no,no
wpn_python_1straise_npc,raw\sound\fly\gear\rattle\fly_cloth_00.LN65.pc.snd.wav,,loaded,bus_fx,grp_foley,snp_foley,,30,0,75,75,75,500,500,allon,default,allon,default,4,8,priority,oldest,-90,90,15,30,0.25,1,3d,default,nonlooping,volume,1,0,25,250,75,0.25,no,yes,none,0,,no,,,yes,no,no,0,0,yes,no,,0,,no,no,no
wpn_python_1straise_npc,raw\sound\fly\gear\rattle\fly_cloth_01.LN65.pc.snd.wav,,loaded,bus_fx,grp_foley,snp_foley,,30,0,75,75,75,500,500,allon,default,allon,default,4,8,priority,oldest,-90,90,15,30,0.25,1,3d,default,nonlooping,volume,1,0,25,250,75,0.25,no,yes,none,0,,no,,,yes,no,no,0,0,yes,no,,0,,no,no,no
wpn_python_1straise_npc,raw\sound\fly\gear\rattle\fly_cloth_02.LN65.pc.snd.wav,,loaded,bus_fx,grp_foley,snp_foley,,30,0,75,75,75,500,500,allon,default,allon,default,4,8,priority,oldest,-90,90,15,30,0.25,1,3d,default,nonlooping,volume,1,0,25,250,75,0.25,no,yes,none,0,,no,,,yes,no,no,0,0,yes,no,,0,,no,no,no
wpn_python_1straise_npc,raw\sound\fly\gear\rattle\fly_cloth_03.LN65.pc.snd.wav,,loaded,bus_fx,grp_foley,snp_foley,,30,0,75,75,75,500,500,allon,default,allon,default,4,8,priority,oldest,-90,90,15,30,0.25,1,3d,default,nonlooping,volume,1,0,25,250,75,0.25,no,yes,none,0,,no,,,yes,no,no,0,0,yes,no,,0,,no,no,no
wpn_python_1straise_plr,raw\sound\fly\gear\rattle\fly_cloth_00.LN65.pc.snd.wav,,loaded,bus_fx,grp_foley,snp_foley,,30,0,86,89,0,5000,5000,allon,default,allon,default,8,8,priority,oldest,-88,84,70,70,0.25,1,2d,default,nonlooping,volume,1,0,0,0,0,0.25,no,yes,none,0,,no,,,yes,no,no,0,0,yes,no,,0,,no,no,no
wpn_python_1straise_plr,raw\sound\fly\gear\rattle\fly_cloth_01.LN65.pc.snd.wav,,loaded,bus_fx,grp_foley,snp_foley,,30,0,86,89,0,5000,5000,allon,default,allon,default,8,8,priority,oldest,-88,84,70,70,0.25,1,2d,default,nonlooping,volume,1,0,0,0,0,0.25,no,yes,none,0,,no,,,yes,no,no,0,0,yes,no,,0,,no,no,no
wpn_python_1straise_plr,raw\sound\fly\gear\rattle\fly_cloth_02.LN65.pc.snd.wav,,loaded,bus_fx,grp_foley,snp_foley,,30,0,86,89,0,5000,5000,allon,default,allon,default,8,8,priority,oldest,-88,84,70,70,0.25,1,2d,default,nonlooping,volume,1,0,0,0,0,0.25,no,yes,none,0,,no,,,yes,no,no,0,0,yes,no,,0,,no,no,no
wpn_python_1straise_plr,raw\sound\fly\gear\rattle\fly_cloth_03.LN65.pc.snd.wav,,loaded,bus_fx,grp_foley,snp_foley,,30,0,86,89,0,5000,5000,allon,default,allon,default,8,8,priority,oldest,-88,84,70,70,0.25,1,2d,default,nonlooping,volume,1,0,0,0,0,0.25,no,yes,none,0,,no,,,yes,no,no,0,0,yes,no,,0,,no,no,no
wpn_python_dryfire_npc,raw\sound\wpn\pistol\dry_fire\npc\dry_fire_00.LN65.pc.snd.wav,,loaded,bus_fx,grp_weapon,snp_wpn_3p,,55,0,85,85,900,900,900,cosdelay,alloff,cosdelay,default,6,2,priority,oldest,-281,281,20,90,0.25,0.8,3d,default,nonlooping,volume,1,0,0,0,0,0.25,no,no,none,0,,no,,,yes,no,no,0,0,yes,no,,0,,no,no,no
wpn_python_dryfire_plr,raw\sound\wpn\pistol\dry_fire\plr\dry_fire_00.LN65.pc.snd.wav,,loaded,bus_fx,grp_weapon,snp_wpn_1p,,65,0,90,90,0,5000,5000,allon,default,allon,default,2,8,oldest,oldest,0,0,90,90,0.25,1,2d,default,nonlooping,volume,1,0,0,0,0,0.25,no,no,none,0,,no,,,yes,no,no,0,0,yes,no,,0,,no,no,no
wpn_python_fire_npc,raw\sound\wpn\pistol\357\shot\plr\wpn_357_fire_plr.LN65.pc.snd.wav,wpn_python_LFE_npc,loaded,bus_fx,grp_weapon,snp_wpn_3p,,55,0,85,85,900,900,900,cosdelay,alloff,cosdelay,default,6,2,priority,oldest,-281,281,20,90,0.25,0.8,3d,default,nonlooping,volume,1,0,0,0,0,0.3,no,no,none,0,,no,,,yes,no,no,0,0,yes,no,,0,,no,no,no
wpn_python_fire_npc_decay,raw\sound\wpn\pistol\decay\ext\wpn_pistol_decay_ext.LN65.pc.snd.wav,,loaded,bus_fx,grp_weapon,snp_wpn_3p,,55,0,75,75,50,900,900,allon,default,rcurve1,default,10,1,reject,oldest,-100,100,20,70,0.15,1,3d,default,nonlooping,volume,1,0,0,0,0,0.25,no,no,none,0,,no,ringoff_plr,outdoor,yes,no,no,0,0,yes,no,,0,,no,no,no
wpn_python_fire_npc_decay,raw\sound\wpn\pistol\decay\int\wpn_pistol_decay_int.LN65.pc.snd.wav,,loaded,bus_fx,grp_weapon,snp_wpn_3p,,55,0,75,75,50,900,900,allon,default,rcurve1,default,10,1,reject,oldest,-100,100,20,70,0.15,1,3d,default,nonlooping,volume,1,0,0,0,0,0.25,no,no,none,0,,no,ringoff_plr,indoor,yes,no,no,0,0,yes,no,,0,,no,no,no
wpn_python_fire_npc_dist,raw\sound\wpn\dist_guns\pis\wpn_pistol_dist_00.LN65.pc.snd.wav,wpn_python_fire_npc_decay,loaded,bus_fx,grp_weapon,snp_wpn_3p,,80,0,81,81,900,6000,12500,sindelay,default,sindelay,allon,6,2,priority,oldest,-300,300,90,40,0.25,1,3d,default,nonlooping,,1,0,0,0,0,0.25,no,no,none,0,,no,,,yes,no,no,0,0,yes,no,,0,,no,no,no
wpn_python_fire_npc_dist,raw\sound\wpn\dist_guns\pis\wpn_pistol_dist_01.LN65.pc.snd.wav,wpn_python_fire_npc_decay,loaded,bus_fx,grp_weapon,snp_wpn_3p,,80,0,81,81,900,6000,12500,sindelay,default,sindelay,allon,6,2,priority,oldest,-300,300,90,40,0.25,1,3d,default,nonlooping,,1,0,0,0,0,0.25,no,no,none,0,,no,,,yes,no,no,0,0,yes,no,,0,,no,no,no
wpn_python_fire_npc_dist,raw\sound\wpn\dist_guns\pis\wpn_pistol_dist_02.LN65.pc.snd.wav,wpn_python_fire_npc_decay,loaded,bus_fx,grp_weapon,snp_wpn_3p,,80,0,81,81,900,6000,12500,sindelay,default,sindelay,allon,6,2,priority,oldest,-300,300,90,40,0.25,1,3d,default,nonlooping,,1,0,0,0,0,0.25,no,no,none,0,,no,,,yes,no,no,0,0,yes,no,,0,,no,no,no
wpn_python_fire_npc_pap,raw\sound\wpn\pap\pap_shot_st.LN65.pc.snd.wav,wpn_python_flux_l_npc_pap,loaded,bus_fx,grp_weapon,snp_wpn_3p,,80,0,82,82,75,1250,1250,allon,default,allon,default,10,3,priority,oldest,-100,100,50,90,0.35,1,3d,default,nonlooping,volume pitch,1,0,0,0,0,0.25,no,no,none,0,,no,,,yes,no,no,0,0,yes,no,,0,,no,no,no
wpn_python_fire_plr,raw\sound\wpn\pistol\357\shot\plr\wpn_357_fire_plr.LN65.pc.snd.wav,wpn_python_LFE,loaded,bus_fx,grp_weapon,snp_wpn_1p,,65,0,90,90,0,5000,5000,allon,default,allon,default,2,8,oldest,oldest,0,0,90,90,0.25,1,2d,default,nonlooping,volume,1,0,0,0,0,0.25,no,no,none,0,,no,,,yes,no,no,0,0,yes,no,,0,,no,no,no
wpn_python_fire_plr_decay,raw\sound\wpn\pistol\decay\ext\wpn_pistol_decay_ext.LN65.pc.snd.wav,,loaded,bus_fx,grp_weapon,snp_wpn_1p,,65,0,80,80,0,5000,5000,allon,default,allon,default,3,8,oldest,oldest,-50,50,90,90,0.25,1,2d,default,nonlooping,volume,1,0,0,0,0,0.25,no,no,none,0,,no,ringoff_plr,outdoor,yes,no,no,0,0,yes,no,,0,,no,no,no
wpn_python_fire_plr_decay,raw\sound\wpn\pistol\decay\int\wpn_pistol_decay_int.LN65.pc.snd.wav,,loaded,bus_fx,grp_weapon,snp_wpn_1p,,65,0,80,80,0,5000,5000,allon,default,allon,default,3,8,oldest,oldest,-50,50,90,90,0.25,1,2d,default,nonlooping,volume,1,0,0,0,0,0.25,no,no,none,0,,no,ringoff_plr,indoor,yes,no,no,0,0,yes,no,,0,,no,no,no
wpn_python_fire_plr_pap,raw\sound\wpn\pap\pap_shot_st.LN65.pc.snd.wav,wpn_python_flux_l_plr_pap,loaded,bus_hdrfx,grp_weapon,snp_wpn_1p,,70,0,87,87,0,5000,5000,allon,default,allon,default,1,8,oldest,oldest,0,0,90,90,0.25,1,2d,default,nonlooping,volume,1,0,0,0,0,0.25,no,no,none,0,,no,,,yes,no,no,0,0,yes,no,,0,,no,no,no
wpn_python_flux_l_npc_pap,raw\sound\wpn\pap\pap_flux_left.LN65.pc.snd.wav,wpn_python_flux_r_npc_pap,loaded,bus_fx,grp_weapon,snp_wpn_3p,,84,0,75,75,25,900,900,allon,default,allon,default,8,4,priority,priority,-34,34,85,90,0.25,1,3d,default,nonlooping,volume pitch,1,0,0,0,0,0.25,no,no,left_shot,4000,,no,,,yes,no,no,0,0,yes,no,,0,,no,no,no
wpn_python_flux_l_plr_pap,raw\sound\wpn\pap\pap_flux_left.LN65.pc.snd.wav,wpn_python_flux_r_plr_pap,loaded,bus_fx,grp_weapon,snp_wpn_3p,,84,0,75,75,25,900,900,allon,default,allon,default,8,4,priority,priority,-34,34,85,90,0.25,1,3d,default,nonlooping,volume pitch,1,0,0,0,0,0.25,no,no,left_shot,4000,,no,,,yes,no,no,0,0,yes,no,,0,,no,no,no
wpn_python_flux_r_npc_pap,raw\sound\wpn\pap\pap_flux_right.LN65.pc.snd.wav,wpn_python_fire_npc,loaded,bus_fx,grp_weapon,snp_wpn_3p,,84,0,75,75,25,900,900,allon,default,allon,default,8,4,priority,priority,-34,34,85,90,0.25,1,3d,default,nonlooping,volume pitch,1,0,0,0,0,0.25,no,no,right_shot,4000,,no,,,yes,no,no,0,0,yes,no,,0,,no,no,no
wpn_python_flux_r_plr_pap,raw\sound\wpn\pap\pap_flux_right.LN65.pc.snd.wav,wpn_python_fire_plr,loaded,bus_fx,grp_weapon,snp_wpn_3p,,84,0,75,75,25,900,900,allon,default,allon,default,8,4,priority,priority,-34,34,85,90,0.25,1,3d,default,nonlooping,volume pitch,1,0,0,0,0,0.25,no,no,right_shot,4000,,no,,,yes,no,no,0,0,yes,no,,0,,no,no,no
wpn_python_LFE,raw\sound\wpn\pistol\357\lfe\wpn_357_fire_lfe.LN65.pc.snd.wav,wpn_python_fire_decay,loaded,bus_hdrfx,grp_wpn_lfe,snp_wpn_1p,,0,0,86,86,0,5000,5000,allon,default,allon,default,2,2,priority,oldest,0,0,85,90,0.25,1,2d,default,nonlooping,volume,1,0,0,0,0,0.25,no,no,none,0,,no,,,no,no,no,0,0,yes,no,,0,,no,no,no
wpn_python_LFE_npc,raw\sound\wpn\pistol\357\lfe\wpn_357_fire_lfe.LN65.pc.snd.wav,wpn_python_fire_npc_dist,loaded,bus_hdrfx,grp_wpn_lfe,snp_wpn_3p,,0,0,81,81,25,225,225,allon,default,allon,default,2,1,priority,oldest,0,0,40,90,0.25,0.75,3d,default,nonlooping,volume,1,0,0,0,0,0.25,no,no,none,0,,no,,,no,no,no,0,0,yes,no,,0,,no,no,no
wpn_python_pickup_npc,raw\sound\fly\pickups\weapon\fly_weapon_pickup_00.LN65.pc.snd.wav,,loaded,bus_fx,grp_foley,snp_foley,,30,0,75,75,75,500,500,allon,default,allon,default,2,1,priority,reject,-50,50,15,30,0.25,1,3d,default,nonlooping,volume,1,0,25,250,75,0.25,no,yes,none,0,,no,,,yes,no,no,0,0,yes,no,,0,,no,no,no
wpn_python_pickup_npc,raw\sound\fly\pickups\weapon\fly_weapon_pickup_01.LN65.pc.snd.wav,,loaded,bus_fx,grp_foley,snp_foley,,30,0,75,75,75,500,500,allon,default,allon,default,2,1,priority,reject,-50,50,15,30,0.25,1,3d,default,nonlooping,volume,1,0,25,250,75,0.25,no,yes,none,0,,no,,,yes,no,no,0,0,yes,no,,0,,no,no,no
wpn_python_pickup_plr,raw\sound\fly\pickups\weapon\fly_weapon_pickup_00.LN65.pc.snd.wav,,loaded,bus_fx,grp_foley,snp_foley,,30,0,75,75,0,5000,5000,allon,default,allon,default,1,8,reject,oldest,-88,84,70,70,0.25,1,2d,default,nonlooping,volume,1,0,0,0,0,0.25,no,yes,none,0,,no,,,yes,no,no,0,0,yes,no,,0,,no,no,no
wpn_python_pickup_plr,raw\sound\fly\pickups\weapon\fly_weapon_pickup_01.LN65.pc.snd.wav,,loaded,bus_fx,grp_foley,snp_foley,,30,0,75,75,0,5000,5000,allon,default,allon,default,1,8,reject,oldest,-88,84,70,70,0.25,1,2d,default,nonlooping,volume,1,0,0,0,0,0.25,no,yes,none,0,,no,,,yes,no,no,0,0,yes,no,,0,,no,no,no
wpn_python_raise_npc,raw\sound\fly\gear\rattle\fly_cloth_00.LN65.pc.snd.wav,,loaded,bus_fx,grp_foley,snp_foley,,30,0,75,75,75,500,500,allon,default,allon,default,4,8,priority,oldest,-90,90,15,30,0.25,1,3d,default,nonlooping,volume,1,0,25,250,75,0.25,no,yes,none,0,,no,,,yes,no,no,0,0,yes,no,,0,,no,no,no
wpn_python_raise_npc,raw\sound\fly\gear\rattle\fly_cloth_01.LN65.pc.snd.wav,,loaded,bus_fx,grp_foley,snp_foley,,30,0,75,75,75,500,500,allon,default,allon,default,4,8,priority,oldest,-90,90,15,30,0.25,1,3d,default,nonlooping,volume,1,0,25,250,75,0.25,no,yes,none,0,,no,,,yes,no,no,0,0,yes,no,,0,,no,no,no
wpn_python_raise_npc,raw\sound\fly\gear\rattle\fly_cloth_02.LN65.pc.snd.wav,,loaded,bus_fx,grp_foley,snp_foley,,30,0,75,75,75,500,500,allon,default,allon,default,4,8,priority,oldest,-90,90,15,30,0.25,1,3d,default,nonlooping,volume,1,0,25,250,75,0.25,no,yes,none,0,,no,,,yes,no,no,0,0,yes,no,,0,,no,no,no
wpn_python_raise_npc,raw\sound\fly\gear\rattle\fly_cloth_03.LN65.pc.snd.wav,,loaded,bus_fx,grp_foley,snp_foley,,30,0,75,75,75,500,500,allon,default,allon,default,4,8,priority,oldest,-90,90,15,30,0.25,1,3d,default,nonlooping,volume,1,0,25,250,75,0.25,no,yes,none,0,,no,,,yes,no,no,0,0,yes,no,,0,,no,no,no
fly_saritch_bolt_back,raw\sound\wpn\assault\reload\fly_assault_bb.LN65.pc.snd.wav,,loaded,bus_fx,grp_foley,snp_foley,,30,0,86,89,0,5000,5000,allon,default,allon,default,8,8,priority,oldest,-88,84,70,70,0.25,1,2d,default,nonlooping,volume,1,0,0,0,0,0.25,no,yes,none,0,,no,,,yes,no,no,0,0,yes,no,,0,,no,no,no
fly_saritch_bolt_release,raw\sound\wpn\assault\reload\fly_assault_bf.LN65.pc.snd.wav,,loaded,bus_fx,grp_foley,snp_foley,,30,0,86,89,0,5000,5000,allon,default,allon,default,8,8,priority,oldest,-88,84,70,70,0.25,1,2d,default,nonlooping,volume,1,0,0,0,0,0.25,no,yes,none,0,,no,,,yes,no,no,0,0,yes,no,,0,,no,no,no
fly_saritch_button,raw\sound\wpn\assault\m16\reload\fly_m16_button.LN65.pc.snd.wav,,loaded,bus_fx,grp_foley,snp_foley,,30,0,86,89,0,5000,5000,allon,default,allon,default,8,8,priority,oldest,-88,84,70,70,0.25,1,2d,default,nonlooping,volume,1,0,0,0,0,0.25,no,yes,none,0,,no,,,yes,no,no,0,0,yes,no,,0,,no,no,no
fly_saritch_charge,raw\sound\wpn\assault\reload\fly_assault_charge.LN65.pc.snd.wav,,loaded,bus_fx,grp_foley,snp_foley,,30,0,86,89,0,5000,5000,allon,default,allon,default,8,8,priority,oldest,-88,84,70,70,0.25,1,2d,default,nonlooping,volume,1,0,0,0,0,0.25,no,yes,none,0,,no,,,yes,no,no,0,0,yes,no,,0,,no,no,no
fly_saritch_mag_in,raw\sound\wpn\assault\reload\fly_assault_mag_in.LN65.pc.snd.wav,,loaded,bus_fx,grp_foley,snp_foley,,30,0,86,89,0,5000,5000,allon,default,allon,default,8,8,priority,oldest,-88,84,70,70,0.25,1,2d,default,nonlooping,volume,1,0,0,0,0,0.25,no,yes,none,0,,no,,,yes,no,no,0,0,yes,no,,0,,no,no,no
fly_saritch_mag_out,raw\sound\wpn\assault\reload\fly_assault_mag_out.LN65.pc.snd.wav,,loaded,bus_fx,grp_foley,snp_foley,,30,0,86,89,0,5000,5000,allon,default,allon,default,8,8,priority,oldest,-88,84,70,70,0.25,1,2d,default,nonlooping,volume,1,0,0,0,0,0.25,no,yes,none,0,,no,,,yes,no,no,0,0,yes,no,,0,,no,no,no
wpn_saritch_1straise_npc,raw\sound\fly\gear\rattle\fly_cloth_00.LN65.pc.snd.wav,,loaded,bus_fx,grp_foley,snp_foley,,30,0,75,75,75,500,500,allon,default,allon,default,4,8,priority,oldest,-90,90,15,30,0.25,1,3d,default,nonlooping,volume,1,0,25,250,75,0.25,no,yes,none,0,,no,,,yes,no,no,0,0,yes,no,,0,,no,no,no
wpn_saritch_1straise_npc,raw\sound\fly\gear\rattle\fly_cloth_01.LN65.pc.snd.wav,,loaded,bus_fx,grp_foley,snp_foley,,30,0,75,75,75,500,500,allon,default,allon,default,4,8,priority,oldest,-90,90,15,30,0.25,1,3d,default,nonlooping,volume,1,0,25,250,75,0.25,no,yes,none,0,,no,,,yes,no,no,0,0,yes,no,,0,,no,no,no
wpn_saritch_1straise_npc,raw\sound\fly\gear\rattle\fly_cloth_02.LN65.pc.snd.wav,,loaded,bus_fx,grp_foley,snp_foley,,30,0,75,75,75,500,500,allon,default,allon,default,4,8,priority,oldest,-90,90,15,30,0.25,1,3d,default,nonlooping,volume,1,0,25,250,75,0.25,no,yes,none,0,,no,,,yes,no,no,0,0,yes,no,,0,,no,no,no
wpn_saritch_1straise_npc,raw\sound\fly\gear\rattle\fly_cloth_03.LN65.pc.snd.wav,,loaded,bus_fx,grp_foley,snp_foley,,30,0,75,75,75,500,500,allon,default,allon,default,4,8,priority,oldest,-90,90,15,30,0.25,1,3d,default,nonlooping,volume,1,0,25,250,75,0.25,no,yes,none,0,,no,,,yes,no,no,0,0,yes,no,,0,,no,no,no
wpn_saritch_1straise_plr,raw\sound\fly\gear\rattle\long\fly_cloth_00.LN65.pc.snd.wav,,loaded,bus_fx,grp_foley,snp_foley,,30,0,86,89,0,5000,5000,allon,default,allon,default,8,8,priority,oldest,-88,84,70,70,0.25,1,2d,default,nonlooping,volume,1,0,0,0,0,0.25,no,yes,none,0,,no,,,yes,no,no,0,0,yes,no,,0,,no,no,no
wpn_saritch_dryfire_npc,raw\sound\wpn\assault\dry_fire\npc\dry_fire_00.LN65.pc.snd.wav,,loaded,bus_fx,grp_weapon,snp_wpn_3p,,55,0,82,82,900,900,901,cosdelay,alloff,cosdelay,default,8,2,priority,oldest,-125,125,40,90,0.25,0.8,3d,default,nonlooping,volume,1,0,0,0,0,0.25,no,no,none,0,,no,,,yes,no,no,0,0,yes,no,,0,,no,no,no
wpn_saritch_dryfire_plr,raw\sound\wpn\assault\dry_fire\plr\dry_fire_00.LN65.pc.snd.wav,,loaded,bus_fx,grp_weapon,snp_wpn_1p,,65,0,93,93,0,5000,5000,allon,default,allon,default,3,8,oldest,oldest,0,0,90,90,0.25,1,2d,default,nonlooping,volume,1,0,0,0,0,0.25,no,no,none,0,,no,,,yes,no,no,0,0,yes,no,,0,,no,no,no
wpn_saritch_fire_npc,raw\sound\wpn\assault\saritch\plr\shot\wpn_saritch_shot_plr.LN65.pc.snd.wav,wpn_saritch_LFE_npc,loaded,bus_fx,grp_weapon,snp_wpn_3p,,55,0,82,82,900,900,901,cosdelay,alloff,cosdelay,default,8,2,priority,oldest,-25,25,40,90,0.25,0.8,3d,default,nonlooping,volume,1,0,0,0,0,0.25,no,no,none,0,,no,,,yes,no,no,0,0,yes,no,,0,,no,no,no
wpn_saritch_fire_npc_decay,raw\sound\wpn\assault\decay\ext\wpn_assault_decay_ext.LN65.pc.snd.wav,,loaded,bus_fx,grp_weapon,snp_wpn_3p,,55,0,77,77,50,900,900,allon,default,rcurve1,default,3,1,priority,oldest,-100,100,20,70,0.15,1,3d,default,nonlooping,volume,1,0,0,0,0,0.25,no,no,none,0,,no,ringoff_plr,outdoor,yes,no,no,0,0,yes,no,,0,,no,no,no
wpn_saritch_fire_npc_decay,raw\sound\wpn\assault\decay\int\wpn_assault_decay_int.LN65.pc.snd.wav,,loaded,bus_fx,grp_weapon,snp_wpn_3p,,55,0,67,67,50,900,900,allon,default,rcurve1,default,3,1,priority,oldest,-100,100,20,70,0.15,1,3d,default,nonlooping,volume,1,0,0,0,0,0.25,no,no,none,0,,no,ringoff_plr,indoor,yes,no,no,0,0,yes,no,,0,,no,no,no
wpn_saritch_fire_npc_dist,raw\sound\wpn\dist_guns\ass\wpn_assault_dist_00.LN65.pc.snd.wav,wpn_saritch_fire_npc_decay,loaded,bus_fx,grp_weapon,snp_wpn_3p,,80,0,81,81,900,6000,12500,sindelay,default,sindelay,allon,8,3,priority,oldest,-300,300,90,40,0,1,3d,default,nonlooping,,1,0,0,0,0,0.25,no,no,none,0,,no,,,yes,no,no,0,0,yes,no,,0,,no,no,no
wpn_saritch_fire_npc_dist,raw\sound\wpn\dist_guns\ass\wpn_assault_dist_01.LN65.pc.snd.wav,wpn_saritch_fire_npc_decay,loaded,bus_fx,grp_weapon,snp_wpn_3p,,80,0,81,81,900,6000,12500,sindelay,default,sindelay,allon,8,3,priority,oldest,-300,300,90,40,0,1,3d,default,nonlooping,,1,0,0,0,0,0.25,no,no,none,0,,no,,,yes,no,no,0,0,yes,no,,0,,no,no,no
wpn_saritch_fire_npc_dist,raw\sound\wpn\dist_guns\ass\wpn_assault_dist_02.LN65.pc.snd.wav,wpn_saritch_fire_npc_decay,loaded,bus_fx,grp_weapon,snp_wpn_3p,,80,0,81,81,900,6000,12500,sindelay,default,sindelay,allon,8,3,priority,oldest,-300,300,90,40,0,1,3d,default,nonlooping,,1,0,0,0,0,0.25,no,no,none,0,,no,,,yes,no,no,0,0,yes,no,,0,,no,no,no
wpn_saritch_fire_npc_dist,raw\sound\wpn\dist_guns\ass\wpn_assault_dist_03.LN65.pc.snd.wav,wpn_saritch_fire_npc_decay,loaded,bus_fx,grp_weapon,snp_wpn_3p,,80,0,81,81,900,6000,12500,sindelay,default,sindelay,allon,8,3,priority,oldest,-300,300,90,40,0,1,3d,default,nonlooping,,1,0,0,0,0,0.25,no,no,none,0,,no,,,yes,no,no,0,0,yes,no,,0,,no,no,no
wpn_saritch_fire_npc_pap,raw\sound\wpn\pap\pap_shot_st.LN65.pc.snd.wav,wpn_saritch_flux_l_npc_pap,loaded,bus_fx,grp_weapon,snp_wpn_3p,,80,0,82,82,75,1250,1250,allon,default,allon,default,10,3,priority,oldest,-100,100,50,90,0.35,1,3d,default,nonlooping,volume pitch,1,0,0,0,0,0.25,no,no,none,0,,no,,,yes,no,no,0,0,yes,no,,0,,no,no,no
wpn_saritch_fire_plr,raw\sound\wpn\assault\saritch\plr\shot\wpn_saritch_shot_plr.LN65.pc.snd.wav,wpn_saritch_lfe,loaded,bus_fx,grp_weapon,snp_wpn_1p,,65,0,93,93,0,5000,5000,allon,default,allon,default,3,8,oldest,oldest,-50,50,90,90,0.25,1,2d,default,nonlooping,volume,1,0,0,0,0,0.25,no,no,none,0,,no,,,yes,no,no,0,0,yes,no,,0,,no,no,no
wpn_saritch_fire_plr_decay,raw\sound\wpn\assault\decay\ext\wpn_assault_decay_ext.LN65.pc.snd.wav,,loaded,bus_fx,grp_weapon,snp_wpn_1p,,60,0,83,83,0,5000,5000,allon,default,allon,default,3,8,oldest,oldest,-25,25,90,90,0.25,1,2d,default,nonlooping,volume,1,0,0,0,0,0.25,no,no,none,0,,no,ringoff_plr,outdoor,yes,no,no,0,0,yes,no,,0,,no,no,no
wpn_saritch_fire_plr_decay,raw\sound\wpn\assault\decay\int\wpn_assault_decay_int.LN65.pc.snd.wav,,loaded,bus_fx,grp_weapon,snp_wpn_1p,,60,0,83,83,0,5000,5000,allon,default,allon,default,3,8,oldest,oldest,-25,25,90,90,0.25,1,2d,default,nonlooping,volume,1,0,0,0,0,0.25,no,no,none,0,,no,ringoff_plr,indoor,yes,no,no,0,0,yes,no,,0,,no,no,no
wpn_saritch_fire_plr_pap,raw\sound\wpn\pap\pap_shot_st.LN65.pc.snd.wav,wpn_saritch_flux_l_plr_pap,loaded,bus_hdrfx,grp_weapon,snp_wpn_1p,,70,0,87,87,0,5000,5000,allon,default,allon,default,1,8,oldest,oldest,0,0,90,90,0.25,1,2d,default,nonlooping,volume,1,0,0,0,0,0.25,no,no,none,0,,no,,,yes,no,no,0,0,yes,no,,0,,no,no,no
wpn_saritch_flux_l_npc_pap,raw\sound\wpn\pap\pap_flux_left.LN65.pc.snd.wav,wpn_saritch_flux_r_npc_pap,loaded,bus_fx,grp_weapon,snp_wpn_3p,,84,0,75,75,25,900,900,allon,default,allon,default,8,4,priority,priority,-34,34,85,90,0.25,1,3d,default,nonlooping,volume pitch,1,0,0,0,0,0.25,no,no,left_shot,4000,,no,,,yes,no,no,0,0,yes,no,,0,,no,no,no
wpn_saritch_flux_l_plr_pap,raw\sound\wpn\pap\pap_flux_left.LN65.pc.snd.wav,wpn_saritch_flux_r_plr_pap,loaded,bus_fx,grp_weapon,snp_wpn_3p,,84,0,75,75,25,900,900,allon,default,allon,default,8,4,priority,priority,-34,34,85,90,0.25,1,3d,default,nonlooping,volume pitch,1,0,0,0,0,0.25,no,no,left_shot,4000,,no,,,yes,no,no,0,0,yes,no,,0,,no,no,no
wpn_saritch_flux_r_npc_pap,raw\sound\wpn\pap\pap_flux_right.LN65.pc.snd.wav,wpn_saritch_fire_npc,loaded,bus_fx,grp_weapon,snp_wpn_3p,,84,0,75,75,25,900,900,allon,default,allon,default,8,4,priority,priority,-34,34,85,90,0.25,1,3d,default,nonlooping,volume pitch,1,0,0,0,0,0.25,no,no,right_shot,4000,,no,,,yes,no,no,0,0,yes,no,,0,,no,no,no
wpn_saritch_flux_r_plr_pap,raw\sound\wpn\pap\pap_flux_right.LN65.pc.snd.wav,wpn_saritch_fire_plr,loaded,bus_fx,grp_weapon,snp_wpn_3p,,84,0,75,75,25,900,900,allon,default,allon,default,8,4,priority,priority,-34,34,85,90,0.25,1,3d,default,nonlooping,volume pitch,1,0,0,0,0,0.25,no,no,right_shot,4000,,no,,,yes,no,no,0,0,yes,no,,0,,no,no,no
wpn_saritch_lfe,raw\sound\wpn\smg\mp7\plr\lfe\wpn_mp7_fire_lfe.LN65.pc.snd.wav,wpn_saritch_fire_plr_decay,loaded,bus_hdrfx,grp_wpn_lfe,snp_wpn_1p,,0,0,86,86,0,5000,5000,allon,default,allon,default,8,2,priority,oldest,0,0,85,90,0.25,1,2d,default,nonlooping,volume,1,0,0,0,0,0.25,no,no,none,0,,no,,,no,no,no,0,0,yes,no,,0,,no,no,no
wpn_saritch_LFE_npc,raw\sound\wpn\smg\mp7\plr\lfe\wpn_mp7_fire_lfe.LN65.pc.snd.wav,wpn_saritch_fire_npc_dist,loaded,bus_hdrfx,grp_wpn_lfe,snp_wpn_3p,,0,0,81,81,25,225,225,allon,default,allon,default,3,1,priority,oldest,0,0,40,90,0.25,0.75,3d,default,nonlooping,volume,1,0,0,0,0,0.25,no,no,none,0,,no,,,no,no,no,0,0,yes,no,,0,,no,no,no
wpn_saritch_pickup_npc,raw\sound\fly\pickups\weapon\fly_weapon_pickup_00.LN65.pc.snd.wav,,loaded,bus_fx,grp_foley,snp_foley,,30,0,75,75,75,500,500,allon,default,allon,default,2,1,priority,reject,-50,50,15,30,0.25,1,3d,default,nonlooping,volume,1,0,25,250,75,0.25,no,yes,none,0,,no,,,yes,no,no,0,0,yes,no,,0,,no,no,no
wpn_saritch_pickup_npc,raw\sound\fly\pickups\weapon\fly_weapon_pickup_01.LN65.pc.snd.wav,,loaded,bus_fx,grp_foley,snp_foley,,30,0,75,75,75,500,500,allon,default,allon,default,2,1,priority,reject,-50,50,15,30,0.25,1,3d,default,nonlooping,volume,1,0,25,250,75,0.25,no,yes,none,0,,no,,,yes,no,no,0,0,yes,no,,0,,no,no,no
wpn_saritch_pickup_plr,raw\sound\fly\pickups\weapon\fly_weapon_pickup_00.LN65.pc.snd.wav,,loaded,bus_fx,grp_foley,snp_foley,,30,0,75,75,0,5000,5000,allon,default,allon,default,1,8,reject,oldest,-88,84,70,70,0.25,1,2d,default,nonlooping,volume,1,0,0,0,0,0.25,no,yes,none,0,,no,,,yes,no,no,0,0,yes,no,,0,,no,no,no
wpn_saritch_pickup_plr,raw\sound\fly\pickups\weapon\fly_weapon_pickup_01.LN65.pc.snd.wav,,loaded,bus_fx,grp_foley,snp_foley,,30,0,75,75,0,5000,5000,allon,default,allon,default,1,8,reject,oldest,-88,84,70,70,0.25,1,2d,default,nonlooping,volume,1,0,0,0,0,0.25,no,yes,none,0,,no,,,yes,no,no,0,0,yes,no,,0,,no,no,no
wpn_saritch_silencer_fire_npc,raw\sound\wpn\assault\m27\plr\shot\silenced\wpn_m27_sil_shot_plr.LN65.pc.snd.wav,wpn_saritch_silencer_LFE_npc,loaded,bus_fx,grp_weapon,snp_wpn_3p,,0,0,82,82,900,900,901,cosdelay,alloff,cosdelay,default,8,2,priority,oldest,-50,50,40,90,0.25,0.8,3d,default,nonlooping,volume,1,0,0,0,0,0.25,no,no,none,0,,no,,,yes,no,no,0,0,yes,no,,0,,no,no,no
wpn_saritch_silencer_fire_npc_decay,raw\sound\wpn\assault\decay\int\silenced\wpn_aslt_decay_silenced_int.LN65.pc.snd.wav,,loaded,bus_fx,grp_weapon,snp_wpn_3p,,55,0,67,67,50,900,900,allon,default,rcurve1,default,3,1,priority,oldest,-100,100,20,70,0.15,1,3d,default,nonlooping,volume,1,0,0,0,0,0.25,no,no,none,0,,no,ringoff_plr,indoor,yes,no,no,0,0,yes,no,,0,,no,no,no
wpn_saritch_silencer_fire_npc_decay,raw\sound\wpn\pistol\decay\ext\silenced\wpn_pistol_decay_silenced_ext.LN65.pc.snd.wav,,loaded,bus_fx,grp_weapon,snp_wpn_3p,,55,0,77,77,50,900,900,allon,default,rcurve1,default,3,1,priority,oldest,-100,100,20,70,0.15,1,3d,default,nonlooping,volume,1,0,0,0,0,0.25,no,no,none,0,,no,ringoff_plr,outdoor,yes,no,no,0,0,yes,no,,0,,no,no,no
wpn_saritch_silencer_fire_plr,raw\sound\wpn\assault\m27\plr\shot\silenced\wpn_m27_sil_shot_plr.LN65.pc.snd.wav,wpn_saritch_silencer_LFE,loaded,bus_fx,grp_weapon,snp_wpn_1p,,0,0,93,93,0,5000,5000,allon,default,allon,default,3,8,oldest,oldest,-50,50,90,90,0.25,1,2d,default,nonlooping,volume,1,0,0,0,0,0.25,no,no,none,0,,no,,,yes,no,no,0,0,yes,no,,0,,no,no,no
wpn_saritch_silencer_fire_plr_decay,raw\sound\wpn\assault\decay\int\silenced\wpn_aslt_decay_silenced_int.LN65.pc.snd.wav,,loaded,bus_fx,grp_weapon,snp_wpn_1p,,75,0,83,83,0,5000,5000,allon,default,allon,default,3,8,oldest,oldest,-50,50,90,90,0.25,1,2d,default,nonlooping,volume,1,0,0,0,0,0.25,no,no,none,0,,no,ringoff_plr,indoor,yes,no,no,0,0,yes,no,,0,,no,no,no
wpn_saritch_silencer_fire_plr_decay,raw\sound\wpn\pistol\decay\ext\silenced\wpn_pistol_decay_silenced_ext.LN65.pc.snd.wav,,loaded,bus_fx,grp_weapon,snp_wpn_1p,,70,0,83,83,0,5000,5000,allon,default,allon,default,3,8,oldest,oldest,-50,50,90,90,0.25,1,2d,default,nonlooping,volume,1,0,0,0,0,0.25,no,no,none,0,,no,ringoff_plr,outdoor,yes,no,no,0,0,yes,no,,0,,no,no,no
wpn_saritch_silencer_lfe,raw\sound\wpn\smg\mp7\plr\lfe\wpn_mp7_fire_lfe.LN65.pc.snd.wav,wpn_saritch_silencer_fire_plr_decay,loaded,bus_hdrfx,grp_wpn_lfe,snp_wpn_1p,,0,0,86,86,0,5000,5000,allon,default,allon,default,8,2,priority,oldest,0,0,85,90,0.25,1,2d,default,nonlooping,volume,1,0,0,0,0,0.25,no,no,none,0,,no,,,no,no,no,0,0,yes,no,,0,,no,no,no
wpn_saritch_silencer_LFE_npc,raw\sound\wpn\smg\mp7\plr\lfe\wpn_mp7_fire_lfe.LN65.pc.snd.wav,wpn_saritch_silencer_fire_npc_decay,loaded,bus_hdrfx,grp_wpn_lfe,snp_wpn_3p,,0,0,81,81,25,225,225,allon,default,allon,default,3,1,priority,oldest,0,0,40,90,0.25,0.75,3d,default,nonlooping,volume,1,0,0,0,0,0.25,no,no,none,0,,no,,,no,no,no,0,0,yes,no,,0,,no,no,no
fly_m16_bolt_back,raw\sound\wpn\assault\reload\fly_assault_bb.LN65.pc.snd.wav,,loaded,bus_fx,grp_foley,snp_foley,,30,0,86,89,0,5000,5000,allon,default,allon,default,8,8,priority,oldest,-88,84,70,70,0.25,1,2d,default,nonlooping,volume,1,0,0,0,0,0.25,no,yes,none,0,,no,,,yes,no,no,0,0,yes,no,,0,,no,no,no
fly_m16_bolt_release,raw\sound\wpn\assault\reload\fly_assault_bf.LN65.pc.snd.wav,,loaded,bus_fx,grp_foley,snp_foley,,30,0,86,89,0,5000,5000,allon,default,allon,default,8,8,priority,oldest,-88,84,70,70,0.25,1,2d,default,nonlooping,volume,1,0,0,0,0,0.25,no,yes,none,0,,no,,,yes,no,no,0,0,yes,no,,0,,no,no,no
fly_m16_button,raw\sound\wpn\assault\m16\reload\fly_m16_button.LN65.pc.snd.wav,,loaded,bus_fx,grp_foley,snp_foley,,30,0,86,89,0,5000,5000,allon,default,allon,default,8,8,priority,oldest,-88,84,70,70,0.25,1,2d,default,nonlooping,volume,1,0,0,0,0,0.25,no,yes,none,0,,no,,,yes,no,no,0,0,yes,no,,0,,no,no,no
fly_m16_charge,raw\sound\wpn\assault\reload\fly_assault_charge.LN65.pc.snd.wav,,loaded,bus_fx,grp_foley,snp_foley,,30,0,86,89,0,5000,5000,allon,default,allon,default,8,8,priority,oldest,-88,84,70,70,0.25,1,2d,default,nonlooping,volume,1,0,0,0,0,0.25,no,yes,none,0,,no,,,yes,no,no,0,0,yes,no,,0,,no,no,no
fly_m16_mag_in,raw\sound\wpn\assault\reload\fly_assault_mag_in.LN65.pc.snd.wav,,loaded,bus_fx,grp_foley,snp_foley,,30,0,86,89,0,5000,5000,allon,default,allon,default,8,8,priority,oldest,-88,84,70,70,0.25,1,2d,default,nonlooping,volume,1,0,0,0,0,0.25,no,yes,none,0,,no,,,yes,no,no,0,0,yes,no,,0,,no,no,no
fly_m16_mag_out,raw\sound\wpn\assault\reload\fly_assault_mag_out.LN65.pc.snd.wav,,loaded,bus_fx,grp_foley,snp_foley,,30,0,86,89,0,5000,5000,allon,default,allon,default,8,8,priority,oldest,-88,84,70,70,0.25,1,2d,default,nonlooping,volume,1,0,0,0,0,0.25,no,yes,none,0,,no,,,yes,no,no,0,0,yes,no,,0,,no,no,no
wpn_m16_1straise_npc,raw\sound\fly\gear\rattle\fly_cloth_00.LN65.pc.snd.wav,,loaded,bus_fx,grp_foley,snp_foley,,30,0,75,75,75,500,500,allon,default,allon,default,4,8,priority,oldest,-90,90,15,30,0.25,1,3d,default,nonlooping,volume,1,0,25,250,75,0.25,no,yes,none,0,,no,,,yes,no,no,0,0,yes,no,,0,,no,no,no
wpn_m16_1straise_npc,raw\sound\fly\gear\rattle\fly_cloth_01.LN65.pc.snd.wav,,loaded,bus_fx,grp_foley,snp_foley,,30,0,75,75,75,500,500,allon,default,allon,default,4,8,priority,oldest,-90,90,15,30,0.25,1,3d,default,nonlooping,volume,1,0,25,250,75,0.25,no,yes,none,0,,no,,,yes,no,no,0,0,yes,no,,0,,no,no,no
wpn_m16_1straise_npc,raw\sound\fly\gear\rattle\fly_cloth_02.LN65.pc.snd.wav,,loaded,bus_fx,grp_foley,snp_foley,,30,0,75,75,75,500,500,allon,default,allon,default,4,8,priority,oldest,-90,90,15,30,0.25,1,3d,default,nonlooping,volume,1,0,25,250,75,0.25,no,yes,none,0,,no,,,yes,no,no,0,0,yes,no,,0,,no,no,no
wpn_m16_1straise_npc,raw\sound\fly\gear\rattle\fly_cloth_03.LN65.pc.snd.wav,,loaded,bus_fx,grp_foley,snp_foley,,30,0,75,75,75,500,500,allon,default,allon,default,4,8,priority,oldest,-90,90,15,30,0.25,1,3d,default,nonlooping,volume,1,0,25,250,75,0.25,no,yes,none,0,,no,,,yes,no,no,0,0,yes,no,,0,,no,no,no
wpn_m16_1straise_plr,raw\sound\fly\gear\rattle\long\fly_cloth_00.LN65.pc.snd.wav,,loaded,bus_fx,grp_foley,snp_foley,,30,0,86,89,0,5000,5000,allon,default,allon,default,8,8,priority,oldest,-88,84,70,70,0.25,1,2d,default,nonlooping,volume,1,0,0,0,0,0.25,no,yes,none,0,,no,,,yes,no,no,0,0,yes,no,,0,,no,no,no
wpn_m16_dryfire_npc,raw\sound\wpn\assault\dry_fire\npc\dry_fire_00.LN65.pc.snd.wav,,loaded,bus_fx,grp_weapon,snp_wpn_3p,,55,0,82,82,900,900,901,cosdelay,alloff,cosdelay,default,8,2,priority,oldest,-125,125,40,90,0.25,0.8,3d,default,nonlooping,volume,1,0,0,0,0,0.25,no,no,none,0,,no,,,yes,no,no,0,0,yes,no,,0,,no,no,no
wpn_m16_dryfire_plr,raw\sound\wpn\assault\dry_fire\plr\dry_fire_00.LN65.pc.snd.wav,,loaded,bus_fx,grp_weapon,snp_wpn_1p,,65,0,93,93,0,5000,5000,allon,default,allon,default,3,8,oldest,oldest,0,0,90,90,0.25,1,2d,default,nonlooping,volume,1,0,0,0,0,0.25,no,no,none,0,,no,,,yes,no,no,0,0,yes,no,,0,,no,no,no
wpn_m16_fire_npc,raw\sound\wpn\assault\m27\plr\shot\wpn_m27_shot_plr.LN65.pc.snd.wav,wpn_m16_LFE_npc,loaded,bus_fx,grp_weapon,snp_wpn_3p,,55,0,82,82,900,900,901,cosdelay,alloff,cosdelay,default,8,2,priority,oldest,-25,25,40,90,0.25,0.8,3d,default,nonlooping,volume,1,0,0,0,0,0.25,no,no,none,0,,no,,,yes,no,no,0,0,yes,no,,0,,no,no,no
wpn_m16_fire_npc_decay,raw\sound\wpn\assault\decay\ext\wpn_assault_decay_ext.LN65.pc.snd.wav,,loaded,bus_fx,grp_weapon,snp_wpn_3p,,55,0,77,77,50,900,900,allon,default,rcurve1,default,3,1,priority,oldest,-100,100,20,70,0.15,1,3d,default,nonlooping,volume,1,0,0,0,0,0.25,no,no,none,0,,no,ringoff_plr,outdoor,yes,no,no,0,0,yes,no,,0,,no,no,no
wpn_m16_fire_npc_decay,raw\sound\wpn\assault\decay\int\wpn_assault_decay_int.LN65.pc.snd.wav,,loaded,bus_fx,grp_weapon,snp_wpn_3p,,55,0,67,67,50,900,900,allon,default,rcurve1,default,3,1,priority,oldest,-100,100,20,70,0.15,1,3d,default,nonlooping,volume,1,0,0,0,0,0.25,no,no,none,0,,no,ringoff_plr,indoor,yes,no,no,0,0,yes,no,,0,,no,no,no
wpn_m16_fire_npc_dist,raw\sound\wpn\dist_guns\ass\wpn_assault_dist_00.LN65.pc.snd.wav,wpn_m16_fire_npc_decay,loaded,bus_fx,grp_weapon,snp_wpn_3p,,80,0,81,81,900,6000,12500,sindelay,default,sindelay,allon,8,3,priority,oldest,-300,300,90,40,0,1,3d,default,nonlooping,,1,0,0,0,0,0.25,no,no,none,0,,no,,,yes,no,no,0,0,yes,no,,0,,no,no,no
wpn_m16_fire_npc_dist,raw\sound\wpn\dist_guns\ass\wpn_assault_dist_01.LN65.pc.snd.wav,wpn_m16_fire_npc_decay,loaded,bus_fx,grp_weapon,snp_wpn_3p,,80,0,81,81,900,6000,12500,sindelay,default,sindelay,allon,8,3,priority,oldest,-300,300,90,40,0,1,3d,default,nonlooping,,1,0,0,0,0,0.25,no,no,none,0,,no,,,yes,no,no,0,0,yes,no,,0,,no,no,no
wpn_m16_fire_npc_dist,raw\sound\wpn\dist_guns\ass\wpn_assault_dist_02.LN65.pc.snd.wav,wpn_m16_fire_npc_decay,loaded,bus_fx,grp_weapon,snp_wpn_3p,,80,0,81,81,900,6000,12500,sindelay,default,sindelay,allon,8,3,priority,oldest,-300,300,90,40,0,1,3d,default,nonlooping,,1,0,0,0,0,0.25,no,no,none,0,,no,,,yes,no,no,0,0,yes,no,,0,,no,no,no
wpn_m16_fire_npc_dist,raw\sound\wpn\dist_guns\ass\wpn_assault_dist_03.LN65.pc.snd.wav,wpn_m16_fire_npc_decay,loaded,bus_fx,grp_weapon,snp_wpn_3p,,80,0,81,81,900,6000,12500,sindelay,default,sindelay,allon,8,3,priority,oldest,-300,300,90,40,0,1,3d,default,nonlooping,,1,0,0,0,0,0.25,no,no,none,0,,no,,,yes,no,no,0,0,yes,no,,0,,no,no,no
wpn_m16_fire_npc_pap,raw\sound\wpn\pap\pap_shot_st.LN65.pc.snd.wav,wpn_m16_flux_l_npc_pap,loaded,bus_fx,grp_weapon,snp_wpn_3p,,80,0,82,82,75,1250,1250,allon,default,allon,default,10,3,priority,oldest,-100,100,50,90,0.35,1,3d,default,nonlooping,volume pitch,1,0,0,0,0,0.25,no,no,none,0,,no,,,yes,no,no,0,0,yes,no,,0,,no,no,no
wpn_m16_fire_plr,raw\sound\wpn\assault\m27\plr\shot\wpn_m27_shot_plr.LN65.pc.snd.wav,wpn_m16_lfe,loaded,bus_fx,grp_weapon,snp_wpn_1p,,65,0,93,93,0,5000,5000,allon,default,allon,default,3,8,oldest,oldest,-25,25,90,90,0.25,1,2d,default,nonlooping,volume,1,0,0,0,0,0.25,no,no,none,0,,no,,,yes,no,no,0,0,yes,no,,0,,no,no,no
wpn_m16_fire_plr_decay,raw\sound\wpn\assault\decay\ext\wpn_assault_decay_ext.LN65.pc.snd.wav,,loaded,bus_fx,grp_weapon,snp_wpn_1p,,60,0,83,83,0,5000,5000,allon,default,allon,default,3,8,oldest,oldest,-25,25,90,90,0.25,1,2d,default,nonlooping,volume,1,0,0,0,0,0.25,no,no,none,0,,no,ringoff_plr,outdoor,yes,no,no,0,0,yes,no,,0,,no,no,no
wpn_m16_fire_plr_decay,raw\sound\wpn\assault\decay\int\wpn_assault_decay_int.LN65.pc.snd.wav,,loaded,bus_fx,grp_weapon,snp_wpn_1p,,60,0,83,83,0,5000,5000,allon,default,allon,default,3,8,oldest,oldest,-25,25,90,90,0.25,1,2d,default,nonlooping,volume,1,0,0,0,0,0.25,no,no,none,0,,no,ringoff_plr,indoor,yes,no,no,0,0,yes,no,,0,,no,no,no
wpn_m16_fire_plr_pap,raw\sound\wpn\pap\pap_shot_st.LN65.pc.snd.wav,wpn_m16_flux_l_plr_pap,loaded,bus_hdrfx,grp_weapon,snp_wpn_1p,,70,0,87,87,0,5000,5000,allon,default,allon,default,1,8,oldest,oldest,0,0,90,90,0.25,1,2d,default,nonlooping,volume,1,0,0,0,0,0.25,no,no,none,0,,no,,,yes,no,no,0,0,yes,no,,0,,no,no,no
wpn_m16_flux_l_npc_pap,raw\sound\wpn\pap\pap_flux_left.LN65.pc.snd.wav,wpn_m16_flux_r_npc_pap,loaded,bus_fx,grp_weapon,snp_wpn_3p,,84,0,75,75,25,900,900,allon,default,allon,default,8,4,priority,priority,-34,34,85,90,0.25,1,3d,default,nonlooping,volume pitch,1,0,0,0,0,0.25,no,no,left_shot,4000,,no,,,yes,no,no,0,0,yes,no,,0,,no,no,no
wpn_m16_flux_l_plr_pap,raw\sound\wpn\pap\pap_flux_left.LN65.pc.snd.wav,wpn_m16_flux_r_plr_pap,loaded,bus_fx,grp_weapon,snp_wpn_3p,,84,0,75,75,25,900,900,allon,default,allon,default,8,4,priority,priority,-34,34,85,90,0.25,1,3d,default,nonlooping,volume pitch,1,0,0,0,0,0.25,no,no,left_shot,4000,,no,,,yes,no,no,0,0,yes,no,,0,,no,no,no
wpn_m16_flux_r_npc_pap,raw\sound\wpn\pap\pap_flux_right.LN65.pc.snd.wav,wpn_m16_fire_npc,loaded,bus_fx,grp_weapon,snp_wpn_3p,,84,0,75,75,25,900,900,allon,default,allon,default,8,4,priority,priority,-34,34,85,90,0.25,1,3d,default,nonlooping,volume pitch,1,0,0,0,0,0.25,no,no,right_shot,4000,,no,,,yes,no,no,0,0,yes,no,,0,,no,no,no
wpn_m16_flux_r_plr_pap,raw\sound\wpn\pap\pap_flux_right.LN65.pc.snd.wav,wpn_m16_fire_plr,loaded,bus_fx,grp_weapon,snp_wpn_3p,,84,0,75,75,25,900,900,allon,default,allon,default,8,4,priority,priority,-34,34,85,90,0.25,1,3d,default,nonlooping,volume pitch,1,0,0,0,0,0.25,no,no,right_shot,4000,,no,,,yes,no,no,0,0,yes,no,,0,,no,no,no
wpn_m16_lfe,raw\sound\wpn\smg\mp7\plr\lfe\wpn_mp7_fire_lfe.LN65.pc.snd.wav,wpn_m16_fire_plr_decay,loaded,bus_hdrfx,grp_wpn_lfe,snp_wpn_1p,,0,0,86,86,0,5000,5000,allon,default,allon,default,8,2,priority,oldest,0,0,85,90,0.25,1,2d,default,nonlooping,volume,1,0,0,0,0,0.25,no,no,none,0,,no,,,no,no,no,0,0,yes,no,,0,,no,no,no
wpn_m16_LFE_npc,raw\sound\wpn\smg\mp7\plr\lfe\wpn_mp7_fire_lfe.LN65.pc.snd.wav,wpn_m16_fire_npc_dist,loaded,bus_hdrfx,grp_wpn_lfe,snp_wpn_3p,,0,0,81,81,25,225,225,allon,default,allon,default,3,1,priority,oldest,0,0,40,90,0.25,0.75,3d,default,nonlooping,volume,1,0,0,0,0,0.25,no,no,none,0,,no,,,no,no,no,0,0,yes,no,,0,,no,no,no
wpn_m16_pickup_npc,raw\sound\fly\pickups\weapon\fly_weapon_pickup_00.LN65.pc.snd.wav,,loaded,bus_fx,grp_foley,snp_foley,,30,0,75,75,75,500,500,allon,default,allon,default,2,1,priority,reject,-50,50,15,30,0.25,1,3d,default,nonlooping,volume,1,0,25,250,75,0.25,no,yes,none,0,,no,,,yes,no,no,0,0,yes,no,,0,,no,no,no
wpn_m16_pickup_npc,raw\sound\fly\pickups\weapon\fly_weapon_pickup_01.LN65.pc.snd.wav,,loaded,bus_fx,grp_foley,snp_foley,,30,0,75,75,75,500,500,allon,default,allon,default,2,1,priority,reject,-50,50,15,30,0.25,1,3d,default,nonlooping,volume,1,0,25,250,75,0.25,no,yes,none,0,,no,,,yes,no,no,0,0,yes,no,,0,,no,no,no
wpn_m16_pickup_plr,raw\sound\fly\pickups\weapon\fly_weapon_pickup_00.LN65.pc.snd.wav,,loaded,bus_fx,grp_foley,snp_foley,,30,0,75,75,0,5000,5000,allon,default,allon,default,1,8,reject,oldest,-88,84,70,70,0.25,1,2d,default,nonlooping,volume,1,0,0,0,0,0.25,no,yes,none,0,,no,,,yes,no,no,0,0,yes,no,,0,,no,no,no
wpn_m16_pickup_plr,raw\sound\fly\pickups\weapon\fly_weapon_pickup_01.LN65.pc.snd.wav,,loaded,bus_fx,grp_foley,snp_foley,,30,0,75,75,0,5000,5000,allon,default,allon,default,1,8,reject,oldest,-88,84,70,70,0.25,1,2d,default,nonlooping,volume,1,0,0,0,0,0.25,no,yes,none,0,,no,,,yes,no,no,0,0,yes,no,,0,,no,no,no
wpn_m16_silencer_fire_npc,raw\sound\wpn\assault\m27\plr\shot\silenced\wpn_m27_sil_shot_plr.LN65.pc.snd.wav,wpn_m16_silencer_LFE_npc,loaded,bus_fx,grp_weapon,snp_wpn_3p,,0,0,82,82,900,900,901,cosdelay,alloff,cosdelay,default,8,2,priority,oldest,-50,50,40,90,0.25,0.8,3d,default,nonlooping,volume,1,0,0,0,0,0.25,no,no,none,0,,no,,,yes,no,no,0,0,yes,no,,0,,no,no,no
wpn_m16_silencer_fire_npc_decay,raw\sound\wpn\assault\decay\int\silenced\wpn_aslt_decay_silenced_int.LN65.pc.snd.wav,,loaded,bus_fx,grp_weapon,snp_wpn_3p,,55,0,67,67,50,900,900,allon,default,rcurve1,default,3,1,priority,oldest,-100,100,20,70,0.15,1,3d,default,nonlooping,volume,1,0,0,0,0,0.25,no,no,none,0,,no,ringoff_plr,indoor,yes,no,no,0,0,yes,no,,0,,no,no,no
wpn_m16_silencer_fire_npc_decay,raw\sound\wpn\pistol\decay\ext\silenced\wpn_pistol_decay_silenced_ext.LN65.pc.snd.wav,,loaded,bus_fx,grp_weapon,snp_wpn_3p,,55,0,77,77,50,900,900,allon,default,rcurve1,default,3,1,priority,oldest,-100,100,20,70,0.15,1,3d,default,nonlooping,volume,1,0,0,0,0,0.25,no,no,none,0,,no,ringoff_plr,outdoor,yes,no,no,0,0,yes,no,,0,,no,no,no
wpn_m16_silencer_fire_plr,raw\sound\wpn\assault\m27\plr\shot\silenced\wpn_m27_sil_shot_plr.LN65.pc.snd.wav,wpn_m16_silencer_LFE,loaded,bus_fx,grp_weapon,snp_wpn_1p,,0,0,93,93,0,5000,5000,allon,default,allon,default,3,8,oldest,oldest,-50,50,90,90,0.25,1,2d,default,nonlooping,volume,1,0,0,0,0,0.25,no,no,none,0,,no,,,yes,no,no,0,0,yes,no,,0,,no,no,no
wpn_m16_silencer_fire_plr_decay,raw\sound\wpn\assault\decay\int\silenced\wpn_aslt_decay_silenced_int.LN65.pc.snd.wav,,loaded,bus_fx,grp_weapon,snp_wpn_1p,,75,0,83,83,0,5000,5000,allon,default,allon,default,3,8,oldest,oldest,-50,50,90,90,0.25,1,2d,default,nonlooping,volume,1,0,0,0,0,0.25,no,no,none,0,,no,ringoff_plr,indoor,yes,no,no,0,0,yes,no,,0,,no,no,no
wpn_m16_silencer_fire_plr_decay,raw\sound\wpn\pistol\decay\ext\silenced\wpn_pistol_decay_silenced_ext.LN65.pc.snd.wav,,loaded,bus_fx,grp_weapon,snp_wpn_1p,,70,0,83,83,0,5000,5000,allon,default,allon,default,3,8,oldest,oldest,-50,50,90,90,0.25,1,2d,default,nonlooping,volume,1,0,0,0,0,0.25,no,no,none,0,,no,ringoff_plr,outdoor,yes,no,no,0,0,yes,no,,0,,no,no,no
wpn_m16_silencer_lfe,raw\sound\wpn\smg\mp7\plr\lfe\wpn_mp7_fire_lfe.LN65.pc.snd.wav,wpn_m16_silencer_fire_plr_decay,loaded,bus_hdrfx,grp_wpn_lfe,snp_wpn_1p,,0,0,86,86,0,5000,5000,allon,default,allon,default,8,2,priority,oldest,0,0,85,90,0.25,1,2d,default,nonlooping,volume,1,0,0,0,0,0.25,no,no,none,0,,no,,,no,no,no,0,0,yes,no,,0,,no,no,no
wpn_m16_silencer_LFE_npc,raw\sound\wpn\smg\mp7\plr\lfe\wpn_mp7_fire_lfe.LN65.pc.snd.wav,wpn_m16_silencer_fire_npc_decay,loaded,bus_hdrfx,grp_wpn_lfe,snp_wpn_3p,,0,0,81,81,25,225,225,allon,default,allon,default,3,1,priority,oldest,0,0,40,90,0.25,0.75,3d,default,nonlooping,volume,1,0,0,0,0,0.25,no,no,none,0,,no,,,no,no,no,0,0,yes,no,,0,,no,no,no
fly_srm1216_mag_in,raw\sound\wpn\shotgun\srm1216\foley\fly_srm1216_mag_in.LN65.pc.snd.wav,,loaded,bus_fx,grp_foley,snp_foley,,30,0,86,89,0,5000,5000,allon,default,allon,default,8,8,priority,oldest,-88,84,70,70,0.25,1,2d,default,nonlooping,volume,1,0,0,0,0,0.25,no,yes,none,0,,no,,,yes,no,no,0,0,yes,no,,0,,no,no,no
fly_srm1216_mag_out,raw\sound\wpn\shotgun\srm1216\foley\fly_srm1216_mag_out.LN65.pc.snd.wav,,loaded,bus_fx,grp_foley,snp_foley,,30,0,86,89,0,5000,5000,allon,default,allon,default,8,8,priority,oldest,-88,84,70,70,0.25,1,2d,default,nonlooping,volume,1,0,0,0,0,0.25,no,yes,none,0,,no,,,yes,no,no,0,0,yes,no,,0,,no,no,no
fly_srm1216_npc_mag_in,raw\sound\wpn\shotgun\srm1216\foley\fly_srm1216_mag_in.LN65.pc.snd.wav,,loaded,bus_fx,grp_foley,snp_foley,,30,0,75,75,75,500,500,allon,default,allon,default,4,8,priority,oldest,-90,90,15,30,0.25,1,3d,default,nonlooping,volume,1,0,25,250,75,0.25,no,yes,none,0,,no,,,yes,no,no,0,0,yes,no,,0,,no,no,no
fly_srm1216_npc_mag_out,raw\sound\wpn\shotgun\srm1216\foley\fly_srm1216_mag_out.LN65.pc.snd.wav,,loaded,bus_fx,grp_foley,snp_foley,,30,0,75,75,75,500,500,allon,default,allon,default,4,8,priority,oldest,-90,90,15,30,0.25,1,3d,default,nonlooping,volume,1,0,25,250,75,0.25,no,yes,none,0,,no,,,yes,no,no,0,0,yes,no,,0,,no,no,no
fly_srm1216_npc_pull,raw\sound\wpn\shotgun\reload\fly_shotgun_pump_back.LN65.pc.snd.wav,,loaded,bus_fx,grp_foley,snp_foley,,30,0,75,75,75,500,500,allon,default,allon,default,4,8,priority,oldest,-90,90,15,30,0.25,1,3d,default,nonlooping,volume,1,0,25,250,75,0.25,no,yes,none,0,,no,,,yes,no,no,0,0,yes,no,,0,,no,no,no
fly_srm1216_npc_release,raw\sound\wpn\shotgun\reload\fly_shotgun_pump_forward.LN65.pc.snd.wav,,loaded,bus_fx,grp_foley,snp_foley,,30,0,75,75,75,500,500,allon,default,allon,default,4,8,priority,oldest,-90,90,15,30,0.25,1,3d,default,nonlooping,volume,1,0,25,250,75,0.25,no,yes,none,0,,no,,,yes,no,no,0,0,yes,no,,0,,no,no,no
fly_srm1216_npc_twist,raw\sound\wpn\shotgun\srm1216\foley\fly_srm1216_twist.LN65.pc.snd.wav,,loaded,bus_fx,grp_foley,snp_foley,,30,0,75,75,75,500,500,allon,default,allon,default,4,8,priority,oldest,-90,90,15,30,0.25,1,3d,default,nonlooping,volume,1,0,25,250,75,0.25,no,yes,none,0,,no,,,yes,no,no,0,0,yes,no,,0,,no,no,no
fly_srm1216_pull,raw\sound\wpn\shotgun\reload\fly_shotgun_pump_back.LN65.pc.snd.wav,,loaded,bus_fx,grp_foley,snp_foley,,30,0,86,89,0,5000,5000,allon,default,allon,default,8,8,priority,oldest,-88,84,70,70,0.25,1,2d,default,nonlooping,volume,1,0,0,0,0,0.25,no,yes,none,0,,no,,,yes,no,no,0,0,yes,no,,0,,no,no,no
fly_srm1216_release,raw\sound\wpn\shotgun\reload\fly_shotgun_pump_forward.LN65.pc.snd.wav,,loaded,bus_fx,grp_foley,snp_foley,,30,0,86,89,0,5000,5000,allon,default,allon,default,8,8,priority,oldest,-88,84,70,70,0.25,1,2d,default,nonlooping,volume,1,0,0,0,0,0.25,no,yes,none,0,,no,,,yes,no,no,0,0,yes,no,,0,,no,no,no
fly_srm1216_shell_in,raw\sound\wpn\shotgun\foley\load\load_00.LN65.pc.snd.wav,,loaded,bus_fx,grp_foley,snp_foley,,30,0,86,89,0,5000,5000,allon,default,allon,default,8,8,priority,oldest,-88,84,70,70,0.25,1,2d,default,nonlooping,volume,1,0,0,0,0,0.25,no,yes,none,0,,no,,,yes,no,no,0,0,yes,no,,0,,no,no,no
fly_srm1216_shell_in,raw\sound\wpn\shotgun\foley\load\load_01.LN65.pc.snd.wav,,loaded,bus_fx,grp_foley,snp_foley,,30,0,86,89,0,5000,5000,allon,default,allon,default,8,8,priority,oldest,-88,84,70,70,0.25,1,2d,default,nonlooping,volume,1,0,0,0,0,0.25,no,yes,none,0,,no,,,yes,no,no,0,0,yes,no,,0,,no,no,no
fly_srm1216_shell_in,raw\sound\wpn\shotgun\foley\load\load_02.LN65.pc.snd.wav,,loaded,bus_fx,grp_foley,snp_foley,,30,0,86,89,0,5000,5000,allon,default,allon,default,8,8,priority,oldest,-88,84,70,70,0.25,1,2d,default,nonlooping,volume,1,0,0,0,0,0.25,no,yes,none,0,,no,,,yes,no,no,0,0,yes,no,,0,,no,no,no
fly_srm1216_shell_in,raw\sound\wpn\shotgun\foley\load\load_03.LN65.pc.snd.wav,,loaded,bus_fx,grp_foley,snp_foley,,30,0,86,89,0,5000,5000,allon,default,allon,default,8,8,priority,oldest,-88,84,70,70,0.25,1,2d,default,nonlooping,volume,1,0,0,0,0,0.25,no,yes,none,0,,no,,,yes,no,no,0,0,yes,no,,0,,no,no,no
fly_srm1216_shell_in,raw\sound\wpn\shotgun\foley\load\load_04.LN65.pc.snd.wav,,loaded,bus_fx,grp_foley,snp_foley,,30,0,86,89,0,5000,5000,allon,default,allon,default,8,8,priority,oldest,-88,84,70,70,0.25,1,2d,default,nonlooping,volume,1,0,0,0,0,0.25,no,yes,none,0,,no,,,yes,no,no,0,0,yes,no,,0,,no,no,no
fly_srm1216_shell_in,raw\sound\wpn\shotgun\foley\load\load_05.LN65.pc.snd.wav,,loaded,bus_fx,grp_foley,snp_foley,,30,0,86,89,0,5000,5000,allon,default,allon,default,8,8,priority,oldest,-88,84,70,70,0.25,1,2d,default,nonlooping,volume,1,0,0,0,0,0.25,no,yes,none,0,,no,,,yes,no,no,0,0,yes,no,,0,,no,no,no
fly_srm1216_twist,raw\sound\wpn\shotgun\srm1216\foley\fly_srm1216_twist.LN65.pc.snd.wav,,loaded,bus_fx,grp_foley,snp_foley,,30,0,86,89,0,5000,5000,allon,default,allon,default,8,8,priority,oldest,-88,84,70,70,0.25,1,2d,default,nonlooping,volume,1,0,0,0,0,0.25,no,yes,none,0,,no,,,yes,no,no,0,0,yes,no,,0,,no,no,no
wpn_srm1216_dryfire_npc,raw\sound\wpn\shotgun\dry_fire\npc\dry_fire_00.LN65.pc.snd.wav,,loaded,bus_fx,grp_weapon,snp_wpn_3p,,55,0,88,88,900,900,900,cosdelay,alloff,cosdelay,default,6,2,priority,oldest,-88,84,50,90,0.25,0.8,3d,default,nonlooping,volume,1,0,0,0,0,0.25,no,no,none,0,,no,,,yes,no,no,0,0,yes,no,,0,,no,no,no
wpn_srm1216_dryfire_plr,raw\sound\wpn\shotgun\dry_fire\plr\dry_fire_00.LN65.pc.snd.wav,,loaded,bus_fx,grp_weapon,snp_wpn_1p,,65,0,94,94,0,5000,5000,allon,default,allon,default,8,2,priority,oldest,-100,100,90,90,0.25,1,2d,default,nonlooping,volume,1,0,0,0,0,0.25,no,no,none,0,,no,,,yes,no,no,0,0,yes,no,,0,,no,no,no
wpn_srm1216_fire_npc,raw\sound\wpn\shotgun\srm1216\plr\shot\wpn_srm1216_fire.LN65.pc.snd.wav,wpn_srm1216_npc_LFE,loaded,bus_fx,grp_weapon,snp_wpn_3p,,55,0,88,88,900,900,900,cosdelay,alloff,cosdelay,default,6,2,priority,oldest,-88,84,50,90,0.25,0.8,3d,default,nonlooping,volume,1,0,0,0,0,0.25,no,no,none,0,,no,,,yes,no,no,0,0,yes,no,,0,,no,no,no
wpn_srm1216_fire_npc_decay,raw\sound\wpn\assault\decay\ext\wpn_assault_decay_ext.LN65.pc.snd.wav,,loaded,bus_fx,grp_weapon,snp_wpn_3p,,55,0,77,77,50,900,900,allon,default,rcurve1,default,3,1,priority,oldest,-100,100,20,70,0.15,1,3d,default,nonlooping,volume,1,0,0,0,0,0.25,no,no,none,0,,no,ringoff_plr,outdoor,yes,no,no,0,0,yes,no,,0,,no,no,no
wpn_srm1216_fire_npc_decay,raw\sound\wpn\shotgun\decay\int\wpn_shotgun_decay_int.LN65.pc.snd.wav,,loaded,bus_fx,grp_weapon,snp_wpn_3p,,55,0,67,67,50,900,900,allon,default,rcurve1,default,3,1,priority,oldest,-100,100,20,70,0.15,1,3d,default,nonlooping,volume,1,0,0,0,0,0.25,no,no,none,0,,no,ringoff_plr,indoor,yes,no,no,0,0,yes,no,,0,,no,no,no
wpn_srm1216_fire_npc_pap,raw\sound\wpn\pap\pap_shot_st.LN65.pc.snd.wav,wpn_srm1216_flux_l_npc_pap,loaded,bus_fx,grp_weapon,snp_wpn_3p,,80,0,82,82,75,1250,1250,allon,default,allon,default,10,3,priority,oldest,-100,100,50,90,0.35,1,3d,default,nonlooping,volume pitch,1,0,0,0,0,0.25,no,no,none,0,,no,,,yes,no,no,0,0,yes,no,,0,,no,no,no
wpn_srm1216_fire_plr,raw\sound\wpn\shotgun\srm1216\plr\shot\wpn_srm1216_fire.LN65.pc.snd.wav,wpn_srm1216_LFE,loaded,bus_fx,grp_weapon,snp_wpn_1p,,65,0,94,94,0,5000,5000,allon,default,allon,default,3,2,oldest,oldest,-100,100,90,90,0.25,1,2d,default,nonlooping,volume,1,0,0,0,0,0.25,no,no,none,0,,no,,,yes,no,no,0,0,yes,no,,0,,no,no,no
wpn_srm1216_fire_plr_decay,raw\sound\wpn\assault\decay\ext\wpn_assault_decay_ext.LN65.pc.snd.wav,,loaded,bus_fx,grp_weapon,snp_wpn_1p,,60,0,83,83,0,5000,5000,allon,default,allon,default,3,8,oldest,oldest,-50,50,90,90,0.25,1,2d,default,nonlooping,volume,1,0,0,0,0,0.25,no,no,none,0,,no,ringoff_plr,outdoor,yes,no,no,0,0,yes,no,,0,,no,no,no
wpn_srm1216_fire_plr_decay,raw\sound\wpn\shotgun\decay\int\wpn_shotgun_decay_int.LN65.pc.snd.wav,,loaded,bus_fx,grp_weapon,snp_wpn_1p,,60,0,83,83,0,5000,5000,allon,default,allon,default,3,8,oldest,oldest,-50,50,90,90,0.25,1,2d,default,nonlooping,volume,1,0,0,0,0,0.25,no,no,none,0,,no,ringoff_plr,indoor,yes,no,no,0,0,yes,no,,0,,no,no,no
wpn_srm1216_fire_plr_pap,raw\sound\wpn\pap\pap_shot_st.LN65.pc.snd.wav,wpn_srm1216_flux_l_plr_pap,loaded,bus_hdrfx,grp_weapon,snp_wpn_1p,,70,0,87,87,0,5000,5000,allon,default,allon,default,1,8,oldest,oldest,0,0,90,90,0.25,1,2d,default,nonlooping,volume,1,0,0,0,0,0.25,no,no,none,0,,no,,,yes,no,no,0,0,yes,no,,0,,no,no,no
wpn_srm1216_flux_l_npc_pap,raw\sound\wpn\pap\pap_flux_left.LN65.pc.snd.wav,wpn_srm1216_flux_r_npc_pap,loaded,bus_fx,grp_weapon,snp_wpn_3p,,84,0,75,75,25,900,900,allon,default,allon,default,8,4,priority,priority,-34,34,85,90,0.25,1,3d,default,nonlooping,volume pitch,1,0,0,0,0,0.25,no,no,left_shot,4000,,no,,,yes,no,no,0,0,yes,no,,0,,no,no,no
wpn_srm1216_flux_l_plr_pap,raw\sound\wpn\pap\pap_flux_left.LN65.pc.snd.wav,wpn_srm1216_flux_r_plr_pap,loaded,bus_fx,grp_weapon,snp_wpn_3p,,84,0,75,75,25,900,900,allon,default,allon,default,8,4,priority,priority,-34,34,85,90,0.25,1,3d,default,nonlooping,volume pitch,1,0,0,0,0,0.25,no,no,left_shot,4000,,no,,,yes,no,no,0,0,yes,no,,0,,no,no,no
wpn_srm1216_flux_r_npc_pap,raw\sound\wpn\pap\pap_flux_right.LN65.pc.snd.wav,wpn_srm1216_fire_npc,loaded,bus_fx,grp_weapon,snp_wpn_3p,,84,0,75,75,25,900,900,allon,default,allon,default,8,4,priority,priority,-34,34,85,90,0.25,1,3d,default,nonlooping,volume pitch,1,0,0,0,0,0.25,no,no,right_shot,4000,,no,,,yes,no,no,0,0,yes,no,,0,,no,no,no
wpn_srm1216_flux_r_plr_pap,raw\sound\wpn\pap\pap_flux_right.LN65.pc.snd.wav,wpn_srm1216_fire_plr,loaded,bus_fx,grp_weapon,snp_wpn_3p,,84,0,75,75,25,900,900,allon,default,allon,default,8,4,priority,priority,-34,34,85,90,0.25,1,3d,default,nonlooping,volume pitch,1,0,0,0,0,0.25,no,no,right_shot,4000,,no,,,yes,no,no,0,0,yes,no,,0,,no,no,no
wpn_srm1216_LFE,raw\sound\wpn\shotgun\srm1216\lfe\wpn_srm1216_lfe.LN65.pc.snd.wav,wpn_srm1216_fire_plr_decay,loaded,bus_hdrfx,grp_wpn_lfe,snp_wpn_1p,,0,0,86,86,0,5000,5000,allon,default,allon,default,3,2,oldest,oldest,0,0,85,90,0.25,1,2d,default,nonlooping,volume,1,0,0,0,0,0.25,no,no,none,0,,no,,,no,no,no,0,0,yes,no,,0,,no,no,no
wpn_srm1216_npc_dist,raw\sound\wpn\dist_guns\sht\wpn_shotgun_dist_00.LN65.pc.snd.wav,wpn_srm1216_fire_npc_decay,loaded,bus_fx,grp_weapon,snp_wpn_3p,,80,0,88,88,900,6000,12500,sindelay,default,sindelay,allon,6,3,priority,oldest,-300,300,90,40,0.25,1,3d,default,nonlooping,volume pitch,1,0,0,0,0,0.25,no,no,none,0,,no,,,yes,no,no,0,0,yes,no,,0,,no,no,no
wpn_srm1216_npc_dist,raw\sound\wpn\dist_guns\sht\wpn_shotgun_dist_01.LN65.pc.snd.wav,wpn_srm1216_fire_npc_decay,loaded,bus_fx,grp_weapon,snp_wpn_3p,,80,0,88,88,900,6000,12500,sindelay,default,sindelay,allon,6,3,priority,oldest,-300,300,90,40,0.25,1,3d,default,nonlooping,volume pitch,1,0,0,0,0,0.25,no,no,none,0,,no,,,yes,no,no,0,0,yes,no,,0,,no,no,no
wpn_srm1216_npc_LFE,raw\sound\wpn\shotgun\srm1216\lfe\wpn_srm1216_lfe.LN65.pc.snd.wav,wpn_srm1216_npc_dist,loaded,bus_hdrfx,grp_wpn_lfe,snp_wpn_3p,,0,0,81,81,25,225,225,allon,default,allon,default,3,1,priority,oldest,0,0,40,90,0.25,0.75,3d,default,nonlooping,volume,1,0,0,0,0,0.25,no,no,none,0,,no,,,no,no,no,0,0,yes,no,,0,,no,no,no
wpn_srm1216_silencer_fire_npc,raw\sound\wpn\shotgun\saiga12\plr\shot\silenced\wpn_saiga12_sil_shot_plr.LN65.pc.snd.wav,wpn_srm1216_silencer_LFE_npc,loaded,bus_fx,grp_weapon,snp_wpn_3p,,0,0,82,82,900,900,901,cosdelay,alloff,cosdelay,default,8,2,priority,oldest,-50,50,40,90,0.25,0.8,3d,default,nonlooping,volume,1,0,0,0,0,0.25,no,no,none,0,,no,,,yes,no,no,0,0,yes,no,,0,,no,no,no
wpn_srm1216_silencer_fire_npc_decay,raw\sound\wpn\assault\decay\int\silenced\wpn_aslt_decay_silenced_int.LN65.pc.snd.wav,,loaded,bus_fx,grp_weapon,snp_wpn_3p,,55,0,67,67,50,900,900,allon,default,rcurve1,default,3,1,priority,oldest,-100,100,20,70,0.15,1,3d,default,nonlooping,volume,1,0,0,0,0,0.25,no,no,none,0,,no,ringoff_plr,indoor,yes,no,no,0,0,yes,no,,0,,no,no,no
wpn_srm1216_silencer_fire_npc_decay,raw\sound\wpn\pistol\decay\ext\silenced\wpn_pistol_decay_silenced_ext.LN65.pc.snd.wav,,loaded,bus_fx,grp_weapon,snp_wpn_3p,,55,0,77,77,50,900,900,allon,default,rcurve1,default,3,1,priority,oldest,-100,100,20,70,0.15,1,3d,default,nonlooping,volume,1,0,0,0,0,0.25,no,no,none,0,,no,ringoff_plr,outdoor,yes,no,no,0,0,yes,no,,0,,no,no,no
wpn_srm1216_silencer_fire_plr,raw\sound\wpn\shotgun\saiga12\plr\shot\silenced\wpn_saiga12_sil_shot_plr.LN65.pc.snd.wav,wpn_srm1216_silencer_LFE,loaded,bus_fx,grp_weapon,snp_wpn_1p,,0,0,93,93,0,5000,5000,allon,default,allon,default,3,8,oldest,oldest,-50,50,90,90,0.25,1,2d,default,nonlooping,volume,1,0,0,0,0,0.25,no,no,none,0,,no,,,yes,no,no,0,0,yes,no,,0,,no,no,no
wpn_srm1216_silencer_fire_plr_decay,raw\sound\wpn\assault\decay\int\silenced\wpn_aslt_decay_silenced_int.LN65.pc.snd.wav,,loaded,bus_fx,grp_weapon,snp_wpn_1p,,75,0,83,83,0,5000,5000,allon,default,allon,default,3,8,oldest,oldest,-50,50,90,90,0.25,1,2d,default,nonlooping,volume,1,0,0,0,0,0.25,no,no,none,0,,no,ringoff_plr,indoor,yes,no,no,0,0,yes,no,,0,,no,no,no
wpn_srm1216_silencer_fire_plr_decay,raw\sound\wpn\pistol\decay\ext\silenced\wpn_pistol_decay_silenced_ext.LN65.pc.snd.wav,,loaded,bus_fx,grp_weapon,snp_wpn_1p,,70,0,83,83,0,5000,5000,allon,default,allon,default,3,8,oldest,oldest,-50,50,90,90,0.25,1,2d,default,nonlooping,volume,1,0,0,0,0,0.25,no,no,none,0,,no,ringoff_plr,outdoor,yes,no,no,0,0,yes,no,,0,,no,no,no
wpn_srm1216_silencer_lfe,raw\sound\wpn\smg\mp7\plr\lfe\wpn_mp7_fire_lfe.LN65.pc.snd.wav,wpn_srm1216_silencer_fire_plr_decay,loaded,bus_hdrfx,grp_wpn_lfe,snp_wpn_1p,,0,0,86,86,0,5000,5000,allon,default,allon,default,8,2,priority,oldest,0,0,85,90,0.25,1,2d,default,nonlooping,volume,1,0,0,0,0,0.25,no,no,none,0,,no,,,no,no,no,0,0,yes,no,,0,,no,no,no
wpn_srm1216_silencer_LFE_npc,raw\sound\wpn\smg\mp7\plr\lfe\wpn_mp7_fire_lfe.LN65.pc.snd.wav,wpn_srm1216_silencer_fire_npc_decay,loaded,bus_hdrfx,grp_wpn_lfe,snp_wpn_3p,,0,0,81,81,25,225,225,allon,default,allon,default,3,1,priority,oldest,0,0,40,90,0.25,0.75,3d,default,nonlooping,volume,1,0,0,0,0,0.25,no,no,none,0,,no,,,no,no,no,0,0,yes,no,,0,,no,no,no
fly_hamr_close,raw\sound\wpn\lmg\mk48\foley\fly_mk48_close.LN65.pc.snd.wav,,loaded,bus_fx,grp_foley,snp_foley,,30,0,86,89,0,5000,5000,allon,default,allon,default,8,8,priority,oldest,-88,84,70,70,0.25,1,2d,default,nonlooping,volume,1,0,0,0,0,0.25,no,yes,none,0,,no,,,yes,no,no,0,0,yes,no,,0,,no,no,no
fly_hamr_futz,raw\sound\wpn\lmg\mk48\foley\fly_mk48_futz.LN65.pc.snd.wav,,loaded,bus_fx,grp_foley,snp_foley,,30,0,86,89,0,5000,5000,allon,default,allon,default,8,8,priority,oldest,-88,84,70,70,0.25,1,2d,default,nonlooping,volume,1,0,0,0,0,0.25,no,yes,none,0,,no,,,yes,no,no,0,0,yes,no,,0,,no,no,no
fly_hamr_lift_belt,raw\sound\wpn\lmg\mk48\foley\fly_mk48_lift_belt.LN65.pc.snd.wav,,loaded,bus_fx,grp_foley,snp_foley,,30,0,86,89,0,5000,5000,allon,default,allon,default,8,8,priority,oldest,-88,84,70,70,0.25,1,2d,default,nonlooping,volume,1,0,0,0,0,0.25,no,yes,none,0,,no,,,yes,no,no,0,0,yes,no,,0,,no,no,no
fly_hamr_mag_in,raw\sound\wpn\lmg\mk48\foley\fly_mk48_mag_in.LN65.pc.snd.wav,,loaded,bus_fx,grp_foley,snp_foley,,30,0,86,89,0,5000,5000,allon,default,allon,default,8,8,priority,oldest,-88,84,70,70,0.25,1,2d,default,nonlooping,volume,1,0,0,0,0,0.25,no,yes,none,0,,no,,,yes,no,no,0,0,yes,no,,0,,no,no,no
fly_hamr_mag_out,raw\sound\wpn\lmg\mk48\foley\fly_mk48_mag_out.LN65.pc.snd.wav,,loaded,bus_fx,grp_foley,snp_foley,,30,0,86,89,0,5000,5000,allon,default,allon,default,8,8,priority,oldest,-88,84,70,70,0.25,1,2d,default,nonlooping,volume,1,0,0,0,0,0.25,no,yes,none,0,,no,,,yes,no,no,0,0,yes,no,,0,,no,no,no
fly_hamr_open,raw\sound\wpn\lmg\mk48\foley\fly_mk48_open.LN65.pc.snd.wav,,loaded,bus_fx,grp_foley,snp_foley,,30,0,86,89,0,5000,5000,allon,default,allon,default,8,8,priority,oldest,-88,84,70,70,0.25,1,2d,default,nonlooping,volume,1,0,0,0,0,0.25,no,yes,none,0,,no,,,yes,no,no,0,0,yes,no,,0,,no,no,no
fly_hamr_pull,raw\sound\wpn\lmg\mk48\foley\fly_mk48_pull.LN65.pc.snd.wav,,loaded,bus_fx,grp_foley,snp_foley,,30,0,86,89,0,5000,5000,allon,default,allon,default,8,8,priority,oldest,-88,84,70,70,0.25,1,2d,default,nonlooping,volume,1,0,0,0,0,0.25,no,yes,none,0,,no,,,yes,no,no,0,0,yes,no,,0,,no,no,no
fly_hamr_release,raw\sound\wpn\lmg\mk48\foley\fly_mk48_release.LN65.pc.snd.wav,,loaded,bus_fx,grp_foley,snp_foley,,30,0,86,89,0,5000,5000,allon,default,allon,default,8,8,priority,oldest,-88,84,70,70,0.25,1,2d,default,nonlooping,volume,1,0,0,0,0,0.25,no,yes,none,0,,no,,,yes,no,no,0,0,yes,no,,0,,no,no,no
fly_hamr_seat_belt,raw\sound\wpn\lmg\mk48\foley\fly_mk48_seat_belt.LN65.pc.snd.wav,,loaded,bus_fx,grp_foley,snp_foley,,30,0,86,89,0,5000,5000,allon,default,allon,default,8,8,priority,oldest,-88,84,70,70,0.25,1,2d,default,nonlooping,volume,1,0,0,0,0,0.25,no,yes,none,0,,no,,,yes,no,no,0,0,yes,no,,0,,no,no,no
fly_hamr_start,raw\sound\wpn\lmg\mk48\foley\fly_mk48_start.LN65.pc.snd.wav,,loaded,bus_fx,grp_foley,snp_foley,,30,0,86,89,0,5000,5000,allon,default,allon,default,8,8,priority,oldest,-88,84,70,70,0.25,1,2d,default,nonlooping,volume,1,0,0,0,0,0.25,no,yes,none,0,,no,,,yes,no,no,0,0,yes,no,,0,,no,no,no
fly_hamr_tap,raw\sound\wpn\assault\m14\reload\fly_m14_tap.LN65.pc.snd.wav,,loaded,bus_fx,grp_foley,snp_foley,,30,0,86,89,0,5000,5000,allon,default,allon,default,8,8,priority,oldest,-88,84,70,70,0.25,1,2d,default,nonlooping,volume,1,0,0,0,0,0.25,no,yes,none,0,,no,,,yes,no,no,0,0,yes,no,,0,,no,no,no
wpn_hamr_1straise_npc,raw\sound\fly\gear\rattle\fly_cloth_00.LN65.pc.snd.wav,,loaded,bus_fx,grp_foley,snp_foley,,30,0,75,75,75,500,500,allon,default,allon,default,4,8,priority,oldest,-90,90,15,30,0.25,1,3d,default,nonlooping,volume,1,0,25,250,75,0.25,no,yes,none,0,,no,,,yes,no,no,0,0,yes,no,,0,,no,no,no
wpn_hamr_1straise_npc,raw\sound\fly\gear\rattle\fly_cloth_01.LN65.pc.snd.wav,,loaded,bus_fx,grp_foley,snp_foley,,30,0,75,75,75,500,500,allon,default,allon,default,4,8,priority,oldest,-90,90,15,30,0.25,1,3d,default,nonlooping,volume,1,0,25,250,75,0.25,no,yes,none,0,,no,,,yes,no,no,0,0,yes,no,,0,,no,no,no
wpn_hamr_1straise_npc,raw\sound\fly\gear\rattle\fly_cloth_02.LN65.pc.snd.wav,,loaded,bus_fx,grp_foley,snp_foley,,30,0,75,75,75,500,500,allon,default,allon,default,4,8,priority,oldest,-90,90,15,30,0.25,1,3d,default,nonlooping,volume,1,0,25,250,75,0.25,no,yes,none,0,,no,,,yes,no,no,0,0,yes,no,,0,,no,no,no
wpn_hamr_1straise_npc,raw\sound\fly\gear\rattle\fly_cloth_03.LN65.pc.snd.wav,,loaded,bus_fx,grp_foley,snp_foley,,30,0,75,75,75,500,500,allon,default,allon,default,4,8,priority,oldest,-90,90,15,30,0.25,1,3d,default,nonlooping,volume,1,0,25,250,75,0.25,no,yes,none,0,,no,,,yes,no,no,0,0,yes,no,,0,,no,no,no
wpn_hamr_1straise_plr,raw\sound\fly\gear\rattle\fly_cloth_00.LN65.pc.snd.wav,,loaded,bus_fx,grp_foley,snp_foley,,30,0,86,89,0,5000,5000,allon,default,allon,default,8,8,priority,oldest,-88,84,70,70,0.25,1,2d,default,nonlooping,volume,1,0,0,0,0,0.25,no,yes,none,0,,no,,,yes,no,no,0,0,yes,no,,0,,no,no,no
wpn_hamr_1straise_plr,raw\sound\fly\gear\rattle\fly_cloth_01.LN65.pc.snd.wav,,loaded,bus_fx,grp_foley,snp_foley,,30,0,86,89,0,5000,5000,allon,default,allon,default,8,8,priority,oldest,-88,84,70,70,0.25,1,2d,default,nonlooping,volume,1,0,0,0,0,0.25,no,yes,none,0,,no,,,yes,no,no,0,0,yes,no,,0,,no,no,no
wpn_hamr_1straise_plr,raw\sound\fly\gear\rattle\fly_cloth_02.LN65.pc.snd.wav,,loaded,bus_fx,grp_foley,snp_foley,,30,0,86,89,0,5000,5000,allon,default,allon,default,8,8,priority,oldest,-88,84,70,70,0.25,1,2d,default,nonlooping,volume,1,0,0,0,0,0.25,no,yes,none,0,,no,,,yes,no,no,0,0,yes,no,,0,,no,no,no
wpn_hamr_1straise_plr,raw\sound\fly\gear\rattle\fly_cloth_03.LN65.pc.snd.wav,,loaded,bus_fx,grp_foley,snp_foley,,30,0,86,89,0,5000,5000,allon,default,allon,default,8,8,priority,oldest,-88,84,70,70,0.25,1,2d,default,nonlooping,volume,1,0,0,0,0,0.25,no,yes,none,0,,no,,,yes,no,no,0,0,yes,no,,0,,no,no,no
wpn_hamr_decay_npc,raw\sound\wpn\assault\decay\ext\wpn_assault_decay_ext.LN65.pc.snd.wav,,loaded,bus_fx,grp_weapon,snp_wpn_3p,,55,0,77,77,50,900,900,allon,default,rcurve1,default,3,1,priority,oldest,-100,100,20,70,0.15,1,3d,default,nonlooping,volume,1,0,0,0,0,0.25,no,no,none,0,,no,ringoff_plr,outdoor,yes,no,no,0,0,yes,no,,0,,no,no,no
wpn_hamr_decay_npc,raw\sound\wpn\assault\decay\int\wpn_assault_decay_int.LN65.pc.snd.wav,,loaded,bus_fx,grp_weapon,snp_wpn_3p,,55,0,67,67,50,900,900,allon,default,rcurve1,default,3,1,priority,oldest,-100,100,20,70,0.15,1,3d,default,nonlooping,volume,1,0,0,0,0,0.25,no,no,none,0,,no,ringoff_plr,indoor,yes,no,no,0,0,yes,no,,0,,no,no,no
wpn_hamr_dryfire_npc,raw\sound\wpn\lmg\dry_fire\npc\dry_fire_00.LN65.pc.snd.wav,,loaded,bus_fx,grp_weapon,snp_wpn_3p,,70,0,85,85,900,900,901,cosdelay,alloff,cosdelay,default,8,2,priority,oldest,-100,100,50,90,0.25,0.8,3d,default,nonlooping,volume pitch,1,0,0,0,0,0.25,no,no,none,0,,no,,,yes,no,no,0,0,yes,no,,0,,no,no,no
wpn_hamr_dryfire_plr,raw\sound\wpn\lmg\dry_fire\plr\dry_fire_00.LN65.pc.snd.wav,,loaded,bus_fx,grp_weapon,snp_wpn_1p,,70,0,93,93,0,5000,5000,allon,default,allon,default,2,8,oldest,oldest,0,0,90,90,0.25,1,2d,default,nonlooping,volume,1,0,0,0,0,0.25,no,no,none,0,,no,,,yes,no,no,0,0,yes,no,,0,,no,no,no
wpn_hamr_fire_npc,raw\sound\wpn\lmg\hamr\shot\wpn_hamr_shot_plr.LN65.pc.snd.wav,wpn_hamr_LFE_npc,loaded,bus_fx,grp_weapon,snp_wpn_3p,,70,0,85,85,900,900,901,cosdelay,alloff,cosdelay,default,8,2,priority,oldest,-25,25,50,90,0.25,0.8,3d,default,nonlooping,volume pitch,1,0,0,0,0,0.25,no,no,none,0,,no,,,yes,no,no,0,0,yes,no,,0,,no,no,no
wpn_hamr_fire_npc_dist,raw\sound\wpn\dist_guns\lmg\wpn_lmg_dist_00.LN65.pc.snd.wav,wpn_hamr_decay_npc,loaded,bus_fx,grp_weapon,snp_wpn_3p,,80,0,85,85,900,6000,12500,sindelay,default,sindelay,allon,8,3,priority,oldest,-300,300,90,40,0.25,1,3d,default,nonlooping,,1,0,0,0,0,0.25,no,no,none,0,,no,,,yes,no,no,0,0,yes,no,,0,,no,no,no
wpn_hamr_fire_npc_dist,raw\sound\wpn\dist_guns\lmg\wpn_lmg_dist_01.LN65.pc.snd.wav,wpn_hamr_decay_npc,loaded,bus_fx,grp_weapon,snp_wpn_3p,,80,0,85,85,900,6000,12500,sindelay,default,sindelay,allon,8,3,priority,oldest,-300,300,90,40,0.25,1,3d,default,nonlooping,,1,0,0,0,0,0.25,no,no,none,0,,no,,,yes,no,no,0,0,yes,no,,0,,no,no,no
wpn_hamr_fire_npc_dist,raw\sound\wpn\dist_guns\lmg\wpn_lmg_dist_02.LN65.pc.snd.wav,wpn_hamr_decay_npc,loaded,bus_fx,grp_weapon,snp_wpn_3p,,80,0,85,85,900,6000,12500,sindelay,default,sindelay,allon,8,3,priority,oldest,-300,300,90,40,0.25,1,3d,default,nonlooping,,1,0,0,0,0,0.25,no,no,none,0,,no,,,yes,no,no,0,0,yes,no,,0,,no,no,no
wpn_hamr_fire_npc_pap,raw\sound\wpn\pap\pap_shot_st.LN65.pc.snd.wav,wpn_hamr_flux_l_npc_pap,loaded,bus_fx,grp_weapon,snp_wpn_3p,,80,0,82,82,75,1250,1250,allon,default,allon,default,10,3,priority,oldest,-100,100,50,90,0.35,1,3d,default,nonlooping,volume pitch,1,0,0,0,0,0.25,no,no,none,0,,no,,,yes,no,no,0,0,yes,no,,0,,no,no,no
wpn_hamr_fire_plr,raw\sound\wpn\lmg\hamr\shot\wpn_hamr_shot_plr.LN65.pc.snd.wav,wpn_hamr_lfe,loaded,bus_fx,grp_weapon,snp_wpn_1p,,70,0,93,93,0,5000,5000,allon,default,allon,default,2,8,oldest,oldest,-25,25,90,90,0.25,1,2d,default,nonlooping,volume,1,0,0,0,0,0.25,no,no,none,0,,no,,,yes,no,no,0,0,yes,no,,0,,no,no,no
wpn_hamr_fire_plr_decay,raw\sound\wpn\assault\decay\ext\wpn_assault_decay_ext.LN65.pc.snd.wav,,loaded,bus_fx,grp_weapon,snp_wpn_1p,,55,0,67,67,0,5000,5000,allon,default,allon,default,3,8,oldest,oldest,-250,-200,90,90,0.25,1,2d,default,nonlooping,volume,1,75,0,0,0,0.25,no,no,none,0,,no,ringoff_plr,outdoor,yes,no,no,0,0,yes,no,,0,,no,no,no
wpn_hamr_fire_plr_decay,raw\sound\wpn\assault\decay\int\wpn_assault_decay_int.LN65.pc.snd.wav,,loaded,bus_fx,grp_weapon,snp_wpn_1p,,55,0,67,67,0,5000,5000,allon,default,allon,default,3,8,oldest,oldest,-250,-200,90,90,0.25,1,2d,default,nonlooping,volume,1,0,0,0,0,0.25,no,no,none,0,,no,ringoff_plr,indoor,yes,no,no,0,0,yes,no,,0,,no,no,no
wpn_hamr_fire_plr_pap,raw\sound\wpn\pap\pap_shot_st.LN65.pc.snd.wav,wpn_hamr_flux_l_plr_pap,loaded,bus_hdrfx,grp_weapon,snp_wpn_1p,,70,0,87,87,0,5000,5000,allon,default,allon,default,1,8,oldest,oldest,0,0,90,90,0.25,1,2d,default,nonlooping,volume,1,0,0,0,0,0.25,no,no,none,0,,no,,,yes,no,no,0,0,yes,no,,0,,no,no,no
wpn_hamr_flux_l_npc_pap,raw\sound\wpn\pap\pap_flux_left.LN65.pc.snd.wav,wpn_hamr_flux_r_npc_pap,loaded,bus_fx,grp_weapon,snp_wpn_3p,,84,0,75,75,25,900,900,allon,default,allon,default,8,4,priority,priority,-34,34,85,90,0.25,1,3d,default,nonlooping,volume pitch,1,0,0,0,0,0.25,no,no,left_shot,4000,,no,,,yes,no,no,0,0,yes,no,,0,,no,no,no
wpn_hamr_flux_l_plr_pap,raw\sound\wpn\pap\pap_flux_left.LN65.pc.snd.wav,wpn_hamr_flux_r_plr_pap,loaded,bus_fx,grp_weapon,snp_wpn_3p,,84,0,75,75,25,900,900,allon,default,allon,default,8,4,priority,priority,-34,34,85,90,0.25,1,3d,default,nonlooping,volume pitch,1,0,0,0,0,0.25,no,no,left_shot,4000,,no,,,yes,no,no,0,0,yes,no,,0,,no,no,no
wpn_hamr_flux_r_npc_pap,raw\sound\wpn\pap\pap_flux_right.LN65.pc.snd.wav,wpn_hamr_fire_npc,loaded,bus_fx,grp_weapon,snp_wpn_3p,,84,0,75,75,25,900,900,allon,default,allon,default,8,4,priority,priority,-34,34,85,90,0.25,1,3d,default,nonlooping,volume pitch,1,0,0,0,0,0.25,no,no,right_shot,4000,,no,,,yes,no,no,0,0,yes,no,,0,,no,no,no
wpn_hamr_flux_r_plr_pap,raw\sound\wpn\pap\pap_flux_right.LN65.pc.snd.wav,wpn_hamr_fire_plr,loaded,bus_fx,grp_weapon,snp_wpn_3p,,84,0,75,75,25,900,900,allon,default,allon,default,8,4,priority,priority,-34,34,85,90,0.25,1,3d,default,nonlooping,volume pitch,1,0,0,0,0,0.25,no,no,right_shot,4000,,no,,,yes,no,no,0,0,yes,no,,0,,no,no,no
wpn_hamr_lfe,raw\sound\wpn\smg\mp7\plr\lfe\wpn_mp7_fire_lfe.LN65.pc.snd.wav,wpn_hamr_fire_plr_decay,loaded,bus_hdrfx,grp_wpn_lfe,snp_wpn_1p,,0,0,86,86,0,5000,5000,allon,default,allon,default,8,2,priority,oldest,0,0,85,90,0.25,1,2d,default,nonlooping,volume,1,0,0,0,0,0.25,no,no,none,0,,no,,,no,no,no,0,0,yes,no,,0,,no,no,no
wpn_hamr_LFE_npc,raw\sound\wpn\smg\mp7\plr\lfe\wpn_mp7_fire_lfe.LN65.pc.snd.wav,wpn_hamr_fire_npc_dist,loaded,bus_hdrfx,grp_wpn_lfe,snp_wpn_3p,,0,0,80,80,125,550,550,allon,default,allon,default,3,1,priority,oldest,0,0,40,90,0.25,0.75,3d,default,nonlooping,volume,1,0,0,0,0,0.25,no,no,none,0,,no,,,no,no,no,0,0,yes,no,,0,,no,no,no
wpn_hamr_pickup_npc,raw\sound\fly\pickups\weapon\fly_weapon_pickup_00.LN65.pc.snd.wav,,loaded,bus_fx,grp_foley,snp_foley,,30,0,75,75,75,500,500,allon,default,allon,default,2,1,priority,reject,-50,50,15,30,0.25,1,3d,default,nonlooping,volume,1,0,25,250,75,0.25,no,yes,none,0,,no,,,yes,no,no,0,0,yes,no,,0,,no,no,no
wpn_hamr_pickup_npc,raw\sound\fly\pickups\weapon\fly_weapon_pickup_01.LN65.pc.snd.wav,,loaded,bus_fx,grp_foley,snp_foley,,30,0,75,75,75,500,500,allon,default,allon,default,2,1,priority,reject,-50,50,15,30,0.25,1,3d,default,nonlooping,volume,1,0,25,250,75,0.25,no,yes,none,0,,no,,,yes,no,no,0,0,yes,no,,0,,no,no,no
wpn_hamr_pickup_plr,raw\sound\fly\pickups\weapon\fly_weapon_pickup_00.LN65.pc.snd.wav,,loaded,bus_fx,grp_foley,snp_foley,,30,0,75,75,0,5000,5000,allon,default,allon,default,1,8,reject,oldest,-88,84,70,70,0.25,1,2d,default,nonlooping,volume,1,0,0,0,0,0.25,no,yes,none,0,,no,,,yes,no,no,0,0,yes,no,,0,,no,no,no
wpn_hamr_pickup_plr,raw\sound\fly\pickups\weapon\fly_weapon_pickup_01.LN65.pc.snd.wav,,loaded,bus_fx,grp_foley,snp_foley,,30,0,75,75,0,5000,5000,allon,default,allon,default,1,8,reject,oldest,-88,84,70,70,0.25,1,2d,default,nonlooping,volume,1,0,0,0,0,0.25,no,yes,none,0,,no,,,yes,no,no,0,0,yes,no,,0,,no,no,no
wpn_hamr_raise_npc,raw\sound\fly\gear\rattle\fly_cloth_00.LN65.pc.snd.wav,,loaded,bus_fx,grp_foley,snp_foley,,30,0,75,75,75,500,500,allon,default,allon,default,4,8,priority,oldest,-90,90,15,30,0.25,1,3d,default,nonlooping,volume,1,0,25,250,75,0.25,no,yes,none,0,,no,,,yes,no,no,0,0,yes,no,,0,,no,no,no
wpn_hamr_raise_npc,raw\sound\fly\gear\rattle\fly_cloth_01.LN65.pc.snd.wav,,loaded,bus_fx,grp_foley,snp_foley,,30,0,75,75,75,500,500,allon,default,allon,default,4,8,priority,oldest,-90,90,15,30,0.25,1,3d,default,nonlooping,volume,1,0,25,250,75,0.25,no,yes,none,0,,no,,,yes,no,no,0,0,yes,no,,0,,no,no,no
wpn_hamr_raise_npc,raw\sound\fly\gear\rattle\fly_cloth_02.LN65.pc.snd.wav,,loaded,bus_fx,grp_foley,snp_foley,,30,0,75,75,75,500,500,allon,default,allon,default,4,8,priority,oldest,-90,90,15,30,0.25,1,3d,default,nonlooping,volume,1,0,25,250,75,0.25,no,yes,none,0,,no,,,yes,no,no,0,0,yes,no,,0,,no,no,no
wpn_hamr_raise_npc,raw\sound\fly\gear\rattle\fly_cloth_03.LN65.pc.snd.wav,,loaded,bus_fx,grp_foley,snp_foley,,30,0,75,75,75,500,500,allon,default,allon,default,4,8,priority,oldest,-90,90,15,30,0.25,1,3d,default,nonlooping,volume,1,0,25,250,75,0.25,no,yes,none,0,,no,,,yes,no,no,0,0,yes,no,,0,,no,no,no
wpn_hamr_raise_plr,raw\sound\fly\gear\rattle\fly_cloth_00.LN65.pc.snd.wav,,loaded,bus_fx,grp_foley,snp_foley,,30,0,86,89,0,5000,5000,allon,default,allon,default,8,8,priority,oldest,-88,84,70,70,0.25,1,2d,default,nonlooping,volume,1,0,0,0,0,0.25,no,yes,none,0,,no,,,yes,no,no,0,0,yes,no,,0,,no,no,no
wpn_hamr_raise_plr,raw\sound\fly\gear\rattle\fly_cloth_01.LN65.pc.snd.wav,,loaded,bus_fx,grp_foley,snp_foley,,30,0,86,89,0,5000,5000,allon,default,allon,default,8,8,priority,oldest,-88,84,70,70,0.25,1,2d,default,nonlooping,volume,1,0,0,0,0,0.25,no,yes,none,0,,no,,,yes,no,no,0,0,yes,no,,0,,no,no,no
wpn_hamr_raise_plr,raw\sound\fly\gear\rattle\fly_cloth_02.LN65.pc.snd.wav,,loaded,bus_fx,grp_foley,snp_foley,,30,0,86,89,0,5000,5000,allon,default,allon,default,8,8,priority,oldest,-88,84,70,70,0.25,1,2d,default,nonlooping,volume,1,0,0,0,0,0.25,no,yes,none,0,,no,,,yes,no,no,0,0,yes,no,,0,,no,no,no
wpn_hamr_raise_plr,raw\sound\fly\gear\rattle\fly_cloth_03.LN65.pc.snd.wav,,loaded,bus_fx,grp_foley,snp_foley,,30,0,86,89,0,5000,5000,allon,default,allon,default,8,8,priority,oldest,-88,84,70,70,0.25,1,2d,default,nonlooping,volume,1,0,0,0,0,0.25,no,yes,none,0,,no,,,yes,no,no,0,0,yes,no,,0,,no,no,no
wpn_hamr_silencer_fire_npc,raw\sound\wpn\lmg\lsat\plr\shot\silenced\wpn_lsat_sil_shot_plr.LN65.pc.snd.wav,wpn_hamr_silencer_LFE_npc,loaded,bus_fx,grp_weapon,snp_wpn_3p,,0,0,85,85,900,900,901,cosdelay,alloff,cosdelay,default,8,2,priority,oldest,-50,50,40,90,0.25,0.8,3d,default,nonlooping,volume,1,0,0,0,0,0.25,no,no,none,0,,no,,,yes,no,no,0,0,yes,no,,0,,no,no,no
wpn_hamr_silencer_fire_npc_decay,raw\sound\wpn\assault\decay\int\silenced\wpn_aslt_decay_silenced_int.LN65.pc.snd.wav,,loaded,bus_fx,grp_weapon,snp_wpn_3p,,55,0,67,67,50,900,900,allon,default,rcurve1,default,3,1,priority,oldest,-100,100,20,70,0.15,1,3d,default,nonlooping,volume,1,0,0,0,0,0.25,no,no,none,0,,no,ringoff_plr,indoor,yes,no,no,0,0,yes,no,,0,,no,no,no
wpn_hamr_silencer_fire_npc_decay,raw\sound\wpn\pistol\decay\ext\silenced\wpn_pistol_decay_silenced_ext.LN65.pc.snd.wav,,loaded,bus_fx,grp_weapon,snp_wpn_3p,,55,0,77,77,50,900,900,allon,default,rcurve1,default,3,1,priority,oldest,-100,100,20,70,0.15,1,3d,default,nonlooping,volume,1,0,0,0,0,0.25,no,no,none,0,,no,ringoff_plr,outdoor,yes,no,no,0,0,yes,no,,0,,no,no,no
wpn_hamr_silencer_fire_plr,raw\sound\wpn\lmg\lsat\plr\shot\silenced\wpn_lsat_sil_shot_plr.LN65.pc.snd.wav,wpn_hamr_silencer_LFE,loaded,bus_fx,grp_weapon,snp_wpn_1p,,0,0,93,93,0,5000,5000,allon,default,allon,default,3,8,oldest,oldest,-50,50,90,90,0.25,1,2d,default,nonlooping,volume,1,0,0,0,0,0.25,no,no,none,0,,no,,,yes,no,no,0,0,yes,no,,0,,no,no,no
wpn_hamr_silencer_fire_plr_decay,raw\sound\wpn\assault\decay\int\silenced\wpn_aslt_decay_silenced_int.LN65.pc.snd.wav,,loaded,bus_fx,grp_weapon,snp_wpn_1p,,75,0,83,83,0,5000,5000,allon,default,allon,default,3,8,oldest,oldest,-50,50,90,90,0.25,1,2d,default,nonlooping,volume,1,0,0,0,0,0.25,no,no,none,0,,no,ringoff_plr,indoor,yes,no,no,0,0,yes,no,,0,,no,no,no
wpn_hamr_silencer_fire_plr_decay,raw\sound\wpn\pistol\decay\ext\silenced\wpn_pistol_decay_silenced_ext.LN65.pc.snd.wav,,loaded,bus_fx,grp_weapon,snp_wpn_1p,,70,0,83,83,0,5000,5000,allon,default,allon,default,3,8,oldest,oldest,-50,50,90,90,0.25,1,2d,default,nonlooping,volume,1,0,0,0,0,0.25,no,no,none,0,,no,ringoff_plr,outdoor,yes,no,no,0,0,yes,no,,0,,no,no,no
wpn_hamr_silencer_lfe,raw\sound\wpn\smg\mp7\plr\lfe\wpn_mp7_fire_lfe.LN65.pc.snd.wav,wpn_hamr_silencer_fire_plr_decay,loaded,bus_hdrfx,grp_wpn_lfe,snp_wpn_1p,,0,0,86,86,0,5000,5000,allon,default,allon,default,8,2,priority,oldest,0,0,85,90,0.25,1,2d,default,nonlooping,volume,1,0,0,0,0,0.25,no,no,none,0,,no,,,no,no,no,0,0,yes,no,,0,,no,no,no
wpn_hamr_silencer_LFE_npc,raw\sound\wpn\smg\mp7\plr\lfe\wpn_mp7_fire_lfe.LN65.pc.snd.wav,wpn_hamr_silencer_fire_npc_decay,loaded,bus_hdrfx,grp_wpn_lfe,snp_wpn_3p,,0,0,81,81,25,225,225,allon,default,allon,default,3,1,priority,oldest,0,0,40,90,0.25,0.75,3d,default,nonlooping,volume,1,0,0,0,0,0.25,no,no,none,0,,no,,,no,no,no,0,0,yes,no,,0,,no,no,no
fly_kard_hammer,raw\sound\wpn\pistol\reloads\fly_pistol_hammer.LN65.pc.snd.wav,,loaded,bus_fx,grp_foley,snp_foley,,30,0,86,89,0,5000,5000,allon,default,allon,default,8,8,priority,oldest,-88,84,70,70,0.25,1,2d,default,nonlooping,volume,1,0,0,0,0,0.25,no,yes,none,0,,no,,,yes,no,no,0,0,yes,no,,0,,no,no,no
fly_kard_mag_in,raw\sound\wpn\pistol\reloads\fly_pistol_mag_in.LN65.pc.snd.wav,,loaded,bus_fx,grp_foley,snp_foley,,30,0,86,89,0,5000,5000,allon,default,allon,default,8,8,priority,oldest,-88,84,70,70,0.25,1,2d,default,nonlooping,volume,1,0,0,0,0,0.25,no,yes,none,0,,no,,,yes,no,no,0,0,yes,no,,0,,no,no,no
fly_kard_mag_out,raw\sound\wpn\pistol\reloads\fly_pistol_mag_out.LN65.pc.snd.wav,,loaded,bus_fx,grp_foley,snp_foley,,30,0,86,89,0,5000,5000,allon,default,allon,default,8,8,priority,oldest,-88,84,70,70,0.25,1,2d,default,nonlooping,volume,1,0,0,0,0,0.25,no,yes,none,0,,no,,,yes,no,no,0,0,yes,no,,0,,no,no,no
fly_kard_slide_back,raw\sound\wpn\pistol\reloads\fly_pistol_sb.LN65.pc.snd.wav,,loaded,bus_fx,grp_foley,snp_foley,,30,0,86,89,0,5000,5000,allon,default,allon,default,8,8,priority,oldest,-88,84,70,70,0.25,1,2d,default,nonlooping,volume,1,0,0,0,0,0.25,no,yes,none,0,,no,,,yes,no,no,0,0,yes,no,,0,,no,no,no
fly_kard_slide_forward,raw\sound\wpn\pistol\reloads\fly_pistol_sf.LN65.pc.snd.wav,,loaded,bus_fx,grp_foley,snp_foley,,30,0,86,89,0,5000,5000,allon,default,allon,default,8,8,priority,oldest,-88,84,70,70,0.25,1,2d,default,nonlooping,volume,1,0,0,0,0,0.25,no,yes,none,0,,no,,,yes,no,no,0,0,yes,no,,0,,no,no,no
wpn_kard_1straise_npc,raw\sound\fly\gear\rattle\fly_cloth_00.LN65.pc.snd.wav,,loaded,bus_fx,grp_foley,snp_foley,,30,0,75,75,75,500,500,allon,default,allon,default,4,8,priority,oldest,-90,90,15,30,0.25,1,3d,default,nonlooping,volume,1,0,25,250,75,0.25,no,yes,none,0,,no,,,yes,no,no,0,0,yes,no,,0,,no,no,no
wpn_kard_1straise_npc,raw\sound\fly\gear\rattle\fly_cloth_01.LN65.pc.snd.wav,,loaded,bus_fx,grp_foley,snp_foley,,30,0,75,75,75,500,500,allon,default,allon,default,4,8,priority,oldest,-90,90,15,30,0.25,1,3d,default,nonlooping,volume,1,0,25,250,75,0.25,no,yes,none,0,,no,,,yes,no,no,0,0,yes,no,,0,,no,no,no
wpn_kard_1straise_npc,raw\sound\fly\gear\rattle\fly_cloth_02.LN65.pc.snd.wav,,loaded,bus_fx,grp_foley,snp_foley,,30,0,75,75,75,500,500,allon,default,allon,default,4,8,priority,oldest,-90,90,15,30,0.25,1,3d,default,nonlooping,volume,1,0,25,250,75,0.25,no,yes,none,0,,no,,,yes,no,no,0,0,yes,no,,0,,no,no,no
wpn_kard_1straise_npc,raw\sound\fly\gear\rattle\fly_cloth_03.LN65.pc.snd.wav,,loaded,bus_fx,grp_foley,snp_foley,,30,0,75,75,75,500,500,allon,default,allon,default,4,8,priority,oldest,-90,90,15,30,0.25,1,3d,default,nonlooping,volume,1,0,25,250,75,0.25,no,yes,none,0,,no,,,yes,no,no,0,0,yes,no,,0,,no,no,no
wpn_kard_1straise_plr,raw\sound\fly\gear\rattle\fly_cloth_00.LN65.pc.snd.wav,,loaded,bus_fx,grp_foley,snp_foley,,30,0,86,89,0,5000,5000,allon,default,allon,default,8,8,priority,oldest,-88,84,70,70,0.25,1,2d,default,nonlooping,volume,1,0,0,0,0,0.25,no,yes,none,0,,no,,,yes,no,no,0,0,yes,no,,0,,no,no,no
wpn_kard_1straise_plr,raw\sound\fly\gear\rattle\fly_cloth_01.LN65.pc.snd.wav,,loaded,bus_fx,grp_foley,snp_foley,,30,0,86,89,0,5000,5000,allon,default,allon,default,8,8,priority,oldest,-88,84,70,70,0.25,1,2d,default,nonlooping,volume,1,0,0,0,0,0.25,no,yes,none,0,,no,,,yes,no,no,0,0,yes,no,,0,,no,no,no
wpn_kard_1straise_plr,raw\sound\fly\gear\rattle\fly_cloth_02.LN65.pc.snd.wav,,loaded,bus_fx,grp_foley,snp_foley,,30,0,86,89,0,5000,5000,allon,default,allon,default,8,8,priority,oldest,-88,84,70,70,0.25,1,2d,default,nonlooping,volume,1,0,0,0,0,0.25,no,yes,none,0,,no,,,yes,no,no,0,0,yes,no,,0,,no,no,no
wpn_kard_1straise_plr,raw\sound\fly\gear\rattle\fly_cloth_03.LN65.pc.snd.wav,,loaded,bus_fx,grp_foley,snp_foley,,30,0,86,89,0,5000,5000,allon,default,allon,default,8,8,priority,oldest,-88,84,70,70,0.25,1,2d,default,nonlooping,volume,1,0,0,0,0,0.25,no,yes,none,0,,no,,,yes,no,no,0,0,yes,no,,0,,no,no,no
wpn_kard_dryfire_npc,raw\sound\wpn\smg\dry_fire\plr\dry_fire_plr.LN65.pc.snd.wav,,loaded,bus_fx,grp_weapon,snp_wpn_3p,,55,0,85,85,900,900,900,cosdelay,alloff,cosdelay,default,6,2,priority,oldest,-281,281,20,90,0.25,0.8,3d,default,nonlooping,volume,1,0,0,0,0,0.25,no,no,none,0,,no,,,yes,no,no,0,0,yes,no,,0,,no,no,no
wpn_kard_dryfire_plr,raw\sound\wpn\smg\dry_fire\plr\dry_fire_plr.LN65.pc.snd.wav,,loaded,bus_fx,grp_weapon,snp_wpn_1p,,65,0,90,90,0,5000,5000,allon,default,allon,default,2,8,oldest,oldest,0,0,90,90,0.25,1,2d,default,nonlooping,volume,1,0,0,0,0,0.25,no,no,none,0,,no,,,yes,no,no,0,0,yes,no,,0,,no,no,no
wpn_kard_fire_npc,raw\sound\wpn\smg\kard\plr\shot\wpn_kard_shot_plr.LN65.pc.snd.wav,wpn_kard_LFE_npc,loaded,bus_fx,grp_weapon,snp_wpn_3p,,55,0,85,85,900,900,900,cosdelay,alloff,cosdelay,default,6,2,priority,oldest,-25,25,20,90,0.25,0.8,3d,default,nonlooping,,1,0,0,0,0,0.3,no,no,none,0,,no,,,yes,no,no,0,0,yes,no,,0,,no,no,no
wpn_kard_fire_npc_decay,raw\sound\wpn\pistol\decay\ext\wpn_pistol_decay_ext.LN65.pc.snd.wav,,loaded,bus_fx,grp_weapon,snp_wpn_3p,,55,0,75,75,50,900,900,allon,default,rcurve1,default,10,1,reject,oldest,-100,100,20,70,0.15,1,3d,default,nonlooping,volume,1,0,0,0,0,0.25,no,no,none,0,,no,ringoff_plr,outdoor,yes,no,no,0,0,yes,no,,0,,no,no,no
wpn_kard_fire_npc_decay,raw\sound\wpn\pistol\decay\int\wpn_pistol_decay_int.LN65.pc.snd.wav,,loaded,bus_fx,grp_weapon,snp_wpn_3p,,55,0,75,75,50,900,900,allon,default,rcurve1,default,10,1,reject,oldest,-100,100,20,70,0.15,1,3d,default,nonlooping,volume,1,0,0,0,0,0.25,no,no,none,0,,no,ringoff_plr,indoor,yes,no,no,0,0,yes,no,,0,,no,no,no
wpn_kard_fire_npc_dist,raw\sound\wpn\dist_guns\pis\wpn_pistol_dist_00.LN65.pc.snd.wav,wpn_kard_fire_npc_decay,loaded,bus_fx,grp_weapon,snp_wpn_3p,,80,0,81,81,900,6000,12500,sindelay,default,sindelay,allon,6,2,priority,oldest,-300,300,90,40,0.25,1,3d,default,nonlooping,,1,0,0,0,0,0.25,no,no,none,0,,no,,,yes,no,no,0,0,yes,no,,0,,no,no,no
wpn_kard_fire_npc_dist,raw\sound\wpn\dist_guns\pis\wpn_pistol_dist_01.LN65.pc.snd.wav,wpn_kard_fire_npc_decay,loaded,bus_fx,grp_weapon,snp_wpn_3p,,80,0,81,81,900,6000,12500,sindelay,default,sindelay,allon,6,2,priority,oldest,-300,300,90,40,0.25,1,3d,default,nonlooping,,1,0,0,0,0,0.25,no,no,none,0,,no,,,yes,no,no,0,0,yes,no,,0,,no,no,no
wpn_kard_fire_npc_dist,raw\sound\wpn\dist_guns\pis\wpn_pistol_dist_02.LN65.pc.snd.wav,wpn_kard_fire_npc_decay,loaded,bus_fx,grp_weapon,snp_wpn_3p,,80,0,81,81,900,6000,12500,sindelay,default,sindelay,allon,6,2,priority,oldest,-300,300,90,40,0.25,1,3d,default,nonlooping,,1,0,0,0,0,0.25,no,no,none,0,,no,,,yes,no,no,0,0,yes,no,,0,,no,no,no
wpn_kard_fire_npc_pap,raw\sound\wpn\pap\pap_shot_st.LN65.pc.snd.wav,wpn_kard_flux_l_npc_pap,loaded,bus_fx,grp_weapon,snp_wpn_3p,,80,0,82,82,75,1250,1250,allon,default,allon,default,10,3,priority,oldest,-100,100,50,90,0.35,1,3d,default,nonlooping,volume pitch,1,0,0,0,0,0.25,no,no,none,0,,no,,,yes,no,no,0,0,yes,no,,0,,no,no,no
wpn_kard_fire_plr,raw\sound\wpn\smg\kard\plr\shot\wpn_kard_shot_plr.LN65.pc.snd.wav,wpn_kard_LFE,loaded,bus_fx,grp_weapon,snp_wpn_1p,,65,0,90,90,0,5000,5000,allon,default,allon,default,2,8,oldest,oldest,-25,25,90,90,0.25,1,2d,default,nonlooping,volume,1,0,0,0,0,0.25,no,no,none,0,,no,,,yes,no,no,0,0,yes,no,,0,,no,no,no
wpn_kard_fire_plr_decay,raw\sound\wpn\pistol\decay\ext\wpn_pistol_decay_ext.LN65.pc.snd.wav,,loaded,bus_fx,grp_weapon,snp_wpn_1p,,65,0,80,80,0,5000,5000,allon,default,allon,default,3,8,oldest,oldest,-50,50,90,90,0.25,1,2d,default,nonlooping,volume,1,0,0,0,0,0.25,no,no,none,0,,no,ringoff_plr,outdoor,yes,no,no,0,0,yes,no,,0,,no,no,no
wpn_kard_fire_plr_decay,raw\sound\wpn\pistol\decay\int\wpn_pistol_decay_int.LN65.pc.snd.wav,,loaded,bus_fx,grp_weapon,snp_wpn_1p,,65,0,80,80,0,5000,5000,allon,default,allon,default,3,8,oldest,oldest,-50,50,90,90,0.25,1,2d,default,nonlooping,volume,1,0,0,0,0,0.25,no,no,none,0,,no,ringoff_plr,indoor,yes,no,no,0,0,yes,no,,0,,no,no,no
wpn_kard_fire_plr_lh,raw\sound\wpn\smg\kard\plr\shot\wpn_kard_shot_plr.LN65.pc.snd.wav,wpn_kard_LFE,loaded,bus_fx,grp_weapon,snp_wpn_1p,,65,0,90,90,0,5000,5000,allon,default,allon,default,2,8,oldest,oldest,0,0,90,90,0.25,1,2d,default,nonlooping,volume,1,0,0,0,0,0.25,no,no,none,0,,no,,,yes,no,no,0,0,yes,no,,0,,no,no,no
wpn_kard_fire_plr_pap,raw\sound\wpn\pap\pap_shot_st.LN65.pc.snd.wav,wpn_kard_flux_l_plr_pap,loaded,bus_hdrfx,grp_weapon,snp_wpn_1p,,70,0,87,87,0,5000,5000,allon,default,allon,default,1,8,oldest,oldest,0,0,90,90,0.25,1,2d,default,nonlooping,volume,1,0,0,0,0,0.25,no,no,none,0,,no,,,yes,no,no,0,0,yes,no,,0,,no,no,no
wpn_kard_fire_plr_rh,raw\sound\wpn\smg\kard\plr\shot\wpn_kard_shot_plr.LN65.pc.snd.wav,wpn_kard_LFE,loaded,bus_fx,grp_weapon,snp_wpn_1p,,65,0,90,90,0,5000,5000,allon,default,allon,default,2,8,oldest,oldest,0,0,90,90,0.25,1,2d,default,nonlooping,volume,1,0,0,0,0,0.25,no,no,none,0,,no,,,yes,no,no,0,0,yes,no,,0,,no,no,no
wpn_kard_flux_l_npc_pap,raw\sound\wpn\pap\pap_flux_left.LN65.pc.snd.wav,wpn_kard_flux_r_npc_pap,loaded,bus_fx,grp_weapon,snp_wpn_3p,,84,0,75,75,25,900,900,allon,default,allon,default,8,4,priority,priority,-34,34,85,90,0.25,1,3d,default,nonlooping,volume pitch,1,0,0,0,0,0.25,no,no,left_shot,4000,,no,,,yes,no,no,0,0,yes,no,,0,,no,no,no
wpn_kard_flux_l_plr_pap,raw\sound\wpn\pap\pap_flux_left.LN65.pc.snd.wav,wpn_kard_flux_r_plr_pap,loaded,bus_fx,grp_weapon,snp_wpn_3p,,84,0,75,75,25,900,900,allon,default,allon,default,8,4,priority,priority,-34,34,85,90,0.25,1,3d,default,nonlooping,volume pitch,1,0,0,0,0,0.25,no,no,left_shot,4000,,no,,,yes,no,no,0,0,yes,no,,0,,no,no,no
wpn_kard_flux_r_npc_pap,raw\sound\wpn\pap\pap_flux_right.LN65.pc.snd.wav,wpn_kard_fire_npc,loaded,bus_fx,grp_weapon,snp_wpn_3p,,84,0,75,75,25,900,900,allon,default,allon,default,8,4,priority,priority,-34,34,85,90,0.25,1,3d,default,nonlooping,volume pitch,1,0,0,0,0,0.25,no,no,right_shot,4000,,no,,,yes,no,no,0,0,yes,no,,0,,no,no,no
wpn_kard_flux_r_plr_pap,raw\sound\wpn\pap\pap_flux_right.LN65.pc.snd.wav,wpn_kard_fire_plr,loaded,bus_fx,grp_weapon,snp_wpn_3p,,84,0,75,75,25,900,900,allon,default,allon,default,8,4,priority,priority,-34,34,85,90,0.25,1,3d,default,nonlooping,volume pitch,1,0,0,0,0,0.25,no,no,right_shot,4000,,no,,,yes,no,no,0,0,yes,no,,0,,no,no,no
wpn_kard_LFE,raw\sound\wpn\smg\mp7\plr\lfe\wpn_mp7_fire_lfe.LN65.pc.snd.wav,wpn_kard_fire_plr_decay,loaded,bus_hdrfx,grp_wpn_lfe,snp_wpn_1p,,0,0,86,86,0,5000,5000,allon,default,allon,default,2,2,priority,oldest,0,0,85,90,0.25,1,2d,default,nonlooping,volume,1,0,0,0,0,0.25,no,no,none,0,,no,,,no,no,no,0,0,yes,no,,0,,no,no,no
wpn_kard_LFE_npc,raw\sound\wpn\smg\mp7\plr\lfe\wpn_mp7_fire_lfe.LN65.pc.snd.wav,wpn_kard_fire_npc_dist,loaded,bus_hdrfx,grp_wpn_lfe,snp_wpn_3p,,0,0,81,81,25,225,225,allon,default,allon,default,2,1,priority,oldest,0,0,40,90,0.25,0.75,3d,default,nonlooping,volume,1,0,0,0,0,0.25,no,no,none,0,,no,,,no,no,no,0,0,yes,no,,0,,no,no,no
wpn_kard_pickup_npc,raw\sound\fly\pickups\weapon\fly_weapon_pickup_00.LN65.pc.snd.wav,,loaded,bus_fx,grp_foley,snp_foley,,30,0,75,75,75,500,500,allon,default,allon,default,2,1,priority,reject,-50,50,15,30,0.25,1,3d,default,nonlooping,volume,1,0,25,250,75,0.25,no,yes,none,0,,no,,,yes,no,no,0,0,yes,no,,0,,no,no,no
wpn_kard_pickup_npc,raw\sound\fly\pickups\weapon\fly_weapon_pickup_01.LN65.pc.snd.wav,,loaded,bus_fx,grp_foley,snp_foley,,30,0,75,75,75,500,500,allon,default,allon,default,2,1,priority,reject,-50,50,15,30,0.25,1,3d,default,nonlooping,volume,1,0,25,250,75,0.25,no,yes,none,0,,no,,,yes,no,no,0,0,yes,no,,0,,no,no,no
wpn_kard_pickup_plr,raw\sound\fly\pickups\weapon\fly_weapon_pickup_00.LN65.pc.snd.wav,,loaded,bus_fx,grp_foley,snp_foley,,30,0,75,75,0,5000,5000,allon,default,allon,default,1,8,reject,oldest,-88,84,70,70,0.25,1,2d,default,nonlooping,volume,1,0,0,0,0,0.25,no,yes,none,0,,no,,,yes,no,no,0,0,yes,no,,0,,no,no,no
wpn_kard_pickup_plr,raw\sound\fly\pickups\weapon\fly_weapon_pickup_01.LN65.pc.snd.wav,,loaded,bus_fx,grp_foley,snp_foley,,30,0,75,75,0,5000,5000,allon,default,allon,default,1,8,reject,oldest,-88,84,70,70,0.25,1,2d,default,nonlooping,volume,1,0,0,0,0,0.25,no,yes,none,0,,no,,,yes,no,no,0,0,yes,no,,0,,no,no,no
wpn_kard_raise_npc,raw\sound\fly\gear\rattle\fly_cloth_00.LN65.pc.snd.wav,,loaded,bus_fx,grp_foley,snp_foley,,30,0,75,75,75,500,500,allon,default,allon,default,4,8,priority,oldest,-90,90,15,30,0.25,1,3d,default,nonlooping,volume,1,0,25,250,75,0.25,no,yes,none,0,,no,,,yes,no,no,0,0,yes,no,,0,,no,no,no
wpn_kard_raise_npc,raw\sound\fly\gear\rattle\fly_cloth_01.LN65.pc.snd.wav,,loaded,bus_fx,grp_foley,snp_foley,,30,0,75,75,75,500,500,allon,default,allon,default,4,8,priority,oldest,-90,90,15,30,0.25,1,3d,default,nonlooping,volume,1,0,25,250,75,0.25,no,yes,none,0,,no,,,yes,no,no,0,0,yes,no,,0,,no,no,no
wpn_kard_raise_npc,raw\sound\fly\gear\rattle\fly_cloth_02.LN65.pc.snd.wav,,loaded,bus_fx,grp_foley,snp_foley,,30,0,75,75,75,500,500,allon,default,allon,default,4,8,priority,oldest,-90,90,15,30,0.25,1,3d,default,nonlooping,volume,1,0,25,250,75,0.25,no,yes,none,0,,no,,,yes,no,no,0,0,yes,no,,0,,no,no,no
wpn_kard_raise_npc,raw\sound\fly\gear\rattle\fly_cloth_03.LN65.pc.snd.wav,,loaded,bus_fx,grp_foley,snp_foley,,30,0,75,75,75,500,500,allon,default,allon,default,4,8,priority,oldest,-90,90,15,30,0.25,1,3d,default,nonlooping,volume,1,0,25,250,75,0.25,no,yes,none,0,,no,,,yes,no,no,0,0,yes,no,,0,,no,no,no
wpn_kard_raise_plr,raw\sound\fly\gear\rattle\fly_cloth_00.LN65.pc.snd.wav,,loaded,bus_fx,grp_foley,snp_foley,,30,0,86,89,0,5000,5000,allon,default,allon,default,8,8,priority,oldest,-88,84,70,70,0.25,1,2d,default,nonlooping,volume,1,0,0,0,0,0.25,no,yes,none,0,,no,,,yes,no,no,0,0,yes,no,,0,,no,no,no
wpn_kard_raise_plr,raw\sound\fly\gear\rattle\fly_cloth_01.LN65.pc.snd.wav,,loaded,bus_fx,grp_foley,snp_foley,,30,0,86,89,0,5000,5000,allon,default,allon,default,8,8,priority,oldest,-88,84,70,70,0.25,1,2d,default,nonlooping,volume,1,0,0,0,0,0.25,no,yes,none,0,,no,,,yes,no,no,0,0,yes,no,,0,,no,no,no
wpn_kard_raise_plr,raw\sound\fly\gear\rattle\fly_cloth_02.LN65.pc.snd.wav,,loaded,bus_fx,grp_foley,snp_foley,,30,0,86,89,0,5000,5000,allon,default,allon,default,8,8,priority,oldest,-88,84,70,70,0.25,1,2d,default,nonlooping,volume,1,0,0,0,0,0.25,no,yes,none,0,,no,,,yes,no,no,0,0,yes,no,,0,,no,no,no
wpn_kard_raise_plr,raw\sound\fly\gear\rattle\fly_cloth_03.LN65.pc.snd.wav,,loaded,bus_fx,grp_foley,snp_foley,,30,0,86,89,0,5000,5000,allon,default,allon,default,8,8,priority,oldest,-88,84,70,70,0.25,1,2d,default,nonlooping,volume,1,0,0,0,0,0.25,no,yes,none,0,,no,,,yes,no,no,0,0,yes,no,,0,,no,no,no
wpn_kard_silencer_fire_npc,raw\sound\wpn\pistol\fiveseven\plr\shot\silenced\wpn_fiveseven_sil_shot_plr.LN65.pc.snd.wav,wpn_kard_silencer_LFE_npc,loaded,bus_fx,grp_weapon,snp_wpn_3p,,0,0,85,85,900,900,900,cosdelay,alloff,cosdelay,default,6,2,priority,oldest,-50,50,20,90,0.25,0.8,3d,default,nonlooping,volume,1,0,0,0,0,0.25,no,no,none,0,,no,,,yes,no,no,0,0,yes,no,,0,,no,no,no
wpn_kard_silencer_fire_npc_decay,raw\sound\wpn\pistol\decay\ext\silenced\wpn_pistol_decay_silenced_ext.LN65.pc.snd.wav,,loaded,bus_fx,grp_weapon,snp_wpn_3p,,55,0,75,75,50,900,900,allon,default,rcurve1,default,10,1,reject,oldest,-100,100,20,70,0.15,1,3d,default,nonlooping,volume,1,0,0,0,0,0.25,no,no,none,0,,no,ringoff_plr,outdoor,yes,no,no,0,0,yes,no,,0,,no,no,no
wpn_kard_silencer_fire_npc_decay,raw\sound\wpn\pistol\decay\int\silenced\wpn_pistol_decay_silenced_int.LN65.pc.snd.wav,,loaded,bus_fx,grp_weapon,snp_wpn_3p,,55,0,75,75,50,900,900,allon,default,rcurve1,default,10,1,reject,oldest,-100,100,20,70,0.15,1,3d,default,nonlooping,volume,1,0,0,0,0,0.25,no,no,none,0,,no,ringoff_plr,indoor,yes,no,no,0,0,yes,no,,0,,no,no,no
wpn_kard_silencer_fire_plr,raw\sound\wpn\pistol\fiveseven\plr\shot\silenced\wpn_fiveseven_sil_shot_plr.LN65.pc.snd.wav,wpn_kard_silencer_LFE,loaded,bus_fx,grp_weapon,snp_wpn_1p,,0,0,90,90,0,5000,5000,allon,default,allon,default,2,8,oldest,oldest,-25,-25,90,90,0.25,1,2d,default,nonlooping,volume,1,0,0,0,0,0.25,no,no,none,0,,no,,,yes,no,no,0,0,yes,no,,0,,no,no,no
wpn_kard_silencer_fire_plr_decay,raw\sound\wpn\pistol\decay\ext\silenced\wpn_pistol_decay_silenced_ext.LN65.pc.snd.wav,,loaded,bus_fx,grp_weapon,snp_wpn_1p,,75,0,80,80,0,5000,5000,allon,default,allon,default,3,8,oldest,oldest,-50,50,90,90,0.25,1,2d,default,nonlooping,volume,1,0,0,0,0,0.25,no,no,none,0,,no,ringoff_plr,outdoor,yes,no,no,0,0,yes,no,,0,,no,no,no
wpn_kard_silencer_fire_plr_decay,raw\sound\wpn\pistol\decay\int\silenced\wpn_pistol_decay_silenced_int.LN65.pc.snd.wav,,loaded,bus_fx,grp_weapon,snp_wpn_1p,,75,0,83,83,0,5000,5000,allon,default,allon,default,3,8,oldest,oldest,-50,50,90,90,0.25,1,2d,default,nonlooping,volume,1,0,0,0,0,0.25,no,no,none,0,,no,ringoff_plr,indoor,yes,no,no,0,0,yes,no,,0,,no,no,no
wpn_kard_silencer_LFE,raw\sound\wpn\smg\mp7\plr\lfe\wpn_mp7_fire_lfe.LN65.pc.snd.wav,wpn_kard_silencer_fire_plr_decay,loaded,bus_hdrfx,grp_wpn_lfe,snp_wpn_1p,,0,0,86,86,0,5000,5000,allon,default,allon,default,2,2,priority,oldest,0,0,85,90,0.25,1,2d,default,nonlooping,volume,1,0,0,0,0,0.25,no,no,none,0,,no,,,no,no,no,0,0,yes,no,,0,,no,no,no
wpn_kard_silencer_LFE_npc,raw\sound\wpn\smg\mp7\plr\lfe\wpn_mp7_fire_lfe.LN65.pc.snd.wav,wpn_kard_silencer_fire_npc_decay,loaded,bus_hdrfx,grp_wpn_lfe,snp_wpn_3p,,0,0,81,81,25,225,225,allon,default,allon,default,3,1,priority,oldest,0,0,40,90,0.25,0.75,3d,default,nonlooping,volume,1,0,0,0,0,0.25,no,no,none,0,,no,,,no,no,no,0,0,yes,no,,0,,no,no,no
fly_gl_close,raw\sound\wpn\grenade_launcher\reload\fly_m32_close.LN65.pc.snd.wav,,loaded,bus_fx,grp_foley,snp_foley,,30,0,86,89,0,5000,5000,allon,default,allon,default,8,8,priority,oldest,-88,84,70,70,0.25,1,2d,default,nonlooping,volume,1,0,0,0,0,0.25,no,yes,none,0,,no,,,yes,no,no,0,0,yes,no,,0,,no,no,no
fly_gl_gren_in,raw\sound\wpn\grenade_launcher\reload\fly_m32_loading.LN65.pc.snd.wav,,loaded,bus_fx,grp_foley,snp_foley,,30,0,86,89,0,5000,5000,allon,default,allon,default,8,8,priority,oldest,-88,84,70,70,0.25,1,2d,default,nonlooping,volume,1,0,0,0,0,0.25,no,yes,none,0,,no,,,yes,no,no,0,0,yes,no,,0,,no,no,no
fly_gl_gren_out,raw\sound\wpn\gren_launcher\attachment\reload\fly_grenlaunch_gren_out.LN65.pc.snd.wav,prj_brass_gren_case,loaded,bus_fx,grp_foley,snp_foley,,30,0,86,89,0,5000,5000,allon,default,allon,default,8,8,priority,oldest,-88,84,70,70,0.25,1,2d,default,nonlooping,volume,1,0,0,0,0,0.25,no,yes,none,0,,no,,,yes,no,no,0,0,yes,no,,0,,no,no,no
fly_gl_open,raw\sound\wpn\grenade_launcher\reload\fly_m32_open.LN65.pc.snd.wav,,loaded,bus_fx,grp_foley,snp_foley,,30,0,86,89,0,5000,5000,allon,default,allon,default,8,8,priority,oldest,-88,84,70,70,0.25,1,2d,default,nonlooping,volume,1,0,0,0,0,0.25,no,yes,none,0,,no,,,yes,no,no,0,0,yes,no,,0,,no,no,no
fly_gl_raise_rotate,raw\sound\wpn\grenade_launcher\reload\fly_m32_raise_rotate.LN65.pc.snd.wav,,loaded,bus_fx,grp_foley,snp_foley,,30,0,86,89,0,5000,5000,allon,default,allon,default,8,8,priority,oldest,-88,84,70,70,0.25,1,2d,default,nonlooping,volume,1,0,0,0,0,0.25,no,yes,none,0,,no,,,yes,no,no,0,0,yes,no,,0,,no,no,no
fly_gl_raise_switch,raw\sound\wpn\grenade_launcher\reload\fly_m32_switch.LN65.pc.snd.wav,,loaded,bus_fx,grp_foley,snp_foley,,30,0,88,88,0,5000,5000,allon,default,allon,default,8,8,priority,oldest,-88,84,70,70,0.25,1,2d,default,nonlooping,volume,1,0,0,0,0,0.25,no,yes,none,0,,no,,,yes,no,no,0,0,yes,no,,0,,no,no,no
fly_gl_reload_rotate,raw\sound\wpn\grenade_launcher\reload\fly_m32_reload_turn.LN65.pc.snd.wav,,loaded,bus_fx,grp_foley,snp_foley,,30,0,86,89,0,5000,5000,allon,default,allon,default,8,8,priority,oldest,-88,84,70,70,0.25,1,2d,default,nonlooping,volume,1,0,0,0,0,0.25,no,yes,none,0,,no,,,yes,no,no,0,0,yes,no,,0,,no,no,no
fly_gl_rifle_close,raw\sound\wpn\gren_launcher\attachment\reload\fly_grenlaunch_close.LN65.pc.snd.wav,,loaded,bus_fx,grp_foley,snp_foley,,30,0,86,89,0,5000,5000,allon,default,allon,default,8,8,priority,oldest,-88,84,70,70,0.25,1,2d,default,nonlooping,volume,1,0,0,0,0,0.25,no,yes,none,0,,no,,,yes,no,no,0,0,yes,no,,0,,no,no,no
fly_gl_rifle_gren_in,raw\sound\wpn\gren_launcher\attachment\reload\fly_grenlaunch_gren_in.LN65.pc.snd.wav,,loaded,bus_fx,grp_foley,snp_foley,,30,0,86,89,0,5000,5000,allon,default,allon,default,8,8,priority,oldest,-88,84,70,70,0.25,1,2d,default,nonlooping,volume,1,0,0,0,0,0.25,no,yes,none,0,,no,,,yes,no,no,0,0,yes,no,,0,,no,no,no
fly_gl_rifle_gren_out,raw\sound\wpn\gren_launcher\attachment\reload\fly_grenlaunch_gren_out.LN65.pc.snd.wav,prj_brass_gren_case,loaded,bus_fx,grp_foley,snp_foley,,30,0,86,89,0,5000,5000,allon,default,allon,default,8,8,priority,oldest,-88,84,70,70,0.25,1,2d,default,nonlooping,volume,1,0,0,0,0,0.25,no,yes,none,0,,no,,,yes,no,no,0,0,yes,no,,0,,no,no,no
fly_gl_rifle_open,raw\sound\wpn\gren_launcher\attachment\reload\fly_grenlaunch_open.LN65.pc.snd.wav,,loaded,bus_fx,grp_foley,snp_foley,,30,0,86,89,0,5000,5000,allon,default,allon,default,8,8,priority,oldest,-88,84,70,70,0.25,1,2d,default,nonlooping,volume,1,0,0,0,0,0.25,no,yes,none,0,,no,,,yes,no,no,0,0,yes,no,,0,,no,no,no
fly_gl_rotate,raw\sound\wpn\grenade_launcher\reload\fly_m32_rotate.LN65.pc.snd.wav,,loaded,bus_fx,grp_foley,snp_foley,,30,0,86,89,0,5000,5000,allon,default,allon,default,8,8,priority,oldest,-20,20,70,70,0.25,1,2d,default,nonlooping,volume,1,0,0,0,0,0.25,no,yes,none,0,,no,,,yes,no,no,0,0,yes,no,,0,,no,no,no
wpn_m32_bass_swt,raw\sound\wpn\gren_launcher\china_lake\lfe\lfe_00.LN65.pc.snd.wav,,loaded,bus_fx,grp_weapon,snp_wpn_1p,,0,0,75,75,0,5000,5000,allon,default,allon,default,1,8,oldest,oldest,0,0,90,90,0.25,1,2d,default,nonlooping,volume,1,0,0,0,0,0.25,no,no,none,0,,no,,,yes,no,no,0,0,yes,no,,0,,no,no,no
wpn_m32_dryfire_npc,raw\sound\wpn\assault\dry_fire\npc\dry_fire_00.LN65.pc.snd.wav,,loaded,bus_fx,grp_weapon,snp_wpn_3p,,55,0,82,82,900,900,901,cosdelay,alloff,cosdelay,default,8,2,priority,oldest,-125,125,40,90,0.25,0.8,3d,default,nonlooping,volume,1,0,0,0,0,0.25,no,no,none,0,,no,,,yes,no,no,0,0,yes,no,,0,,no,no,no
wpn_m32_dryfire_plr,raw\sound\wpn\assault\dry_fire\plr\dry_fire_00.LN65.pc.snd.wav,,loaded,bus_fx,grp_weapon,snp_wpn_1p,,65,0,93,93,0,5000,5000,allon,default,allon,default,3,8,oldest,oldest,0,0,90,90,0.25,1,2d,default,nonlooping,volume,1,0,0,0,0,0.25,no,no,none,0,,no,,,yes,no,no,0,0,yes,no,,0,,no,no,no
wpn_m32_fire_npc,raw\sound\wpn\gren_launcher\china_lake\plr\shot\shot_00.LN65.pc.snd.wav,,loaded,bus_fx,grp_weapon,snp_wpn_3p,,55,0,82,82,900,900,901,cosdelay,alloff,cosdelay,default,8,3,priority,oldest,-300,200,40,90,0.25,0.8,3d,default,nonlooping,volume,1,0,0,0,0,0.25,no,no,none,0,,no,,,yes,no,no,0,0,yes,no,,0,,no,no,no
wpn_m32_fire_npc_pap,raw\sound\wpn\pap\pap_shot_st.LN65.pc.snd.wav,wpn_m32_flux_l_npc_pap,loaded,bus_fx,grp_weapon,snp_wpn_3p,,80,0,82,82,75,1250,1250,allon,default,allon,default,10,3,priority,oldest,-100,100,50,90,0.35,1,3d,default,nonlooping,volume pitch,1,0,0,0,0,0.25,no,no,none,0,,no,,,yes,no,no,0,0,yes,no,,0,,no,no,no
wpn_m32_fire_plr,raw\sound\wpn\grenade_launcher\gas\plr\shot\wpn_m32_fire_plr_00.LN65.pc.snd.wav,wpn_m32_bass_swt,loaded,bus_fx,grp_weapon,snp_wpn_1p,,65,0,90,90,0,5000,5000,allon,default,allon,default,3,8,oldest,oldest,0,0,90,90,0.25,1,2d,default,nonlooping,volume,1,0,0,0,0,0.25,no,no,none,0,,no,,,yes,no,no,0,0,yes,no,,0,,no,no,no
wpn_m32_fire_plr_pap,raw\sound\wpn\pap\pap_shot_st.LN65.pc.snd.wav,wpn_m32_flux_l_plr_pap,loaded,bus_hdrfx,grp_weapon,snp_wpn_1p,,70,0,87,87,0,5000,5000,allon,default,allon,default,1,8,oldest,oldest,0,0,90,90,0.25,1,2d,default,nonlooping,volume,1,0,0,0,0,0.25,no,no,none,0,,no,,,yes,no,no,0,0,yes,no,,0,,no,no,no
wpn_m32_flux_l_npc_pap,raw\sound\wpn\pap\pap_flux_left.LN65.pc.snd.wav,wpn_m32_flux_r_npc_pap,loaded,bus_fx,grp_weapon,snp_wpn_3p,,84,0,75,75,25,900,900,allon,default,allon,default,8,4,priority,priority,-34,34,85,90,0.25,1,3d,default,nonlooping,volume pitch,1,0,0,0,0,0.25,no,no,left_shot,4000,,no,,,yes,no,no,0,0,yes,no,,0,,no,no,no
wpn_m32_flux_l_plr_pap,raw\sound\wpn\pap\pap_flux_left.LN65.pc.snd.wav,wpn_m32_flux_r_plr_pap,loaded,bus_fx,grp_weapon,snp_wpn_3p,,84,0,75,75,25,900,900,allon,default,allon,default,8,4,priority,priority,-34,34,85,90,0.25,1,3d,default,nonlooping,volume pitch,1,0,0,0,0,0.25,no,no,left_shot,4000,,no,,,yes,no,no,0,0,yes,no,,0,,no,no,no
wpn_m32_flux_r_npc_pap,raw\sound\wpn\pap\pap_flux_right.LN65.pc.snd.wav,wpn_m32_fire_npc,loaded,bus_fx,grp_weapon,snp_wpn_3p,,84,0,75,75,25,900,900,allon,default,allon,default,8,4,priority,priority,-34,34,85,90,0.25,1,3d,default,nonlooping,volume pitch,1,0,0,0,0,0.25,no,no,right_shot,4000,,no,,,yes,no,no,0,0,yes,no,,0,,no,no,no
wpn_m32_flux_r_plr_pap,raw\sound\wpn\pap\pap_flux_right.LN65.pc.snd.wav,wpn_m32_fire_plr,loaded,bus_fx,grp_weapon,snp_wpn_3p,,84,0,75,75,25,900,900,allon,default,allon,default,8,4,priority,priority,-34,34,85,90,0.25,1,3d,default,nonlooping,volume pitch,1,0,0,0,0,0.25,no,no,right_shot,4000,,no,,,yes,no,no,0,0,yes,no,,0,,no,no,no
wpn_m32_proj_explode,raw\sound\wpn\grenade\explosion\explode\explode_00.LN65.pc.snd.wav,wpn_grenade_explode_close,loaded,bus_fx,grp_explosion,snp_grenade,,60,0,86,88,750,4500,6000,allon,default,allon,default,4,8,oldest,oldest,-300,300,90,99,0.25,0.8,3d,default,nonlooping,volume,1,0,0,0,0,0.1,yes,no,none,0,,no,,,yes,no,no,0,0,yes,no,,0,,no,no,no
wpn_m32_proj_loop,raw\sound\prj\grenade\whizby\grenade_whizby_00.LL65.pc.snd.wav,,loaded,bus_fx,grp_weapon,snp_wpn_3p,,55,0,72,72,50,375,375,cosdelay,alloff,cosdelay,default,6,2,priority,oldest,-88,84,50,90,0.25,0.8,3d,default,looping,volume,1,0,0,0,0,0.25,no,no,none,0,,yes,,,yes,no,no,0,0,yes,no,,0,,no,no,no
fly_barrettm82_bolt_back,raw\sound\wpn\sniper\reload\fly_sniper_bb.LN65.pc.snd.wav,prj_brass_impact_plr_large_dirt,loaded,bus_fx,grp_foley,snp_foley,,30,0,86,89,0,5000,5000,allon,default,allon,default,8,8,priority,oldest,-88,84,70,70,0.25,1,2d,default,nonlooping,volume,1,0,0,0,0,0.25,no,yes,none,0,,no,,,yes,no,no,0,0,yes,no,,0,,no,no,no
fly_barrettm82_bolt_down,raw\sound\wpn\sniper\reload\fly_sniper_bd.LN65.pc.snd.wav,,loaded,bus_fx,grp_foley,snp_foley,,30,0,86,89,0,5000,5000,allon,default,allon,default,8,8,priority,oldest,-88,84,70,70,0.25,1,2d,default,nonlooping,volume,1,0,0,0,0,0.25,no,yes,none,0,,no,,,yes,no,no,0,0,yes,no,,0,,no,no,no
fly_barrettm82_bolt_forward,raw\sound\wpn\sniper\reload\fly_sniper_bf.LN65.pc.snd.wav,,loaded,bus_fx,grp_foley,snp_foley,,30,0,86,89,0,5000,5000,allon,default,allon,default,8,8,priority,oldest,-88,84,70,70,0.25,1,2d,default,nonlooping,volume,1,0,0,0,0,0.25,no,yes,none,0,,no,,,yes,no,no,0,0,yes,no,,0,,no,no,no
fly_barrettm82_bolt_up,raw\sound\wpn\sniper\reload\fly_sniper_bu.LN65.pc.snd.wav,,loaded,bus_fx,grp_foley,snp_foley,,30,0,86,89,0,5000,5000,allon,default,allon,default,8,8,priority,oldest,-88,84,70,70,0.25,1,2d,default,nonlooping,volume,1,0,0,0,0,0.25,no,yes,none,0,,no,,,yes,no,no,0,0,yes,no,,0,,no,no,no
fly_barrettm82_dial_sight,raw\sound\wpn\rocket\m202\foley\fly_m202_flip_sight.LN65.pc.snd.wav,,loaded,bus_fx,grp_foley,snp_foley,,30,0,86,89,0,5000,5000,allon,default,allon,default,8,8,priority,oldest,-88,84,70,70,0.25,1,2d,default,nonlooping,volume,1,0,0,0,0,0.25,no,yes,none,0,,no,,,yes,no,no,0,0,yes,no,,0,,no,no,no
fly_barrettm82_mag_in,raw\sound\wpn\sniper\reload\fly_sniper_mag_in.LN65.pc.snd.wav,,loaded,bus_fx,grp_foley,snp_foley,,30,0,86,89,0,5000,5000,allon,default,allon,default,8,8,priority,oldest,-88,84,70,70,0.25,1,2d,default,nonlooping,volume,1,0,0,0,0,0.25,no,yes,none,0,,no,,,yes,no,no,0,0,yes,no,,0,,no,no,no
fly_barrettm82_mag_out,raw\sound\wpn\sniper\reload\fly_sniper_mag_out.LN65.pc.snd.wav,,loaded,bus_fx,grp_foley,snp_foley,,30,0,86,89,0,5000,5000,allon,default,allon,default,8,8,priority,oldest,-88,84,70,70,0.25,1,2d,default,nonlooping,volume,1,0,0,0,0,0.25,no,yes,none,0,,no,,,yes,no,no,0,0,yes,no,,0,,no,no,no
wpn_barrettm82_1straise_plr,raw\sound\fly\gear\rattle\fly_cloth_00.LN65.pc.snd.wav,,loaded,bus_fx,grp_foley,snp_foley,,30,0,86,89,0,5000,5000,allon,default,allon,default,8,8,priority,oldest,-88,84,70,70,0.25,1,2d,default,nonlooping,volume,1,0,0,0,0,0.25,no,yes,none,0,,no,,,yes,no,no,0,0,yes,no,,0,,no,no,no
wpn_barrettm82_1straise_plr,raw\sound\fly\gear\rattle\fly_cloth_01.LN65.pc.snd.wav,,loaded,bus_fx,grp_foley,snp_foley,,30,0,86,89,0,5000,5000,allon,default,allon,default,8,8,priority,oldest,-88,84,70,70,0.25,1,2d,default,nonlooping,volume,1,0,0,0,0,0.25,no,yes,none,0,,no,,,yes,no,no,0,0,yes,no,,0,,no,no,no
wpn_barrettm82_1straise_plr,raw\sound\fly\gear\rattle\fly_cloth_02.LN65.pc.snd.wav,,loaded,bus_fx,grp_foley,snp_foley,,30,0,86,89,0,5000,5000,allon,default,allon,default,8,8,priority,oldest,-88,84,70,70,0.25,1,2d,default,nonlooping,volume,1,0,0,0,0,0.25,no,yes,none,0,,no,,,yes,no,no,0,0,yes,no,,0,,no,no,no
wpn_barrettm82_1straise_plr,raw\sound\fly\gear\rattle\fly_cloth_03.LN65.pc.snd.wav,,loaded,bus_fx,grp_foley,snp_foley,,30,0,86,89,0,5000,5000,allon,default,allon,default,8,8,priority,oldest,-88,84,70,70,0.25,1,2d,default,nonlooping,volume,1,0,0,0,0,0.25,no,yes,none,0,,no,,,yes,no,no,0,0,yes,no,,0,,no,no,no
wpn_barrettm82_dryfire_npc,raw\sound\wpn\sniper\dry_fire\plr\dry_fire_00.LN65.pc.snd.wav,,loaded,bus_fx,grp_weapon,snp_wpn_3p,,70,0,85,85,900,900,901,cosdelay,alloff,cosdelay,default,8,2,priority,oldest,-100,100,50,90,0.25,0.8,3d,default,nonlooping,volume pitch,1,0,0,0,0,0.25,no,no,none,0,,no,,,yes,no,no,0,0,yes,no,,0,,no,no,no
wpn_barrettm82_dryfire_plr,raw\sound\wpn\sniper\dry_fire\plr\dry_fire_00.LN65.pc.snd.wav,,loaded,bus_fx,grp_weapon,snp_wpn_1p,,70,0,88,88,0,5000,5000,allon,default,allon,default,2,8,oldest,oldest,0,0,90,90,0.25,1,2d,default,nonlooping,volume,1,0,0,0,0,0.25,no,no,none,0,,no,,,yes,no,no,0,0,yes,no,,0,,no,no,no
wpn_barrettm82_fire_dist,raw\sound\wpn\dist_guns\rif\wpn_rif_dist_00.LN65.pc.snd.wav,wpn_barrettm82_fire_npc_decay,loaded,bus_fx,grp_weapon,snp_wpn_3p,,80,0,85,85,900,6000,12500,sindelay,default,sindelay,allon,6,3,priority,oldest,-300,300,90,40,0.25,1,3d,default,nonlooping,,1,0,0,0,0,0.25,no,no,none,0,,no,,,yes,no,no,0,0,yes,no,,0,,no,no,no
wpn_barrettm82_fire_dist,raw\sound\wpn\dist_guns\rif\wpn_rif_dist_01.LN65.pc.snd.wav,wpn_barrettm82_fire_npc_decay,loaded,bus_fx,grp_weapon,snp_wpn_3p,,80,0,85,85,900,6000,12500,sindelay,default,sindelay,allon,6,3,priority,oldest,-300,300,90,40,0.25,1,3d,default,nonlooping,,1,0,0,0,0,0.25,no,no,none,0,,no,,,yes,no,no,0,0,yes,no,,0,,no,no,no
wpn_barrettm82_fire_npc,raw\sound\wpn\sniper\dsr\npc\shot\wpn_dsr_fire_npc.LN65.pc.snd.wav,wpn_barrettm82_lfe_npc,loaded,bus_fx,grp_weapon,snp_wpn_3p,,65,0,88,88,900,900,901,cosdelay,alloff,cosdelay,default,6,2,priority,oldest,-88,84,20,90,0.25,0.8,3d,default,nonlooping,volume pitch,1,0,0,0,0,0.25,no,no,none,0,,no,,,yes,no,no,0,0,yes,no,,0,,no,no,no
wpn_barrettm82_fire_npc_decay,raw\sound\wpn\sniper\decay\ext\wpn_sniper_decay_ext.LN65.pc.snd.wav,wpn_barrettm82_flux_npc_l,loaded,bus_fx,grp_weapon,snp_wpn_3p,,55,0,80,80,50,900,900,allon,default,rcurve1,default,3,1,priority,oldest,-100,100,20,70,0.15,1,3d,default,nonlooping,volume,1,0,0,0,0,0.25,no,no,none,0,,no,ringoff_plr,outdoor,yes,no,no,0,0,yes,no,,0,,no,no,no
wpn_barrettm82_fire_npc_decay,raw\sound\wpn\sniper\decay\int\wpn_rifle_decay_int.LN65.pc.snd.wav,wpn_barrettm82_flux_npc_l,loaded,bus_fx,grp_weapon,snp_wpn_3p,,55,0,80,80,50,900,900,allon,default,rcurve1,default,3,1,priority,oldest,-100,100,20,70,0.15,1,3d,default,nonlooping,volume,1,0,0,0,0,0.25,no,no,none,0,,no,ringoff_plr,indoor,yes,no,no,0,0,yes,no,,0,,no,no,no
wpn_barrettm82_fire_npc_pap,raw\sound\wpn\pap\pap_shot_st.LN65.pc.snd.wav,wpn_barrettm82_flux_l_npc_pap,loaded,bus_fx,grp_weapon,snp_wpn_3p,,80,0,82,82,75,1250,1250,allon,default,allon,default,10,3,priority,oldest,-100,100,50,90,0.35,1,3d,default,nonlooping,volume pitch,1,0,0,0,0,0.25,no,no,none,0,,no,,,yes,no,no,0,0,yes,no,,0,,no,no,no
wpn_barrettm82_fire_plr,raw\sound\wpn\sniper\dsr\plr\shot\wpn_dsr_fire_plr.LN65.pc.snd.wav,wpn_barrettm82_lfe,loaded,bus_fx,grp_weapon,snp_wpn_1p,,70,0,88,88,0,5000,5000,allon,default,allon,default,2,8,oldest,oldest,0,0,90,90,0.25,1,2d,default,nonlooping,volume,1,0,0,0,0,0.25,no,no,none,0,,no,,,yes,no,no,0,0,yes,no,,0,,no,no,no
wpn_barrettm82_fire_plr_decay,raw\sound\wpn\sniper\decay\ext\wpn_sniper_decay_ext.LN65.pc.snd.wav,wpn_barrettm82_flux_plr_l,loaded,bus_fx,grp_weapon,snp_wpn_1p,,55,0,85,85,0,5000,5000,allon,default,allon,default,3,8,oldest,oldest,-50,50,90,90,0.25,1,2d,default,nonlooping,volume,1,0,0,0,0,0.25,no,no,none,0,,no,ringoff_plr,outdoor,yes,no,no,0,0,yes,no,,0,,no,no,no
wpn_barrettm82_fire_plr_decay,raw\sound\wpn\sniper\decay\int\wpn_rifle_decay_int.LN65.pc.snd.wav,wpn_barrettm82_flux_plr_l,loaded,bus_fx,grp_weapon,snp_wpn_1p,,55,0,85,85,0,5000,5000,allon,default,allon,default,3,8,oldest,oldest,-50,50,90,90,0.25,1,2d,default,nonlooping,volume,1,0,0,0,0,0.25,no,no,none,0,,no,ringoff_plr,indoor,yes,no,no,0,0,yes,no,,0,,no,no,no
wpn_barrettm82_fire_plr_pap,raw\sound\wpn\pap\pap_shot_st.LN65.pc.snd.wav,wpn_barrettm82_flux_l_plr_pap,loaded,bus_hdrfx,grp_weapon,snp_wpn_1p,,70,0,87,87,0,5000,5000,allon,default,allon,default,1,8,oldest,oldest,0,0,90,90,0.25,1,2d,default,nonlooping,volume,1,0,0,0,0,0.25,no,no,none,0,,no,,,yes,no,no,0,0,yes,no,,0,,no,no,no
wpn_barrettm82_flux_l_npc_pap,raw\sound\wpn\pap\pap_flux_left.LN65.pc.snd.wav,wpn_barrettm82_flux_r_npc_pap,loaded,bus_fx,grp_weapon,snp_wpn_3p,,84,0,75,75,25,900,900,allon,default,allon,default,8,4,priority,priority,-34,34,85,90,0.25,1,3d,default,nonlooping,volume pitch,1,0,0,0,0,0.25,no,no,left_shot,4000,,no,,,yes,no,no,0,0,yes,no,,0,,no,no,no
wpn_barrettm82_flux_l_plr_pap,raw\sound\wpn\pap\pap_flux_left.LN65.pc.snd.wav,wpn_barrettm82_flux_r_plr_pap,loaded,bus_fx,grp_weapon,snp_wpn_3p,,84,0,75,75,25,900,900,allon,default,allon,default,8,4,priority,priority,-34,34,85,90,0.25,1,3d,default,nonlooping,volume pitch,1,0,0,0,0,0.25,no,no,left_shot,4000,,no,,,yes,no,no,0,0,yes,no,,0,,no,no,no
wpn_barrettm82_flux_npc_l,raw\sound\wpn\sniper\sniper_flux\wpn_sniper_flux_l.LN65.pc.snd.wav,wpn_barrettm82_flux_npc_r,loaded,bus_fx,grp_weapon,snp_wpn_3p,,60,0,78,81,25,7500,10000,allon,default,allon,default,8,8,oldest,oldest,-300,300,20,90,0.25,1,3d,default,nonlooping,volume pitch,1,250,25,250,80,0.2,no,no,left_shot,7000,,no,,,yes,no,no,0,0,yes,no,,0,,no,no,no
wpn_barrettm82_flux_npc_r,raw\sound\wpn\sniper\sniper_flux\wpn_sniper_flux_r.LN65.pc.snd.wav,,loaded,bus_fx,grp_weapon,snp_wpn_3p,,60,0,78,81,25,7500,10000,allon,default,allon,default,8,8,oldest,oldest,-300,300,20,90,0.25,1,3d,default,nonlooping,volume pitch,1,250,25,250,80,0.2,no,no,right_shot,7000,,no,,,yes,no,no,0,0,yes,no,,0,,no,no,no
wpn_barrettm82_flux_plr_l,raw\sound\wpn\sniper\sniper_flux\wpn_sniper_flux_l.LN65.pc.snd.wav,wpn_barrettm82_flux_plr_r,loaded,bus_fx,grp_weapon,snp_wpn_3p,,60,0,68,71,50,4000,4250,allon,default,allon,default,8,8,oldest,oldest,-300,300,20,90,0.25,1,3d,default,nonlooping,volume pitch,1,250,25,250,80,0.2,no,no,left_shot,7000,,no,ringoff_plr,outdoor,yes,no,no,0,0,yes,no,,0,,no,no,no
wpn_barrettm82_flux_plr_r,raw\sound\wpn\sniper\sniper_flux\wpn_sniper_flux_r.LN65.pc.snd.wav,,loaded,bus_fx,grp_weapon,snp_wpn_3p,,60,0,68,71,50,4000,4250,allon,default,allon,default,8,8,oldest,oldest,-300,300,20,90,0.25,1,3d,default,nonlooping,volume pitch,1,250,25,250,80,0.2,no,no,right_shot,7000,,no,ringoff_plr,outdoor,yes,no,no,0,0,yes,no,,0,,no,no,no
wpn_barrettm82_flux_r_npc_pap,raw\sound\wpn\pap\pap_flux_right.LN65.pc.snd.wav,wpn_barrettm82_fire_npc,loaded,bus_fx,grp_weapon,snp_wpn_3p,,84,0,75,75,25,900,900,allon,default,allon,default,8,4,priority,priority,-34,34,85,90,0.25,1,3d,default,nonlooping,volume pitch,1,0,0,0,0,0.25,no,no,right_shot,4000,,no,,,yes,no,no,0,0,yes,no,,0,,no,no,no
wpn_barrettm82_flux_r_plr_pap,raw\sound\wpn\pap\pap_flux_right.LN65.pc.snd.wav,wpn_barrettm82_fire_plr,loaded,bus_fx,grp_weapon,snp_wpn_3p,,84,0,75,75,25,900,900,allon,default,allon,default,8,4,priority,priority,-34,34,85,90,0.25,1,3d,default,nonlooping,volume pitch,1,0,0,0,0,0.25,no,no,right_shot,4000,,no,,,yes,no,no,0,0,yes,no,,0,,no,no,no
wpn_barrettm82_lfe,raw\sound\wpn\sniper\dsr\plr\lfe\wpn_dsr_fire_lfe.LN65.pc.snd.wav,wpn_barrettm82_fire_plr_decay,loaded,bus_hdrfx,grp_wpn_lfe,snp_wpn_1p,,0,0,86,86,0,5000,5000,allon,default,allon,default,1,2,priority,oldest,0,0,85,90,0.25,1,2d,default,nonlooping,volume,1,0,0,0,0,0.25,no,no,none,0,,no,,,no,no,no,0,0,yes,no,,0,,no,no,no
wpn_barrettm82_lfe_npc,raw\sound\wpn\sniper\dsr\plr\lfe\wpn_dsr_fire_lfe.LN65.pc.snd.wav,wpn_barrettm82_fire_dist,loaded,bus_hdrfx,grp_wpn_lfe,snp_wpn_3p,,0,0,81,81,25,225,225,allon,default,allon,default,1,1,priority,oldest,0,0,40,90,0.25,0.75,3d,default,nonlooping,volume,1,0,0,0,0,0.25,no,no,none,0,,no,,,no,no,no,0,0,yes,no,,0,,no,no,no
wpn_barrettm82_pickup_plr,raw\sound\fly\pickups\weapon\fly_weapon_pickup_00.LN65.pc.snd.wav,,loaded,bus_fx,grp_foley,snp_foley,,30,0,75,75,0,5000,5000,allon,default,allon,default,1,8,reject,oldest,-88,84,70,70,0.25,1,2d,default,nonlooping,volume,1,0,0,0,0,0.25,no,yes,none,0,,no,,,yes,no,no,0,0,yes,no,,0,,no,no,no
wpn_barrettm82_pickup_plr,raw\sound\fly\pickups\weapon\fly_weapon_pickup_01.LN65.pc.snd.wav,,loaded,bus_fx,grp_foley,snp_foley,,30,0,75,75,0,5000,5000,allon,default,allon,default,1,8,reject,oldest,-88,84,70,70,0.25,1,2d,default,nonlooping,volume,1,0,0,0,0,0.25,no,yes,none,0,,no,,,yes,no,no,0,0,yes,no,,0,,no,no,no
wpn_barrettm82_raise_plr,raw\sound\fly\gear\rattle\fly_cloth_00.LN65.pc.snd.wav,,loaded,bus_fx,grp_foley,snp_foley,,30,0,86,89,0,5000,5000,allon,default,allon,default,8,8,priority,oldest,-88,84,70,70,0.25,1,2d,default,nonlooping,volume,1,0,0,0,0,0.25,no,yes,none,0,,no,,,yes,no,no,0,0,yes,no,,0,,no,no,no
wpn_barrettm82_raise_plr,raw\sound\fly\gear\rattle\fly_cloth_01.LN65.pc.snd.wav,,loaded,bus_fx,grp_foley,snp_foley,,30,0,86,89,0,5000,5000,allon,default,allon,default,8,8,priority,oldest,-88,84,70,70,0.25,1,2d,default,nonlooping,volume,1,0,0,0,0,0.25,no,yes,none,0,,no,,,yes,no,no,0,0,yes,no,,0,,no,no,no
wpn_barrettm82_raise_plr,raw\sound\fly\gear\rattle\fly_cloth_02.LN65.pc.snd.wav,,loaded,bus_fx,grp_foley,snp_foley,,30,0,86,89,0,5000,5000,allon,default,allon,default,8,8,priority,oldest,-88,84,70,70,0.25,1,2d,default,nonlooping,volume,1,0,0,0,0,0.25,no,yes,none,0,,no,,,yes,no,no,0,0,yes,no,,0,,no,no,no
wpn_barrettm82_raise_plr,raw\sound\fly\gear\rattle\fly_cloth_03.LN65.pc.snd.wav,,loaded,bus_fx,grp_foley,snp_foley,,30,0,86,89,0,5000,5000,allon,default,allon,default,8,8,priority,oldest,-88,84,70,70,0.25,1,2d,default,nonlooping,volume,1,0,0,0,0,0.25,no,yes,none,0,,no,,,yes,no,no,0,0,yes,no,,0,,no,no,no
wpn_barrettm82_silencer_fire_npc,raw\sound\wpn\sniper\ballista\plr\shot\silenced\wpn_ballista_sil_shot_plr.LN65.pc.snd.wav,wpn_barrettm82_silencer_LFE_npc,loaded,bus_fx,grp_weapon,snp_wpn_3p,,0,0,82,82,900,900,901,cosdelay,alloff,cosdelay,default,8,2,priority,oldest,-50,50,40,90,0.25,0.8,3d,default,nonlooping,volume,1,0,0,0,0,0.25,no,no,none,0,,no,,,yes,no,no,0,0,yes,no,,0,,no,no,no
wpn_barrettm82_silencer_fire_npc_decay,raw\sound\wpn\assault\decay\int\silenced\wpn_aslt_decay_silenced_int.LN65.pc.snd.wav,,loaded,bus_fx,grp_weapon,snp_wpn_3p,,55,0,67,67,50,900,900,allon,default,rcurve1,default,3,1,priority,oldest,-100,100,20,70,0.15,1,3d,default,nonlooping,volume,1,0,0,0,0,0.25,no,no,none,0,,no,ringoff_plr,indoor,yes,no,no,0,0,yes,no,,0,,no,no,no
wpn_barrettm82_silencer_fire_npc_decay,raw\sound\wpn\pistol\decay\ext\silenced\wpn_pistol_decay_silenced_ext.LN65.pc.snd.wav,,loaded,bus_fx,grp_weapon,snp_wpn_3p,,55,0,77,77,50,900,900,allon,default,rcurve1,default,3,1,priority,oldest,-100,100,20,70,0.15,1,3d,default,nonlooping,volume,1,0,0,0,0,0.25,no,no,none,0,,no,ringoff_plr,outdoor,yes,no,no,0,0,yes,no,,0,,no,no,no
wpn_barrettm82_silencer_fire_plr,raw\sound\wpn\sniper\ballista\plr\shot\silenced\wpn_ballista_sil_shot_plr.LN65.pc.snd.wav,wpn_barrettm82_silencer_LFE,loaded,bus_fx,grp_weapon,snp_wpn_1p,,0,0,93,93,0,5000,5000,allon,default,allon,default,3,8,oldest,oldest,-50,50,90,90,0.25,1,2d,default,nonlooping,volume,1,0,0,0,0,0.25,no,no,none,0,,no,,,yes,no,no,0,0,yes,no,,0,,no,no,no
wpn_barrettm82_silencer_fire_plr_decay,raw\sound\wpn\assault\decay\int\silenced\wpn_aslt_decay_silenced_int.LN65.pc.snd.wav,,loaded,bus_fx,grp_weapon,snp_wpn_1p,,75,0,83,83,0,5000,5000,allon,default,allon,default,3,8,oldest,oldest,-50,50,90,90,0.25,1,2d,default,nonlooping,volume,1,0,0,0,0,0.25,no,no,none,0,,no,ringoff_plr,indoor,yes,no,no,0,0,yes,no,,0,,no,no,no
wpn_barrettm82_silencer_fire_plr_decay,raw\sound\wpn\pistol\decay\ext\silenced\wpn_pistol_decay_silenced_ext.LN65.pc.snd.wav,,loaded,bus_fx,grp_weapon,snp_wpn_1p,,70,0,83,83,0,5000,5000,allon,default,allon,default,3,8,oldest,oldest,-50,50,90,90,0.25,1,2d,default,nonlooping,volume,1,0,0,0,0,0.25,no,no,none,0,,no,ringoff_plr,outdoor,yes,no,no,0,0,yes,no,,0,,no,no,no
wpn_barrettm82_silencer_lfe,raw\sound\wpn\smg\mp7\plr\lfe\wpn_mp7_fire_lfe.LN65.pc.snd.wav,wpn_barrettm82_silencer_fire_plr_decay,loaded,bus_hdrfx,grp_wpn_lfe,snp_wpn_1p,,0,0,86,86,0,5000,5000,allon,default,allon,default,8,2,priority,oldest,0,0,85,90,0.25,1,2d,default,nonlooping,volume,1,0,0,0,0,0.25,no,no,none,0,,no,,,no,no,no,0,0,yes,no,,0,,no,no,no
wpn_barrettm82_silencer_LFE_npc,raw\sound\wpn\smg\mp7\plr\lfe\wpn_mp7_fire_lfe.LN65.pc.snd.wav,wpn_barrettm82_silencer_fire_npc_decay,loaded,bus_hdrfx,grp_wpn_lfe,snp_wpn_3p,,0,0,81,81,25,225,225,allon,default,allon,default,3,1,priority,oldest,0,0,40,90,0.25,0.75,3d,default,nonlooping,volume,1,0,0,0,0,0.25,no,no,none,0,,no,,,no,no,no,0,0,yes,no,,0,,no,no,no
fly_mp5k_charge,raw\sound\wpn\smg\mp5\reload\fly_mp5_charge.LN65.pc.snd.wav,,loaded,bus_fx,grp_foley,snp_foley,,30,0,86,89,0,5000,5000,allon,default,allon,default,8,8,priority,oldest,-88,84,70,70,0.25,1,2d,default,nonlooping,volume,1,0,0,0,0,0.25,no,yes,none,0,,no,,,yes,no,no,0,0,yes,no,,0,,no,no,no
fly_mp5k_futz,raw\sound\wpn\smg\mp5\reload\fly_mp5_futz.LN65.pc.snd.wav,,loaded,bus_fx,grp_foley,snp_foley,,30,0,86,89,0,5000,5000,allon,default,allon,default,8,8,priority,oldest,-88,84,70,70,0.25,1,2d,default,nonlooping,volume,1,0,0,0,0,0.25,no,yes,none,0,,no,,,yes,no,no,0,0,yes,no,,0,,no,no,no
fly_mp5k_mag_in,raw\sound\wpn\smg\mp5\reload\fly_mp5_mag_in.LN65.pc.snd.wav,,loaded,bus_fx,grp_foley,snp_foley,,30,0,86,89,0,5000,5000,allon,default,allon,default,8,8,priority,oldest,-88,84,70,70,0.25,1,2d,default,nonlooping,volume,1,0,0,0,0,0.25,no,yes,none,0,,no,,,yes,no,no,0,0,yes,no,,0,,no,no,no
fly_mp5k_mag_out,raw\sound\wpn\smg\skorpion\reload\fly_skorpion_mag_out.LN65.pc.snd.wav,,loaded,bus_fx,grp_foley,snp_foley,,30,0,86,89,0,5000,5000,allon,default,allon,default,8,8,priority,oldest,-88,84,70,70,0.25,1,2d,default,nonlooping,volume,1,0,0,0,0,0.25,no,yes,none,0,,no,,,yes,no,no,0,0,yes,no,,0,,no,no,no
fly_mp5k_pull_charge,raw\sound\wpn\smg\mp5\reload\fly_mp5_pull_charge.LN65.pc.snd.wav,,loaded,bus_fx,grp_foley,snp_foley,,30,0,86,89,0,5000,5000,allon,default,allon,default,8,8,priority,oldest,-88,84,70,70,0.25,1,2d,default,nonlooping,volume,1,0,0,0,0,0.25,no,yes,none,0,,no,,,yes,no,no,0,0,yes,no,,0,,no,no,no
fly_mp5k_tap,raw\sound\wpn\assault\m14\reload\fly_m14_tap.LN65.pc.snd.wav,,loaded,bus_fx,grp_foley,snp_foley,,30,0,86,89,0,5000,5000,allon,default,allon,default,8,8,priority,oldest,-88,84,70,70,0.25,1,2d,default,nonlooping,volume,1,0,0,0,0,0.25,no,yes,none,0,,no,,,yes,no,no,0,0,yes,no,,0,,no,no,no
wpn_mp5k_1straise_npc,raw\sound\fly\gear\rattle\fly_cloth_00.LN65.pc.snd.wav,,loaded,bus_fx,grp_foley,snp_foley,,30,0,75,75,75,500,500,allon,default,allon,default,4,8,priority,oldest,-90,90,15,30,0.25,1,3d,default,nonlooping,volume,1,0,25,250,75,0.25,no,yes,none,0,,no,,,yes,no,no,0,0,yes,no,,0,,no,no,no
wpn_mp5k_1straise_npc,raw\sound\fly\gear\rattle\fly_cloth_01.LN65.pc.snd.wav,,loaded,bus_fx,grp_foley,snp_foley,,30,0,75,75,75,500,500,allon,default,allon,default,4,8,priority,oldest,-90,90,15,30,0.25,1,3d,default,nonlooping,volume,1,0,25,250,75,0.25,no,yes,none,0,,no,,,yes,no,no,0,0,yes,no,,0,,no,no,no
wpn_mp5k_1straise_npc,raw\sound\fly\gear\rattle\fly_cloth_02.LN65.pc.snd.wav,,loaded,bus_fx,grp_foley,snp_foley,,30,0,75,75,75,500,500,allon,default,allon,default,4,8,priority,oldest,-90,90,15,30,0.25,1,3d,default,nonlooping,volume,1,0,25,250,75,0.25,no,yes,none,0,,no,,,yes,no,no,0,0,yes,no,,0,,no,no,no
wpn_mp5k_1straise_npc,raw\sound\fly\gear\rattle\fly_cloth_03.LN65.pc.snd.wav,,loaded,bus_fx,grp_foley,snp_foley,,30,0,75,75,75,500,500,allon,default,allon,default,4,8,priority,oldest,-90,90,15,30,0.25,1,3d,default,nonlooping,volume,1,0,25,250,75,0.25,no,yes,none,0,,no,,,yes,no,no,0,0,yes,no,,0,,no,no,no
wpn_mp5k_1straise_plr,raw\sound\fly\gear\rattle\fly_cloth_00.LN65.pc.snd.wav,,loaded,bus_fx,grp_foley,snp_foley,,30,0,86,89,0,5000,5000,allon,default,allon,default,8,8,priority,oldest,-88,84,70,70,0.25,1,2d,default,nonlooping,volume,1,0,0,0,0,0.25,no,yes,none,0,,no,,,yes,no,no,0,0,yes,no,,0,,no,no,no
wpn_mp5k_1straise_plr,raw\sound\fly\gear\rattle\fly_cloth_01.LN65.pc.snd.wav,,loaded,bus_fx,grp_foley,snp_foley,,30,0,86,89,0,5000,5000,allon,default,allon,default,8,8,priority,oldest,-88,84,70,70,0.25,1,2d,default,nonlooping,volume,1,0,0,0,0,0.25,no,yes,none,0,,no,,,yes,no,no,0,0,yes,no,,0,,no,no,no
wpn_mp5k_1straise_plr,raw\sound\fly\gear\rattle\fly_cloth_02.LN65.pc.snd.wav,,loaded,bus_fx,grp_foley,snp_foley,,30,0,86,89,0,5000,5000,allon,default,allon,default,8,8,priority,oldest,-88,84,70,70,0.25,1,2d,default,nonlooping,volume,1,0,0,0,0,0.25,no,yes,none,0,,no,,,yes,no,no,0,0,yes,no,,0,,no,no,no
wpn_mp5k_1straise_plr,raw\sound\fly\gear\rattle\fly_cloth_03.LN65.pc.snd.wav,,loaded,bus_fx,grp_foley,snp_foley,,30,0,86,89,0,5000,5000,allon,default,allon,default,8,8,priority,oldest,-88,84,70,70,0.25,1,2d,default,nonlooping,volume,1,0,0,0,0,0.25,no,yes,none,0,,no,,,yes,no,no,0,0,yes,no,,0,,no,no,no
wpn_mp5k_fire_npc,raw\sound\wpn\smg\mp7\plr\shot\wpn_mp7_shot_plr.LN65.pc.snd.wav,wpn_mp5k_fire_npc_dist,loaded,bus_fx,grp_weapon,snp_wpn_3p,,55,0,87,87,900,900,900,cosdelay,alloff,cosdelay,default,8,3,priority,oldest,-150,150,20,90,0.25,0.8,3d,default,nonlooping,,1,0,0,0,0,0.25,no,no,none,0,,no,,,yes,no,no,0,0,yes,no,,0,,no,no,no
wpn_mp5k_fire_npc_decay,raw\sound\wpn\smg\decay\ext\wpn_smg_decay_ext.LN65.pc.snd.wav,,loaded,bus_fx,grp_weapon,snp_wpn_3p,,55,0,77,77,50,900,900,allon,default,rcurve1,default,3,1,priority,oldest,-100,100,20,70,0.15,1,3d,default,nonlooping,volume,1,0,0,0,0,0.25,no,no,none,0,,no,ringoff_plr,outdoor,yes,no,no,0,0,yes,no,,0,,no,no,no
wpn_mp5k_fire_npc_decay,raw\sound\wpn\smg\decay\int\wpn_smg_decay_int.LN65.pc.snd.wav,,loaded,bus_fx,grp_weapon,snp_wpn_3p,,55,0,67,67,50,900,900,allon,default,rcurve1,default,3,1,priority,oldest,-100,100,20,70,0.15,1,3d,default,nonlooping,volume,1,0,0,0,0,0.25,no,no,none,0,,no,ringoff_plr,indoor,yes,no,no,0,0,yes,no,,0,,no,no,no
wpn_mp5k_fire_npc_dist,raw\sound\wpn\dist_guns\smg\wpn_smg_dist_00.LN65.pc.snd.wav,wpn_mp5k_LFE_npc,loaded,bus_fx,grp_weapon,snp_wpn_3p,,80,0,81,81,900,6000,12500,sindelay,default,sindelay,allon,8,3,priority,oldest,-300,300,90,40,0.25,1,3d,default,nonlooping,,1,0,0,0,0,0.25,no,no,none,0,,no,,,yes,no,no,0,0,yes,no,,0,,no,no,no
wpn_mp5k_fire_npc_dist,raw\sound\wpn\dist_guns\smg\wpn_smg_dist_01.LN65.pc.snd.wav,wpn_mp5k_LFE_npc,loaded,bus_fx,grp_weapon,snp_wpn_3p,,80,0,81,81,900,6000,12500,sindelay,default,sindelay,allon,8,3,priority,oldest,-300,300,90,40,0.25,1,3d,default,nonlooping,,1,0,0,0,0,0.25,no,no,none,0,,no,,,yes,no,no,0,0,yes,no,,0,,no,no,no
wpn_mp5k_fire_npc_dist,raw\sound\wpn\dist_guns\smg\wpn_smg_dist_02.LN65.pc.snd.wav,wpn_mp5k_LFE_npc,loaded,bus_fx,grp_weapon,snp_wpn_3p,,80,0,81,81,900,6000,12500,sindelay,default,sindelay,allon,8,3,priority,oldest,-300,300,90,40,0.25,1,3d,default,nonlooping,,1,0,0,0,0,0.25,no,no,none,0,,no,,,yes,no,no,0,0,yes,no,,0,,no,no,no
wpn_mp5k_fire_npc_pap,raw\sound\wpn\pap\pap_shot_st.LN65.pc.snd.wav,wpn_mp5k_flux_l_npc_pap,loaded,bus_fx,grp_weapon,snp_wpn_3p,,80,0,82,82,75,1250,1250,allon,default,allon,default,10,3,priority,oldest,-100,100,50,90,0.35,1,3d,default,nonlooping,volume pitch,1,0,0,0,0,0.25,no,no,none,0,,no,,,yes,no,no,0,0,yes,no,,0,,no,no,no
wpn_mp5k_fire_plr,raw\sound\wpn\smg\mp7\plr\shot\wpn_mp7_shot_plr.LN65.pc.snd.wav,wpn_mp5k_LFE,loaded,bus_fx,grp_weapon,snp_wpn_1p,,65,0,93,93,0,5000,5000,allon,default,allon,default,2,8,oldest,oldest,-80,80,90,90,0.25,1,2d,default,nonlooping,volume,1,0,0,0,0,0.25,no,no,none,0,,no,,,yes,no,no,0,0,yes,no,,0,,no,no,no
wpn_mp5k_fire_plr_decay,raw\sound\wpn\smg\decay\ext\wpn_smg_decay_ext.LN65.pc.snd.wav,,loaded,bus_fx,grp_weapon,snp_wpn_1p,,60,0,80,80,0,5000,5000,allon,default,allon,default,3,8,oldest,oldest,-50,50,90,90,0.25,1,2d,default,nonlooping,volume,1,0,0,0,0,0.25,no,no,none,0,,no,ringoff_plr,outdoor,yes,no,no,0,0,yes,no,,0,,no,no,no
wpn_mp5k_fire_plr_decay,raw\sound\wpn\smg\decay\int\wpn_smg_decay_int.LN65.pc.snd.wav,,loaded,bus_fx,grp_weapon,snp_wpn_1p,,60,0,80,80,0,5000,5000,allon,default,allon,default,3,8,oldest,oldest,-50,50,90,90,0.25,1,2d,default,nonlooping,volume,1,0,0,0,0,0.25,no,no,none,0,,no,ringoff_plr,indoor,yes,no,no,0,0,yes,no,,0,,no,no,no
wpn_mp5k_fire_plr_pap,raw\sound\wpn\pap\pap_shot_st.LN65.pc.snd.wav,wpn_mp5k_flux_l_plr_pap,loaded,bus_hdrfx,grp_weapon,snp_wpn_1p,,70,0,87,87,0,5000,5000,allon,default,allon,default,1,8,oldest,oldest,0,0,90,90,0.25,1,2d,default,nonlooping,volume,1,0,0,0,0,0.25,no,no,none,0,,no,,,yes,no,no,0,0,yes,no,,0,,no,no,no
wpn_mp5k_flux_l_npc_pap,raw\sound\wpn\pap\pap_flux_left.LN65.pc.snd.wav,wpn_mp5k_flux_r_npc_pap,loaded,bus_fx,grp_weapon,snp_wpn_3p,,84,0,75,75,25,900,900,allon,default,allon,default,8,4,priority,priority,-34,34,85,90,0.25,1,3d,default,nonlooping,volume pitch,1,0,0,0,0,0.25,no,no,left_shot,4000,,no,,,yes,no,no,0,0,yes,no,,0,,no,no,no
wpn_mp5k_flux_l_plr_pap,raw\sound\wpn\pap\pap_flux_left.LN65.pc.snd.wav,wpn_mp5k_flux_r_plr_pap,loaded,bus_fx,grp_weapon,snp_wpn_3p,,84,0,75,75,25,900,900,allon,default,allon,default,8,4,priority,priority,-34,34,85,90,0.25,1,3d,default,nonlooping,volume pitch,1,0,0,0,0,0.25,no,no,left_shot,4000,,no,,,yes,no,no,0,0,yes,no,,0,,no,no,no
wpn_mp5k_flux_r_npc_pap,raw\sound\wpn\pap\pap_flux_right.LN65.pc.snd.wav,wpn_mp5k_fire_npc,loaded,bus_fx,grp_weapon,snp_wpn_3p,,84,0,75,75,25,900,900,allon,default,allon,default,8,4,priority,priority,-34,34,85,90,0.25,1,3d,default,nonlooping,volume pitch,1,0,0,0,0,0.25,no,no,right_shot,4000,,no,,,yes,no,no,0,0,yes,no,,0,,no,no,no
wpn_mp5k_flux_r_plr_pap,raw\sound\wpn\pap\pap_flux_right.LN65.pc.snd.wav,wpn_mp5k_fire_plr,loaded,bus_fx,grp_weapon,snp_wpn_3p,,84,0,75,75,25,900,900,allon,default,allon,default,8,4,priority,priority,-34,34,85,90,0.25,1,3d,default,nonlooping,volume pitch,1,0,0,0,0,0.25,no,no,right_shot,4000,,no,,,yes,no,no,0,0,yes,no,,0,,no,no,no
wpn_mp5k_LFE,raw\sound\wpn\smg\mp7\plr\lfe\wpn_mp7_fire_lfe.LN65.pc.snd.wav,wpn_mp5k_fire_plr_decay,loaded,bus_hdrfx,grp_wpn_lfe,snp_wpn_1p,,0,0,86,86,0,5000,5000,allon,default,allon,default,8,2,priority,oldest,0,0,85,90,0.25,1,2d,default,nonlooping,volume,1,0,0,0,0,0.25,no,no,none,0,,no,,,no,no,no,0,0,yes,no,,0,,no,no,no
wpn_mp5k_LFE_npc,raw\sound\wpn\smg\mp7\plr\lfe\wpn_mp7_fire_lfe.LN65.pc.snd.wav,wpn_mp5k_fire_npc_decay,loaded,bus_hdrfx,grp_wpn_lfe,snp_wpn_3p,,0,0,81,81,25,225,225,allon,default,allon,default,3,1,priority,oldest,0,0,40,90,0.25,0.75,3d,default,nonlooping,volume,1,0,0,0,0,0.25,no,no,none,0,,no,,,no,no,no,0,0,yes,no,,0,,no,no,no
wpn_mp5k_pickup_npc,raw\sound\fly\pickups\weapon\fly_weapon_pickup_00.LN65.pc.snd.wav,,loaded,bus_fx,grp_foley,snp_foley,,30,0,75,75,75,500,500,allon,default,allon,default,2,1,priority,reject,-50,50,15,30,0.25,1,3d,default,nonlooping,volume,1,0,25,250,75,0.25,no,yes,none,0,,no,,,yes,no,no,0,0,yes,no,,0,,no,no,no
wpn_mp5k_pickup_npc,raw\sound\fly\pickups\weapon\fly_weapon_pickup_01.LN65.pc.snd.wav,,loaded,bus_fx,grp_foley,snp_foley,,30,0,75,75,75,500,500,allon,default,allon,default,2,1,priority,reject,-50,50,15,30,0.25,1,3d,default,nonlooping,volume,1,0,25,250,75,0.25,no,yes,none,0,,no,,,yes,no,no,0,0,yes,no,,0,,no,no,no
wpn_mp5k_pickup_plr,raw\sound\fly\pickups\weapon\fly_weapon_pickup_00.LN65.pc.snd.wav,,loaded,bus_fx,grp_foley,snp_foley,,30,0,75,75,0,5000,5000,allon,default,allon,default,1,8,reject,oldest,-88,84,70,70,0.25,1,2d,default,nonlooping,volume,1,0,0,0,0,0.25,no,yes,none,0,,no,,,yes,no,no,0,0,yes,no,,0,,no,no,no
wpn_mp5k_pickup_plr,raw\sound\fly\pickups\weapon\fly_weapon_pickup_01.LN65.pc.snd.wav,,loaded,bus_fx,grp_foley,snp_foley,,30,0,75,75,0,5000,5000,allon,default,allon,default,1,8,reject,oldest,-88,84,70,70,0.25,1,2d,default,nonlooping,volume,1,0,0,0,0,0.25,no,yes,none,0,,no,,,yes,no,no,0,0,yes,no,,0,,no,no,no
wpn_mp5k_raise_npc,raw\sound\fly\gear\rattle\fly_cloth_00.LN65.pc.snd.wav,,loaded,bus_fx,grp_foley,snp_foley,,30,0,75,75,75,500,500,allon,default,allon,default,4,8,priority,oldest,-90,90,15,30,0.25,1,3d,default,nonlooping,volume,1,0,25,250,75,0.25,no,yes,none,0,,no,,,yes,no,no,0,0,yes,no,,0,,no,no,no
wpn_mp5k_raise_npc,raw\sound\fly\gear\rattle\fly_cloth_01.LN65.pc.snd.wav,,loaded,bus_fx,grp_foley,snp_foley,,30,0,75,75,75,500,500,allon,default,allon,default,4,8,priority,oldest,-90,90,15,30,0.25,1,3d,default,nonlooping,volume,1,0,25,250,75,0.25,no,yes,none,0,,no,,,yes,no,no,0,0,yes,no,,0,,no,no,no
wpn_mp5k_raise_npc,raw\sound\fly\gear\rattle\fly_cloth_02.LN65.pc.snd.wav,,loaded,bus_fx,grp_foley,snp_foley,,30,0,75,75,75,500,500,allon,default,allon,default,4,8,priority,oldest,-90,90,15,30,0.25,1,3d,default,nonlooping,volume,1,0,25,250,75,0.25,no,yes,none,0,,no,,,yes,no,no,0,0,yes,no,,0,,no,no,no
wpn_mp5k_raise_npc,raw\sound\fly\gear\rattle\fly_cloth_03.LN65.pc.snd.wav,,loaded,bus_fx,grp_foley,snp_foley,,30,0,75,75,75,500,500,allon,default,allon,default,4,8,priority,oldest,-90,90,15,30,0.25,1,3d,default,nonlooping,volume,1,0,25,250,75,0.25,no,yes,none,0,,no,,,yes,no,no,0,0,yes,no,,0,,no,no,no
wpn_mp5k_raise_plr,raw\sound\fly\gear\rattle\fly_cloth_00.LN65.pc.snd.wav,,loaded,bus_fx,grp_foley,snp_foley,,30,0,86,89,0,5000,5000,allon,default,allon,default,8,8,priority,oldest,-88,84,70,70,0.25,1,2d,default,nonlooping,volume,1,0,0,0,0,0.25,no,yes,none,0,,no,,,yes,no,no,0,0,yes,no,,0,,no,no,no
wpn_mp5k_raise_plr,raw\sound\fly\gear\rattle\fly_cloth_01.LN65.pc.snd.wav,,loaded,bus_fx,grp_foley,snp_foley,,30,0,86,89,0,5000,5000,allon,default,allon,default,8,8,priority,oldest,-88,84,70,70,0.25,1,2d,default,nonlooping,volume,1,0,0,0,0,0.25,no,yes,none,0,,no,,,yes,no,no,0,0,yes,no,,0,,no,no,no
wpn_mp5k_raise_plr,raw\sound\fly\gear\rattle\fly_cloth_02.LN65.pc.snd.wav,,loaded,bus_fx,grp_foley,snp_foley,,30,0,86,89,0,5000,5000,allon,default,allon,default,8,8,priority,oldest,-88,84,70,70,0.25,1,2d,default,nonlooping,volume,1,0,0,0,0,0.25,no,yes,none,0,,no,,,yes,no,no,0,0,yes,no,,0,,no,no,no
wpn_mp5k_raise_plr,raw\sound\fly\gear\rattle\fly_cloth_03.LN65.pc.snd.wav,,loaded,bus_fx,grp_foley,snp_foley,,30,0,86,89,0,5000,5000,allon,default,allon,default,8,8,priority,oldest,-88,84,70,70,0.25,1,2d,default,nonlooping,volume,1,0,0,0,0,0.25,no,yes,none,0,,no,,,yes,no,no,0,0,yes,no,,0,,no,no,no
wpn_mp5k_silencer_fire_npc,raw\sound\wpn\smg\msmc\plr\shot\silenced\wpn_msmc_sil_shot_plr.LN65.pc.snd.wav,wpn_mp5k_silencer_LFE_npc,loaded,bus_fx,grp_weapon,snp_wpn_3p,,0,0,85,85,700,700,700,cosdelay,alloff,cosdelay,default,8,3,priority,oldest,-50,50,20,90,0.25,0.8,3d,default,nonlooping,volume,1,0,0,0,0,0.25,no,no,none,0,,no,,,yes,no,no,0,0,yes,no,,0,,no,no,no
wpn_mp5k_silencer_fire_npc_decay,raw\sound\wpn\pistol\decay\ext\silenced\wpn_pistol_decay_silenced_ext.LN65.pc.snd.wav,,loaded,bus_fx,grp_weapon,snp_wpn_3p,,55,0,75,75,50,900,900,allon,default,rcurve1,default,10,1,reject,oldest,-100,100,20,70,0.15,1,3d,default,nonlooping,volume,1,0,0,0,0,0.25,no,no,none,0,,no,ringoff_plr,outdoor,yes,no,no,0,0,yes,no,,0,,no,no,no
wpn_mp5k_silencer_fire_npc_decay,raw\sound\wpn\pistol\decay\int\silenced\wpn_pistol_decay_silenced_int.LN65.pc.snd.wav,,loaded,bus_fx,grp_weapon,snp_wpn_3p,,55,0,75,75,50,900,900,allon,default,rcurve1,default,10,1,reject,oldest,-100,100,20,70,0.15,1,3d,default,nonlooping,volume,1,0,0,0,0,0.25,no,no,none,0,,no,ringoff_plr,indoor,yes,no,no,0,0,yes,no,,0,,no,no,no
wpn_mp5k_silencer_fire_plr,raw\sound\wpn\smg\msmc\plr\shot\silenced\wpn_msmc_sil_shot_plr.LN65.pc.snd.wav,wpn_mp5k_silencer_LFE,loaded,bus_fx,grp_weapon,snp_wpn_1p,,0,0,93,93,0,5000,5000,allon,default,allon,default,2,8,oldest,oldest,-80,80,90,90,0.25,1,2d,default,nonlooping,volume,1,0,0,0,0,0.25,no,no,none,0,,no,,,yes,no,no,0,0,yes,no,,0,,no,no,no
wpn_mp5k_silencer_fire_plr_decay,raw\sound\wpn\pistol\decay\ext\silenced\wpn_pistol_decay_silenced_ext.LN65.pc.snd.wav,,loaded,bus_fx,grp_weapon,snp_wpn_1p,,75,0,80,80,0,5000,5000,allon,default,allon,default,3,8,oldest,oldest,-50,50,90,90,0.25,1,2d,default,nonlooping,volume,1,0,0,0,0,0.25,no,no,none,0,,no,ringoff_plr,outdoor,yes,no,no,0,0,yes,no,,0,,no,no,no
wpn_mp5k_silencer_fire_plr_decay,raw\sound\wpn\pistol\decay\int\silenced\wpn_pistol_decay_silenced_int.LN65.pc.snd.wav,,loaded,bus_fx,grp_weapon,snp_wpn_1p,,75,0,83,83,0,5000,5000,allon,default,allon,default,3,8,oldest,oldest,-50,50,90,90,0.25,1,2d,default,nonlooping,volume,1,0,0,0,0,0.25,no,no,none,0,,no,ringoff_plr,indoor,yes,no,no,0,0,yes,no,,0,,no,no,no
wpn_mp5k_silencer_LFE,raw\sound\wpn\smg\mp7\plr\lfe\wpn_mp7_fire_lfe.LN65.pc.snd.wav,wpn_mp5k_silencer_fire_plr_decay,loaded,bus_hdrfx,grp_wpn_lfe,snp_wpn_1p,,0,0,86,86,0,5000,5000,allon,default,allon,default,1,2,priority,oldest,0,0,85,90,0.25,1,2d,default,nonlooping,volume,1,0,0,0,0,0.25,no,no,none,0,,no,,,no,no,no,0,0,yes,no,,0,,no,no,no
wpn_mp5k_silencer_LFE_npc,raw\sound\wpn\smg\mp7\plr\lfe\wpn_mp7_fire_lfe.LN65.pc.snd.wav,wpn_mp5k_silencer_fire_npc_decay,loaded,bus_hdrfx,grp_wpn_lfe,snp_wpn_3p,,0,0,81,81,25,225,225,allon,default,allon,default,3,1,priority,oldest,0,0,40,90,0.25,0.75,3d,default,nonlooping,volume,1,0,0,0,0,0.25,no,no,none,0,,no,,,no,no,no,0,0,yes,no,,0,,no,no,no
fly_tar21_bolt_back,raw\sound\wpn\assault\reload\fly_assault_bb.LN65.pc.snd.wav,,loaded,bus_fx,grp_foley,snp_foley,,30,0,86,89,0,5000,5000,allon,default,allon,default,8,8,priority,oldest,-88,84,70,70,0.25,1,2d,default,nonlooping,volume,1,0,0,0,0,0.25,no,yes,none,0,,no,,,yes,no,no,0,0,yes,no,,0,,no,no,no
fly_tar21_bolt_release,raw\sound\wpn\assault\reload\fly_assault_bf.LN65.pc.snd.wav,,loaded,bus_fx,grp_foley,snp_foley,,30,0,86,89,0,5000,5000,allon,default,allon,default,8,8,priority,oldest,-88,84,70,70,0.25,1,2d,default,nonlooping,volume,1,0,0,0,0,0.25,no,yes,none,0,,no,,,yes,no,no,0,0,yes,no,,0,,no,no,no
fly_tar21_button,raw\sound\wpn\assault\m16\reload\fly_m16_button.LN65.pc.snd.wav,,loaded,bus_fx,grp_foley,snp_foley,,30,0,86,89,0,5000,5000,allon,default,allon,default,8,8,priority,oldest,-88,84,70,70,0.25,1,2d,default,nonlooping,volume,1,0,0,0,0,0.25,no,yes,none,0,,no,,,yes,no,no,0,0,yes,no,,0,,no,no,no
fly_tar21_charge,raw\sound\wpn\assault\reload\fly_assault_charge.LN65.pc.snd.wav,,loaded,bus_fx,grp_foley,snp_foley,,30,0,86,89,0,5000,5000,allon,default,allon,default,8,8,priority,oldest,-88,84,70,70,0.25,1,2d,default,nonlooping,volume,1,0,0,0,0,0.25,no,yes,none,0,,no,,,yes,no,no,0,0,yes,no,,0,,no,no,no
fly_tar21_mag_in,raw\sound\wpn\assault\reload\fly_assault_mag_in.LN65.pc.snd.wav,,loaded,bus_fx,grp_foley,snp_foley,,30,0,86,89,0,5000,5000,allon,default,allon,default,8,8,priority,oldest,-88,84,70,70,0.25,1,2d,default,nonlooping,volume,1,0,0,0,0,0.25,no,yes,none,0,,no,,,yes,no,no,0,0,yes,no,,0,,no,no,no
fly_tar21_mag_out,raw\sound\wpn\assault\reload\fly_assault_mag_out.LN65.pc.snd.wav,,loaded,bus_fx,grp_foley,snp_foley,,30,0,86,89,0,5000,5000,allon,default,allon,default,8,8,priority,oldest,-88,84,70,70,0.25,1,2d,default,nonlooping,volume,1,0,0,0,0,0.25,no,yes,none,0,,no,,,yes,no,no,0,0,yes,no,,0,,no,no,no
fly_tar21_tap,raw\sound\wpn\assault\m14\reload\fly_m14_tap.LN65.pc.snd.wav,,loaded,bus_fx,grp_foley,snp_foley,,30,0,86,89,0,5000,5000,allon,default,allon,default,8,8,priority,oldest,-88,84,70,70,0.25,1,2d,default,nonlooping,volume,1,0,0,0,0,0.25,no,yes,none,0,,no,,,yes,no,no,0,0,yes,no,,0,,no,no,no
wpn_tar21_1straise_npc,raw\sound\fly\gear\rattle\fly_cloth_00.LN65.pc.snd.wav,,loaded,bus_fx,grp_foley,snp_foley,,30,0,75,75,75,500,500,allon,default,allon,default,4,8,priority,oldest,-90,90,15,30,0.25,1,3d,default,nonlooping,volume,1,0,25,250,75,0.25,no,yes,none,0,,no,,,yes,no,no,0,0,yes,no,,0,,no,no,no
wpn_tar21_1straise_npc,raw\sound\fly\gear\rattle\fly_cloth_01.LN65.pc.snd.wav,,loaded,bus_fx,grp_foley,snp_foley,,30,0,75,75,75,500,500,allon,default,allon,default,4,8,priority,oldest,-90,90,15,30,0.25,1,3d,default,nonlooping,volume,1,0,25,250,75,0.25,no,yes,none,0,,no,,,yes,no,no,0,0,yes,no,,0,,no,no,no
wpn_tar21_1straise_npc,raw\sound\fly\gear\rattle\fly_cloth_02.LN65.pc.snd.wav,,loaded,bus_fx,grp_foley,snp_foley,,30,0,75,75,75,500,500,allon,default,allon,default,4,8,priority,oldest,-90,90,15,30,0.25,1,3d,default,nonlooping,volume,1,0,25,250,75,0.25,no,yes,none,0,,no,,,yes,no,no,0,0,yes,no,,0,,no,no,no
wpn_tar21_1straise_npc,raw\sound\fly\gear\rattle\fly_cloth_03.LN65.pc.snd.wav,,loaded,bus_fx,grp_foley,snp_foley,,30,0,75,75,75,500,500,allon,default,allon,default,4,8,priority,oldest,-90,90,15,30,0.25,1,3d,default,nonlooping,volume,1,0,25,250,75,0.25,no,yes,none,0,,no,,,yes,no,no,0,0,yes,no,,0,,no,no,no
wpn_tar21_1straise_plr,raw\sound\fly\gear\rattle\long\fly_cloth_00.LN65.pc.snd.wav,,loaded,bus_fx,grp_foley,snp_foley,,30,0,86,89,0,5000,5000,allon,default,allon,default,8,8,priority,oldest,-88,84,70,70,0.25,1,2d,default,nonlooping,volume,1,0,0,0,0,0.25,no,yes,none,0,,no,,,yes,no,no,0,0,yes,no,,0,,no,no,no
wpn_tar21_dryfire_npc,raw\sound\wpn\assault\dry_fire\npc\dry_fire_00.LN65.pc.snd.wav,,loaded,bus_fx,grp_weapon,snp_wpn_3p,,55,0,82,82,900,900,901,cosdelay,alloff,cosdelay,default,8,2,priority,oldest,-125,125,40,90,0.25,0.8,3d,default,nonlooping,volume,1,0,0,0,0,0.25,no,no,none,0,,no,,,yes,no,no,0,0,yes,no,,0,,no,no,no
wpn_tar21_dryfire_plr,raw\sound\wpn\assault\dry_fire\plr\dry_fire_00.LN65.pc.snd.wav,,loaded,bus_fx,grp_weapon,snp_wpn_1p,,65,0,93,93,0,5000,5000,allon,default,allon,default,3,8,oldest,oldest,0,0,90,90,0.25,1,2d,default,nonlooping,volume,1,0,0,0,0,0.25,no,no,none,0,,no,,,yes,no,no,0,0,yes,no,,0,,no,no,no
wpn_tar21_fire_npc,raw\sound\wpn\assault\tar21\plr\shot\wpn_tar21_shot_plr.LN65.pc.snd.wav,wpn_tar21_LFE_npc,loaded,bus_fx,grp_weapon,snp_wpn_3p,,55,0,82,82,900,900,901,cosdelay,alloff,cosdelay,default,8,2,priority,oldest,-125,125,40,90,0.25,0.8,3d,default,nonlooping,volume,1,0,0,0,0,0.25,no,no,none,0,,no,,,yes,no,no,0,0,yes,no,,0,,no,no,no
wpn_tar21_fire_npc_decay,raw\sound\wpn\assault\decay\ext\wpn_assault_decay_ext.LN65.pc.snd.wav,,loaded,bus_fx,grp_weapon,snp_wpn_3p,,55,0,77,77,50,900,900,allon,default,rcurve1,default,3,1,priority,oldest,-100,100,20,70,0.15,1,3d,default,nonlooping,volume,1,0,0,0,0,0.25,no,no,none,0,,no,ringoff_plr,outdoor,yes,no,no,0,0,yes,no,,0,,no,no,no
wpn_tar21_fire_npc_decay,raw\sound\wpn\assault\decay\int\wpn_assault_decay_int.LN65.pc.snd.wav,,loaded,bus_fx,grp_weapon,snp_wpn_3p,,55,0,67,67,50,900,900,allon,default,rcurve1,default,3,1,priority,oldest,-100,100,20,70,0.15,1,3d,default,nonlooping,volume,1,0,0,0,0,0.25,no,no,none,0,,no,ringoff_plr,indoor,yes,no,no,0,0,yes,no,,0,,no,no,no
wpn_tar21_fire_npc_dist,raw\sound\wpn\dist_guns\ass\wpn_assault_dist_00.LN65.pc.snd.wav,wpn_tar21_fire_npc_decay,loaded,bus_fx,grp_weapon,snp_wpn_3p,,80,0,81,81,900,6000,12500,sindelay,default,sindelay,allon,8,3,priority,oldest,-300,300,90,40,0,1,3d,default,nonlooping,,1,0,0,0,0,0.25,no,no,none,0,,no,,,yes,no,no,0,0,yes,no,,0,,no,no,no
wpn_tar21_fire_npc_dist,raw\sound\wpn\dist_guns\ass\wpn_assault_dist_01.LN65.pc.snd.wav,wpn_tar21_fire_npc_decay,loaded,bus_fx,grp_weapon,snp_wpn_3p,,80,0,81,81,900,6000,12500,sindelay,default,sindelay,allon,8,3,priority,oldest,-300,300,90,40,0,1,3d,default,nonlooping,,1,0,0,0,0,0.25,no,no,none,0,,no,,,yes,no,no,0,0,yes,no,,0,,no,no,no
wpn_tar21_fire_npc_dist,raw\sound\wpn\dist_guns\ass\wpn_assault_dist_02.LN65.pc.snd.wav,wpn_tar21_fire_npc_decay,loaded,bus_fx,grp_weapon,snp_wpn_3p,,80,0,81,81,900,6000,12500,sindelay,default,sindelay,allon,8,3,priority,oldest,-300,300,90,40,0,1,3d,default,nonlooping,,1,0,0,0,0,0.25,no,no,none,0,,no,,,yes,no,no,0,0,yes,no,,0,,no,no,no
wpn_tar21_fire_npc_dist,raw\sound\wpn\dist_guns\ass\wpn_assault_dist_03.LN65.pc.snd.wav,wpn_tar21_fire_npc_decay,loaded,bus_fx,grp_weapon,snp_wpn_3p,,80,0,81,81,900,6000,12500,sindelay,default,sindelay,allon,8,3,priority,oldest,-300,300,90,40,0,1,3d,default,nonlooping,,1,0,0,0,0,0.25,no,no,none,0,,no,,,yes,no,no,0,0,yes,no,,0,,no,no,no
wpn_tar21_fire_npc_pap,raw\sound\wpn\pap\pap_shot_st.LN65.pc.snd.wav,wpn_tar21_flux_l_npc_pap,loaded,bus_fx,grp_weapon,snp_wpn_3p,,80,0,82,82,75,1250,1250,allon,default,allon,default,10,3,priority,oldest,-100,100,50,90,0.35,1,3d,default,nonlooping,volume pitch,1,0,0,0,0,0.25,no,no,none,0,,no,,,yes,no,no,0,0,yes,no,,0,,no,no,no
wpn_tar21_fire_plr,raw\sound\wpn\assault\tar21\plr\shot\wpn_tar21_shot_plr.LN65.pc.snd.wav,wpn_tar21_lfe,loaded,bus_fx,grp_weapon,snp_wpn_1p,,65,0,93,93,0,5000,5000,allon,default,allon,default,3,8,oldest,oldest,-25,26,90,90,0.25,1,2d,default,nonlooping,volume,1,0,0,0,0,0.25,no,no,none,0,,no,,,yes,no,no,0,0,yes,no,,0,,no,no,no
wpn_tar21_fire_plr_decay,raw\sound\wpn\assault\decay\ext\wpn_assault_decay_ext.LN65.pc.snd.wav,,loaded,bus_fx,grp_weapon,snp_wpn_1p,,60,0,83,83,0,5000,5000,allon,default,allon,default,3,8,oldest,oldest,-50,50,90,90,0.25,1,2d,default,nonlooping,volume,1,0,0,0,0,0.25,no,no,none,0,,no,ringoff_plr,outdoor,yes,no,no,0,0,yes,no,,0,,no,no,no
wpn_tar21_fire_plr_decay,raw\sound\wpn\assault\decay\int\wpn_assault_decay_int.LN65.pc.snd.wav,,loaded,bus_fx,grp_weapon,snp_wpn_1p,,60,0,83,83,0,5000,5000,allon,default,allon,default,3,8,oldest,oldest,-50,50,90,90,0.25,1,2d,default,nonlooping,volume,1,0,0,0,0,0.25,no,no,none,0,,no,ringoff_plr,indoor,yes,no,no,0,0,yes,no,,0,,no,no,no
wpn_tar21_fire_plr_pap,raw\sound\wpn\pap\pap_shot_st.LN65.pc.snd.wav,wpn_tar21_flux_l_plr_pap,loaded,bus_hdrfx,grp_weapon,snp_wpn_1p,,70,0,87,87,0,5000,5000,allon,default,allon,default,1,8,oldest,oldest,0,0,90,90,0.25,1,2d,default,nonlooping,volume,1,0,0,0,0,0.25,no,no,none,0,,no,,,yes,no,no,0,0,yes,no,,0,,no,no,no
wpn_tar21_flux_l_npc_pap,raw\sound\wpn\pap\pap_flux_left.LN65.pc.snd.wav,wpn_tar21_flux_r_npc_pap,loaded,bus_fx,grp_weapon,snp_wpn_3p,,84,0,75,75,25,900,900,allon,default,allon,default,8,4,priority,priority,-34,34,85,90,0.25,1,3d,default,nonlooping,volume pitch,1,0,0,0,0,0.25,no,no,left_shot,4000,,no,,,yes,no,no,0,0,yes,no,,0,,no,no,no
wpn_tar21_flux_l_plr_pap,raw\sound\wpn\pap\pap_flux_left.LN65.pc.snd.wav,wpn_tar21_flux_r_plr_pap,loaded,bus_fx,grp_weapon,snp_wpn_3p,,84,0,75,75,25,900,900,allon,default,allon,default,8,4,priority,priority,-34,34,85,90,0.25,1,3d,default,nonlooping,volume pitch,1,0,0,0,0,0.25,no,no,left_shot,4000,,no,,,yes,no,no,0,0,yes,no,,0,,no,no,no
wpn_tar21_flux_r_npc_pap,raw\sound\wpn\pap\pap_flux_right.LN65.pc.snd.wav,wpn_tar21_fire_npc,loaded,bus_fx,grp_weapon,snp_wpn_3p,,84,0,75,75,25,900,900,allon,default,allon,default,8,4,priority,priority,-34,34,85,90,0.25,1,3d,default,nonlooping,volume pitch,1,0,0,0,0,0.25,no,no,right_shot,4000,,no,,,yes,no,no,0,0,yes,no,,0,,no,no,no
wpn_tar21_flux_r_plr_pap,raw\sound\wpn\pap\pap_flux_right.LN65.pc.snd.wav,wpn_tar21_fire_plr,loaded,bus_fx,grp_weapon,snp_wpn_3p,,84,0,75,75,25,900,900,allon,default,allon,default,8,4,priority,priority,-34,34,85,90,0.25,1,3d,default,nonlooping,volume pitch,1,0,0,0,0,0.25,no,no,right_shot,4000,,no,,,yes,no,no,0,0,yes,no,,0,,no,no,no
wpn_tar21_lfe,raw\sound\wpn\smg\mp7\plr\lfe\wpn_mp7_fire_lfe.LN65.pc.snd.wav,wpn_tar21_fire_plr_decay,loaded,bus_hdrfx,grp_wpn_lfe,snp_wpn_1p,,0,0,86,86,0,5000,5000,allon,default,allon,default,8,2,priority,oldest,0,0,85,90,0.25,1,2d,default,nonlooping,volume,1,0,0,0,0,0.25,no,no,none,0,,no,,,no,no,no,0,0,yes,no,,0,,no,no,no
wpn_tar21_LFE_npc,raw\sound\wpn\smg\mp7\plr\lfe\wpn_mp7_fire_lfe.LN65.pc.snd.wav,wpn_tar21_fire_npc_dist,loaded,bus_hdrfx,grp_wpn_lfe,snp_wpn_3p,,0,0,81,81,25,225,225,allon,default,allon,default,3,1,priority,oldest,0,0,40,90,0.25,0.75,3d,default,nonlooping,volume,1,0,0,0,0,0.25,no,no,none,0,,no,,,no,no,no,0,0,yes,no,,0,,no,no,no
wpn_tar21_pickup_npc,raw\sound\fly\pickups\weapon\fly_weapon_pickup_00.LN65.pc.snd.wav,,loaded,bus_fx,grp_foley,snp_foley,,30,0,75,75,75,500,500,allon,default,allon,default,2,1,priority,reject,-50,50,15,30,0.25,1,3d,default,nonlooping,volume,1,0,25,250,75,0.25,no,yes,none,0,,no,,,yes,no,no,0,0,yes,no,,0,,no,no,no
wpn_tar21_pickup_npc,raw\sound\fly\pickups\weapon\fly_weapon_pickup_01.LN65.pc.snd.wav,,loaded,bus_fx,grp_foley,snp_foley,,30,0,75,75,75,500,500,allon,default,allon,default,2,1,priority,reject,-50,50,15,30,0.25,1,3d,default,nonlooping,volume,1,0,25,250,75,0.25,no,yes,none,0,,no,,,yes,no,no,0,0,yes,no,,0,,no,no,no
wpn_tar21_pickup_plr,raw\sound\fly\pickups\weapon\fly_weapon_pickup_00.LN65.pc.snd.wav,,loaded,bus_fx,grp_foley,snp_foley,,30,0,75,75,0,5000,5000,allon,default,allon,default,1,8,reject,oldest,-88,84,70,70,0.25,1,2d,default,nonlooping,volume,1,0,0,0,0,0.25,no,yes,none,0,,no,,,yes,no,no,0,0,yes,no,,0,,no,no,no
wpn_tar21_pickup_plr,raw\sound\fly\pickups\weapon\fly_weapon_pickup_01.LN65.pc.snd.wav,,loaded,bus_fx,grp_foley,snp_foley,,30,0,75,75,0,5000,5000,allon,default,allon,default,1,8,reject,oldest,-88,84,70,70,0.25,1,2d,default,nonlooping,volume,1,0,0,0,0,0.25,no,yes,none,0,,no,,,yes,no,no,0,0,yes,no,,0,,no,no,no
wpn_tar21_silencer_fire_npc,raw\sound\wpn\assault\m27\plr\shot\silenced\wpn_m27_sil_shot_plr.LN65.pc.snd.wav,wpn_tar21_silencer_LFE_npc,loaded,bus_fx,grp_weapon,snp_wpn_3p,,0,0,82,82,900,900,901,cosdelay,alloff,cosdelay,default,8,2,priority,oldest,-50,50,40,90,0.25,0.8,3d,default,nonlooping,volume,1,0,0,0,0,0.25,no,no,none,0,,no,,,yes,no,no,0,0,yes,no,,0,,no,no,no
wpn_tar21_silencer_fire_npc_decay,raw\sound\wpn\assault\decay\int\silenced\wpn_aslt_decay_silenced_int.LN65.pc.snd.wav,,loaded,bus_fx,grp_weapon,snp_wpn_3p,,55,0,67,67,50,900,900,allon,default,rcurve1,default,3,1,priority,oldest,-100,100,20,70,0.15,1,3d,default,nonlooping,volume,1,0,0,0,0,0.25,no,no,none,0,,no,ringoff_plr,indoor,yes,no,no,0,0,yes,no,,0,,no,no,no
wpn_tar21_silencer_fire_npc_decay,raw\sound\wpn\pistol\decay\ext\silenced\wpn_pistol_decay_silenced_ext.LN65.pc.snd.wav,,loaded,bus_fx,grp_weapon,snp_wpn_3p,,55,0,77,77,50,900,900,allon,default,rcurve1,default,3,1,priority,oldest,-100,100,20,70,0.15,1,3d,default,nonlooping,volume,1,0,0,0,0,0.25,no,no,none,0,,no,ringoff_plr,outdoor,yes,no,no,0,0,yes,no,,0,,no,no,no
wpn_tar21_silencer_fire_plr,raw\sound\wpn\assault\m27\plr\shot\silenced\wpn_m27_sil_shot_plr.LN65.pc.snd.wav,wpn_tar21_silencer_LFE,loaded,bus_fx,grp_weapon,snp_wpn_1p,,0,0,93,93,0,5000,5000,allon,default,allon,default,3,8,oldest,oldest,-50,50,90,90,0.25,1,2d,default,nonlooping,volume,1,0,0,0,0,0.25,no,no,none,0,,no,,,yes,no,no,0,0,yes,no,,0,,no,no,no
wpn_tar21_silencer_fire_plr_decay,raw\sound\wpn\assault\decay\int\silenced\wpn_aslt_decay_silenced_int.LN65.pc.snd.wav,,loaded,bus_fx,grp_weapon,snp_wpn_1p,,75,0,83,83,0,5000,5000,allon,default,allon,default,3,8,oldest,oldest,-50,50,90,90,0.25,1,2d,default,nonlooping,volume,1,0,0,0,0,0.25,no,no,none,0,,no,ringoff_plr,indoor,yes,no,no,0,0,yes,no,,0,,no,no,no
wpn_tar21_silencer_fire_plr_decay,raw\sound\wpn\pistol\decay\ext\silenced\wpn_pistol_decay_silenced_ext.LN65.pc.snd.wav,,loaded,bus_fx,grp_weapon,snp_wpn_1p,,70,0,83,83,0,5000,5000,allon,default,allon,default,3,8,oldest,oldest,-50,50,90,90,0.25,1,2d,default,nonlooping,volume,1,0,0,0,0,0.25,no,no,none,0,,no,ringoff_plr,outdoor,yes,no,no,0,0,yes,no,,0,,no,no,no
wpn_tar21_silencer_lfe,raw\sound\wpn\smg\mp7\plr\lfe\wpn_mp7_fire_lfe.LN65.pc.snd.wav,wpn_tar21_silencer_fire_plr_decay,loaded,bus_hdrfx,grp_wpn_lfe,snp_wpn_1p,,0,0,86,86,0,5000,5000,allon,default,allon,default,8,2,priority,oldest,0,0,85,90,0.25,1,2d,default,nonlooping,volume,1,0,0,0,0,0.25,no,no,none,0,,no,,,no,no,no,0,0,yes,no,,0,,no,no,no
wpn_tar21_silencer_LFE_npc,raw\sound\wpn\smg\mp7\plr\lfe\wpn_mp7_fire_lfe.LN65.pc.snd.wav,wpn_tar21_silencer_fire_npc_decay,loaded,bus_hdrfx,grp_wpn_lfe,snp_wpn_3p,,0,0,81,81,25,225,225,allon,default,allon,default,3,1,priority,oldest,0,0,40,90,0.25,0.75,3d,default,nonlooping,volume,1,0,0,0,0,0.25,no,no,none,0,,no,,,no,no,no,0,0,yes,no,,0,,no,no,no
wpn_rottweil72_1straise_npc,raw\sound\fly\gear\weapon\weapon_00.LN65.pc.snd.wav,,loaded,bus_fx,grp_foley,snp_foley,,30,0,75,75,75,500,500,allon,default,allon,default,4,8,priority,oldest,-90,90,15,30,0.25,1,3d,default,nonlooping,volume,1,0,25,250,75,0.25,no,yes,none,0,,no,,,yes,no,no,0,0,yes,no,,0,,no,no,no
wpn_rottweil72_1straise_plr,raw\sound\fly\gear\weapon\weapon_00.LN65.pc.snd.wav,,loaded,bus_fx,grp_foley,snp_foley,,30,0,86,89,0,5000,5000,allon,default,allon,default,8,8,priority,oldest,-88,84,70,70,0.25,1,2d,default,nonlooping,volume,1,0,0,0,0,0.25,no,yes,none,0,,no,,,yes,no,no,0,0,yes,no,,0,,no,no,no
wpn_rottweil72_close,raw\sound\wpn\shotgun\remington870\reload\fly_rem870_push.LN65.pc.snd.wav,,loaded,bus_fx,grp_foley,snp_foley,,30,0,86,89,0,5000,5000,allon,default,allon,default,8,8,priority,oldest,-88,84,70,70,0.25,1,2d,default,nonlooping,volume,1,0,0,0,0,0.25,no,yes,none,0,,no,,,yes,no,no,0,0,yes,no,,0,,no,no,no
wpn_rottweil72_decay,raw\sound\wpn\decay\wpn_decay.LN65.pc.snd.wav,wpn_rottweil72_LFE,loaded,bus_fx,grp_weapon,snp_wpn_1p,,60,0,67,67,0,5000,5000,allon,default,allon,default,8,3,priority,oldest,0,0,90,90,0.25,1,2d,default,nonlooping,volume,1,75,0,0,0,0.25,no,no,none,0,,no,ringoff_plr,outdoor,yes,no,no,0,0,yes,no,,0,,no,no,no
wpn_rottweil72_dryfire_npc,raw\sound\wpn\shotgun\dry_fire\npc\dry_fire_00.LN65.pc.snd.wav,,loaded,bus_fx,grp_weapon,snp_wpn_3p,,55,0,88,88,900,900,900,cosdelay,alloff,cosdelay,default,6,2,priority,oldest,-88,84,50,90,0.25,0.8,3d,default,nonlooping,volume,1,0,0,0,0,0.25,no,no,none,0,,no,,,yes,no,no,0,0,yes,no,,0,,no,no,no
wpn_rottweil72_dryfire_plr,raw\sound\wpn\shotgun\dry_fire\plr\dry_fire_00.LN65.pc.snd.wav,,loaded,bus_fx,grp_weapon,snp_wpn_1p,,65,0,94,94,0,5000,5000,allon,default,allon,default,8,2,priority,oldest,-100,100,90,90,0.25,1,2d,default,nonlooping,volume,1,0,0,0,0,0.25,no,no,none,0,,no,,,yes,no,no,0,0,yes,no,,0,,no,no,no
wpn_rottweil72_fire_npc,raw\sound\wpn\shotgun\870mcs\fire\wpn_870mcs_00.LN65.pc.snd.wav,wpn_rottweil72_npc_LFE,loaded,bus_fx,grp_weapon,snp_wpn_3p,,55,0,88,88,900,900,900,cosdelay,alloff,cosdelay,default,6,2,priority,oldest,-88,84,50,90,0.25,0.8,3d,default,nonlooping,volume,1,0,0,0,0,0.25,no,no,none,0,,no,,,yes,no,no,0,0,yes,no,,0,,no,no,no
wpn_rottweil72_fire_npc_decay,raw\sound\wpn\assault\decay\ext\wpn_assault_decay_ext.LN65.pc.snd.wav,,loaded,bus_fx,grp_weapon,snp_wpn_3p,,55,0,77,77,50,900,900,allon,default,rcurve1,default,3,1,priority,oldest,-100,100,20,70,0.15,1,3d,default,nonlooping,volume,1,0,0,0,0,0.25,no,no,none,0,,no,ringoff_plr,outdoor,yes,no,no,0,0,yes,no,,0,,no,no,no
wpn_rottweil72_fire_npc_decay,raw\sound\wpn\shotgun\decay\int\wpn_shotgun_decay_int.LN65.pc.snd.wav,,loaded,bus_fx,grp_weapon,snp_wpn_3p,,55,0,67,67,50,900,900,allon,default,rcurve1,default,3,1,priority,oldest,-100,100,20,70,0.15,1,3d,default,nonlooping,volume,1,0,0,0,0,0.25,no,no,none,0,,no,ringoff_plr,indoor,yes,no,no,0,0,yes,no,,0,,no,no,no
wpn_rottweil72_fire_npc_pap,raw\sound\wpn\pap\pap_shot_st.LN65.pc.snd.wav,wpn_rottweil72_flux_l_npc_pap,loaded,bus_fx,grp_weapon,snp_wpn_3p,,80,0,82,82,75,1250,1250,allon,default,allon,default,10,3,priority,oldest,-100,100,50,90,0.35,1,3d,default,nonlooping,volume pitch,1,0,0,0,0,0.25,no,no,none,0,,no,,,yes,no,no,0,0,yes,no,,0,,no,no,no
wpn_rottweil72_fire_plr,raw\sound\wpn\shotgun\870mcs\fire\wpn_870mcs_00.LN65.pc.snd.wav,wpn_rottweil72_decay,loaded,bus_fx,grp_weapon,snp_wpn_1p,,65,0,94,94,0,5000,5000,allon,default,allon,default,8,2,priority,oldest,-50,50,90,90,0.25,1,2d,default,nonlooping,volume,1,0,0,0,0,0.25,no,no,none,0,,no,ringoff_plr,outdoor,yes,no,no,0,0,yes,no,,0,,no,no,no
wpn_rottweil72_fire_plr,raw\sound\wpn\shotgun\indoor\plr\shot\wpn_shotgun_indoor_fire_plr.LN65.pc.snd.wav,wpn_rottweil72_indoor_decay,loaded,bus_fx,grp_weapon,snp_wpn_1p,,65,0,94,94,0,5000,5000,allon,default,allon,default,8,2,priority,oldest,-50,50,90,90,0.25,1,2d,default,nonlooping,volume,1,0,0,0,0,0.25,no,no,none,0,,no,ringoff_plr,indoor,yes,no,no,0,0,yes,no,,0,,no,no,no
wpn_rottweil72_fire_plr_decay,raw\sound\wpn\assault\decay\ext\wpn_assault_decay_ext.LN65.pc.snd.wav,,loaded,bus_fx,grp_weapon,snp_wpn_1p,,60,0,83,83,0,5000,5000,allon,default,allon,default,3,8,oldest,oldest,-50,50,90,90,0.25,1,2d,default,nonlooping,volume,1,0,0,0,0,0.25,no,no,none,0,,no,ringoff_plr,outdoor,yes,no,no,0,0,yes,no,,0,,no,no,no
wpn_rottweil72_fire_plr_decay,raw\sound\wpn\shotgun\decay\int\wpn_shotgun_decay_int.LN65.pc.snd.wav,,loaded,bus_fx,grp_weapon,snp_wpn_1p,,60,0,83,83,0,5000,5000,allon,default,allon,default,3,8,oldest,oldest,-50,50,90,90,0.25,1,2d,default,nonlooping,volume,1,0,0,0,0,0.25,no,no,none,0,,no,ringoff_plr,indoor,yes,no,no,0,0,yes,no,,0,,no,no,no
wpn_rottweil72_fire_plr_pap,raw\sound\wpn\pap\pap_shot_st.LN65.pc.snd.wav,wpn_rottweil72_flux_l_plr_pap,loaded,bus_hdrfx,grp_weapon,snp_wpn_1p,,70,0,87,87,0,5000,5000,allon,default,allon,default,1,8,oldest,oldest,0,0,90,90,0.25,1,2d,default,nonlooping,volume,1,0,0,0,0,0.25,no,no,none,0,,no,,,yes,no,no,0,0,yes,no,,0,,no,no,no
wpn_rottweil72_flux_l_npc_pap,raw\sound\wpn\pap\pap_flux_left.LN65.pc.snd.wav,wpn_rottweil72_flux_r_npc_pap,loaded,bus_fx,grp_weapon,snp_wpn_3p,,84,0,75,75,25,900,900,allon,default,allon,default,8,4,priority,priority,-34,34,85,90,0.25,1,3d,default,nonlooping,volume pitch,1,0,0,0,0,0.25,no,no,left_shot,4000,,no,,,yes,no,no,0,0,yes,no,,0,,no,no,no
wpn_rottweil72_flux_l_plr_pap,raw\sound\wpn\pap\pap_flux_left.LN65.pc.snd.wav,wpn_rottweil72_flux_r_plr_pap,loaded,bus_fx,grp_weapon,snp_wpn_3p,,84,0,75,75,25,900,900,allon,default,allon,default,8,4,priority,priority,-34,34,85,90,0.25,1,3d,default,nonlooping,volume pitch,1,0,0,0,0,0.25,no,no,left_shot,4000,,no,,,yes,no,no,0,0,yes,no,,0,,no,no,no
wpn_rottweil72_flux_r_npc_pap,raw\sound\wpn\pap\pap_flux_right.LN65.pc.snd.wav,wpn_rottweil72_fire_npc,loaded,bus_fx,grp_weapon,snp_wpn_3p,,84,0,75,75,25,900,900,allon,default,allon,default,8,4,priority,priority,-34,34,85,90,0.25,1,3d,default,nonlooping,volume pitch,1,0,0,0,0,0.25,no,no,right_shot,4000,,no,,,yes,no,no,0,0,yes,no,,0,,no,no,no
wpn_rottweil72_flux_r_plr_pap,raw\sound\wpn\pap\pap_flux_right.LN65.pc.snd.wav,wpn_rottweil72_fire_plr,loaded,bus_fx,grp_weapon,snp_wpn_3p,,84,0,75,75,25,900,900,allon,default,allon,default,8,4,priority,priority,-34,34,85,90,0.25,1,3d,default,nonlooping,volume pitch,1,0,0,0,0,0.25,no,no,right_shot,4000,,no,,,yes,no,no,0,0,yes,no,,0,,no,no,no
wpn_rottweil72_indoor_decay,,wpn_rottweil72_indoor_LFE,loaded,bus_fx,grp_weapon,snp_wpn_1p,,60,0,67,67,0,5000,5000,allon,default,allon,default,8,3,priority,oldest,0,0,90,90,0.25,1,2d,default,nonlooping,volume,1,75,0,0,0,0.25,no,no,none,0,,no,ringoff_plr,outdoor,yes,no,no,0,0,yes,no,,0,,no,no,no
wpn_rottweil72_indoor_LFE,raw\sound\wpn\shotgun\srm1216\lfe\wpn_srm1216_lfe.LN65.pc.snd.wav,,loaded,bus_hdrfx,grp_wpn_lfe,snp_wpn_1p,,0,0,86,86,0,5000,5000,allon,default,allon,default,8,2,priority,oldest,0,0,85,90,0.25,1,2d,default,nonlooping,volume,1,0,0,0,0,0.25,no,no,none,0,,no,,,yes,no,no,0,0,yes,no,,0,,no,no,no
wpn_rottweil72_LFE,raw\sound\wpn\shotgun\srm1216\lfe\wpn_srm1216_lfe.LN65.pc.snd.wav,,loaded,bus_hdrfx,grp_wpn_lfe,snp_wpn_1p,,0,0,86,86,0,5000,5000,allon,default,allon,default,8,2,priority,oldest,0,0,85,90,0.25,1,2d,default,nonlooping,volume,1,0,0,0,0,0.25,no,no,none,0,,no,,,yes,no,no,0,0,yes,no,,0,,no,no,no
wpn_rottweil72_npc_decay,raw\sound\wpn\decay\wpn_decay.LN65.pc.snd.wav,,loaded,bus_fx,grp_weapon,snp_wpn_3p,,55,0,80,80,75,900,900,allon,default,rcurve4,default,3,1,priority,oldest,0,0,20,70,0.15,1,3d,default,nonlooping,volume pitch,1,0,0,0,0,0.25,no,no,none,0,,no,ringoff_plr,outdoor,yes,no,no,0,0,yes,no,,0,,no,no,no
wpn_rottweil72_npc_dist,raw\sound\wpn\dist_guns\sht\wpn_shotgun_dist_00.LN65.pc.snd.wav,wpn_rottweil72_npc_decay,loaded,bus_fx,grp_weapon,snp_wpn_3p,,80,0,88,88,900,6000,12500,sindelay,default,sindelay,allon,6,3,priority,oldest,-300,300,90,40,0.25,1,3d,default,nonlooping,volume pitch,1,0,0,0,0,0.25,no,no,none,0,,no,,,yes,no,no,0,0,yes,no,,0,,no,no,no
wpn_rottweil72_npc_dist,raw\sound\wpn\dist_guns\sht\wpn_shotgun_dist_01.LN65.pc.snd.wav,wpn_rottweil72_npc_decay,loaded,bus_fx,grp_weapon,snp_wpn_3p,,80,0,88,88,900,6000,12500,sindelay,default,sindelay,allon,6,3,priority,oldest,-300,300,90,40,0.25,1,3d,default,nonlooping,volume pitch,1,0,0,0,0,0.25,no,no,none,0,,no,,,yes,no,no,0,0,yes,no,,0,,no,no,no
wpn_rottweil72_npc_LFE,raw\sound\wpn\shotgun\srm1216\lfe\wpn_srm1216_lfe.LN65.pc.snd.wav,wpn_rottweil72_npc_dist,loaded,bus_hdrfx,grp_wpn_lfe,snp_wpn_3p,,0,0,81,81,25,225,225,allon,default,allon,default,3,1,priority,oldest,0,0,40,90,0.25,0.75,3d,default,nonlooping,volume,1,0,0,0,0,0.25,no,no,none,0,,no,,,yes,no,no,0,0,yes,no,,0,,no,no,no
wpn_rottweil72_open,raw\sound\wpn\shotgun\remington870\reload\fly_rem870_pull.LN65.pc.snd.wav,,loaded,bus_fx,grp_foley,snp_foley,,30,0,86,89,0,5000,5000,allon,default,allon,default,8,8,priority,oldest,-88,84,70,70,0.25,1,2d,default,nonlooping,volume,1,0,0,0,0,0.25,no,yes,none,0,,no,,,yes,no,no,0,0,yes,no,,0,,no,no,no
wpn_rottweil72_pickup_npc,raw\sound\fly\pickups\weapon\fly_weapon_pickup_00.LN65.pc.snd.wav,,loaded,bus_fx,grp_foley,snp_foley,,30,0,75,75,75,500,500,allon,default,allon,default,2,1,priority,reject,-50,50,15,30,0.25,1,3d,default,nonlooping,volume,1,0,25,250,75,0.25,no,yes,none,0,,no,,,yes,no,no,0,0,yes,no,,0,,no,no,no
wpn_rottweil72_pickup_npc,raw\sound\fly\pickups\weapon\fly_weapon_pickup_01.LN65.pc.snd.wav,,loaded,bus_fx,grp_foley,snp_foley,,30,0,75,75,75,500,500,allon,default,allon,default,2,1,priority,reject,-50,50,15,30,0.25,1,3d,default,nonlooping,volume,1,0,25,250,75,0.25,no,yes,none,0,,no,,,yes,no,no,0,0,yes,no,,0,,no,no,no
wpn_rottweil72_pickup_plr,raw\sound\fly\pickups\weapon\fly_weapon_pickup_00.LN65.pc.snd.wav,,loaded,bus_fx,grp_foley,snp_foley,,30,0,75,75,0,5000,5000,allon,default,allon,default,1,8,reject,oldest,-88,84,70,70,0.25,1,2d,default,nonlooping,volume,1,0,0,0,0,0.25,no,yes,none,0,,no,,,yes,no,no,0,0,yes,no,,0,,no,no,no
wpn_rottweil72_pickup_plr,raw\sound\fly\pickups\weapon\fly_weapon_pickup_01.LN65.pc.snd.wav,,loaded,bus_fx,grp_foley,snp_foley,,30,0,75,75,0,5000,5000,allon,default,allon,default,1,8,reject,oldest,-88,84,70,70,0.25,1,2d,default,nonlooping,volume,1,0,0,0,0,0.25,no,yes,none,0,,no,,,yes,no,no,0,0,yes,no,,0,,no,no,no
wpn_rottweil72_raise_npc,raw\sound\fly\gear\weapon\weapon_00.LN65.pc.snd.wav,,loaded,bus_fx,grp_foley,snp_foley,,30,0,75,75,75,500,500,allon,default,allon,default,4,8,priority,oldest,-90,90,15,30,0.25,1,3d,default,nonlooping,volume,1,0,25,250,75,0.25,no,yes,none,0,,no,,,yes,no,no,0,0,yes,no,,0,,no,no,no
wpn_rottweil72_raise_plr,raw\sound\fly\gear\weapon\weapon_00.LN65.pc.snd.wav,,loaded,bus_fx,grp_foley,snp_foley,,30,0,86,89,0,5000,5000,allon,default,allon,default,8,8,priority,oldest,-88,84,70,70,0.25,1,2d,default,nonlooping,volume,1,0,0,0,0,0.25,no,yes,none,0,,no,,,yes,no,no,0,0,yes,no,,0,,no,no,no
wpn_rottweil72_shell_in,raw\sound\wpn\shotgun\foley\load\load_00.LN65.pc.snd.wav,,loaded,bus_fx,grp_foley,snp_foley,,30,0,86,89,0,5000,5000,allon,default,allon,default,8,8,priority,oldest,-88,84,70,70,0.25,1,2d,default,nonlooping,volume,1,0,0,0,0,0.25,no,yes,none,0,,no,,,yes,no,no,0,0,yes,no,,0,,no,no,no
wpn_rottweil72_shell_in,raw\sound\wpn\shotgun\foley\load\load_01.LN65.pc.snd.wav,,loaded,bus_fx,grp_foley,snp_foley,,30,0,86,89,0,5000,5000,allon,default,allon,default,8,8,priority,oldest,-88,84,70,70,0.25,1,2d,default,nonlooping,volume,1,0,0,0,0,0.25,no,yes,none,0,,no,,,yes,no,no,0,0,yes,no,,0,,no,no,no
wpn_rottweil72_shell_in,raw\sound\wpn\shotgun\foley\load\load_02.LN65.pc.snd.wav,,loaded,bus_fx,grp_foley,snp_foley,,30,0,86,89,0,5000,5000,allon,default,allon,default,8,8,priority,oldest,-88,84,70,70,0.25,1,2d,default,nonlooping,volume,1,0,0,0,0,0.25,no,yes,none,0,,no,,,yes,no,no,0,0,yes,no,,0,,no,no,no
wpn_rottweil72_shell_in,raw\sound\wpn\shotgun\foley\load\load_03.LN65.pc.snd.wav,,loaded,bus_fx,grp_foley,snp_foley,,30,0,86,89,0,5000,5000,allon,default,allon,default,8,8,priority,oldest,-88,84,70,70,0.25,1,2d,default,nonlooping,volume,1,0,0,0,0,0.25,no,yes,none,0,,no,,,yes,no,no,0,0,yes,no,,0,,no,no,no
wpn_rottweil72_shell_in,raw\sound\wpn\shotgun\foley\load\load_04.LN65.pc.snd.wav,,loaded,bus_fx,grp_foley,snp_foley,,30,0,86,89,0,5000,5000,allon,default,allon,default,8,8,priority,oldest,-88,84,70,70,0.25,1,2d,default,nonlooping,volume,1,0,0,0,0,0.25,no,yes,none,0,,no,,,yes,no,no,0,0,yes,no,,0,,no,no,no
wpn_rottweil72_shell_in,raw\sound\wpn\shotgun\foley\load\load_05.LN65.pc.snd.wav,,loaded,bus_fx,grp_foley,snp_foley,,30,0,86,89,0,5000,5000,allon,default,allon,default,8,8,priority,oldest,-88,84,70,70,0.25,1,2d,default,nonlooping,volume,1,0,0,0,0,0.25,no,yes,none,0,,no,,,yes,no,no,0,0,yes,no,,0,,no,no,no
wpn_rottweil72_silencer_fire_npc,raw\sound\wpn\shotgun\silenced\silenced_00.LN65.pc.snd.wav,wpn_rottweil72_silencer_fire_sweet_npc,loaded,bus_fx,grp_weapon,snp_wpn_3p,,0,0,82,82,900,900,901,cosdelay,alloff,cosdelay,default,8,2,priority,oldest,-50,50,40,90,0.25,0.8,3d,default,nonlooping,volume,1,0,0,0,0,0.3,no,no,none,0,,no,,,yes,no,no,0,0,yes,no,,0,,no,no,no
wpn_rottweil72_silencer_fire_npc_decay,raw\sound\wpn\assault\decay\int\silenced\wpn_aslt_decay_silenced_int.LN65.pc.snd.wav,,loaded,bus_fx,grp_weapon,snp_wpn_3p,,55,0,67,67,50,900,900,allon,default,rcurve1,default,3,1,priority,oldest,-100,100,20,70,0.15,1,3d,default,nonlooping,volume,1,0,0,0,0,0.25,no,no,none,0,,no,ringoff_plr,indoor,yes,no,no,0,0,yes,no,,0,,no,no,no
wpn_rottweil72_silencer_fire_npc_decay,raw\sound\wpn\pistol\decay\ext\silenced\wpn_pistol_decay_silenced_ext.LN65.pc.snd.wav,,loaded,bus_fx,grp_weapon,snp_wpn_3p,,55,0,77,77,50,900,900,allon,default,rcurve1,default,3,1,priority,oldest,-100,100,20,70,0.15,1,3d,default,nonlooping,volume,1,0,0,0,0,0.25,no,no,none,0,,no,ringoff_plr,outdoor,yes,no,no,0,0,yes,no,,0,,no,no,no
wpn_rottweil72_silencer_fire_plr,raw\sound\wpn\shotgun\silenced\silenced_00.LN65.pc.snd.wav,wpn_rottweil72_silencer_fire_sweet_plr,loaded,bus_fx,grp_weapon,snp_wpn_1p,,0,0,93,93,0,5000,5000,allon,default,allon,default,3,8,oldest,oldest,-50,50,90,90,0.25,1,2d,default,nonlooping,volume,1,0,0,0,0,0.25,no,no,none,0,,no,,,yes,no,no,0,0,yes,no,,0,,no,no,no
wpn_rottweil72_silencer_fire_plr_decay,raw\sound\wpn\assault\decay\int\silenced\wpn_aslt_decay_silenced_int.LN65.pc.snd.wav,,loaded,bus_fx,grp_weapon,snp_wpn_1p,,75,0,83,83,0,5000,5000,allon,default,allon,default,3,8,oldest,oldest,-50,50,90,90,0.25,1,2d,default,nonlooping,volume,1,0,0,0,0,0.25,no,no,none,0,,no,ringoff_plr,indoor,yes,no,no,0,0,yes,no,,0,,no,no,no
wpn_rottweil72_silencer_fire_plr_decay,raw\sound\wpn\pistol\decay\ext\silenced\wpn_pistol_decay_silenced_ext.LN65.pc.snd.wav,,loaded,bus_fx,grp_weapon,snp_wpn_1p,,70,0,83,83,0,5000,5000,allon,default,allon,default,3,8,oldest,oldest,-50,50,90,90,0.25,1,2d,default,nonlooping,volume,1,0,0,0,0,0.25,no,no,none,0,,no,ringoff_plr,outdoor,yes,no,no,0,0,yes,no,,0,,no,no,no
wpn_rottweil72_silencer_fire_sweet_npc,raw\sound\wpn\shotgun\silenced\sweet\sweet_00.LN65.pc.snd.wav,,loaded,bus_fx,grp_weapon,snp_wpn_3p,,76,0,88,88,900,900,900,cosdelay,alloff,cosdelay,default,6,2,priority,oldest,800,900,50,90,0.25,0.8,3d,default,nonlooping,volume,1,100,0,0,0,0.25,no,no,none,0,,no,,,yes,no,no,0,0,yes,no,,0,,no,no,no
wpn_rottweil72_silencer_fire_sweet_plr,raw\sound\wpn\shotgun\silenced\sweet\sweet_00.LN65.pc.snd.wav,wpn_rottweil72_silencer_LFE,loaded,bus_fx,grp_weapon,snp_wpn_1p,,78,0,67,67,0,5000,5000,allon,default,allon,default,8,3,priority,oldest,800,900,90,90,0.25,1,2d,default,nonlooping,volume,1,100,0,0,0,0.25,no,no,none,0,,no,ringoff_plr,outdoor,yes,no,no,0,0,yes,no,,0,,no,no,no
wpn_rottweil72_silencer_lfe,raw\sound\wpn\smg\mp7\plr\lfe\wpn_mp7_fire_lfe.LN65.pc.snd.wav,wpn_rottweil72_silencer_fire_plr_decay,loaded,bus_hdrfx,grp_wpn_lfe,snp_wpn_1p,,0,0,86,86,0,5000,5000,allon,default,allon,default,8,2,priority,oldest,0,0,85,90,0.25,1,2d,default,nonlooping,volume,1,0,0,0,0,0.25,no,no,none,0,,no,,,no,no,no,0,0,yes,no,,0,,no,no,no
wpn_rottweil72_silencer_LFE,raw\sound\wpn\shotgun\srm1216\lfe\wpn_srm1216_lfe.LN65.pc.snd.wav,,loaded,bus_hdrfx,grp_wpn_lfe,snp_wpn_1p,,0,0,86,86,0,5000,5000,allon,default,allon,default,8,2,priority,oldest,0,0,85,90,0.25,1,2d,default,nonlooping,volume,1,0,0,0,0,0.25,no,no,none,0,,no,,,yes,no,no,0,0,yes,no,,0,,no,no,no
wpn_rottweil72_silencer_LFE_npc,raw\sound\wpn\smg\mp7\plr\lfe\wpn_mp7_fire_lfe.LN65.pc.snd.wav,wpn_rottweil72_silencer_fire_npc_decay,loaded,bus_hdrfx,grp_wpn_lfe,snp_wpn_3p,,0,0,81,81,25,225,225,allon,default,allon,default,3,1,priority,oldest,0,0,40,90,0.25,0.75,3d,default,nonlooping,volume,1,0,0,0,0,0.25,no,no,none,0,,no,,,no,no,no,0,0,yes,no,,0,,no,no,no
wpn_rottweil72_switch,raw\sound\wpn\smg\mac11\reload\fly_mac11_stock.LN65.pc.snd.wav,,loaded,bus_fx,grp_foley,snp_foley,,30,0,86,89,0,5000,5000,allon,default,allon,default,8,8,priority,oldest,-88,84,70,70,0.25,1,2d,default,nonlooping,volume,1,0,0,0,0,0.25,no,yes,none,0,,no,,,yes,no,no,0,0,yes,no,,0,,no,no,no
fly_saiga12_futz,raw\sound\wpn\assault\m14\reload\fly_m14_futz.LN65.pc.snd.wav,,loaded,bus_fx,grp_foley,snp_foley,,30,0,86,89,0,5000,5000,allon,default,allon,default,8,8,priority,oldest,-88,84,70,70,0.25,1,2d,default,nonlooping,volume,1,0,0,0,0,0.25,no,yes,none,0,,no,,,yes,no,no,0,0,yes,no,,0,,no,no,no
fly_saiga12_mag_in,raw\sound\wpn\shotgun\srm1216\foley\fly_srm1216_mag_in.LN65.pc.snd.wav,,loaded,bus_fx,grp_foley,snp_foley,,30,0,86,89,0,5000,5000,allon,default,allon,default,8,8,priority,oldest,-88,84,70,70,0.25,1,2d,default,nonlooping,volume,1,0,0,0,0,0.25,no,yes,none,0,,no,,,yes,no,no,0,0,yes,no,,0,,no,no,no
fly_saiga12_mag_out,raw\sound\wpn\shotgun\srm1216\foley\fly_srm1216_mag_out.LN65.pc.snd.wav,,loaded,bus_fx,grp_foley,snp_foley,,30,0,86,89,0,5000,5000,allon,default,allon,default,8,8,priority,oldest,-88,84,70,70,0.25,1,2d,default,nonlooping,volume,1,0,0,0,0,0.25,no,yes,none,0,,no,,,yes,no,no,0,0,yes,no,,0,,no,no,no
fly_saiga12_pull,raw\sound\wpn\shotgun\reload\fly_shotgun_pump_back.LN65.pc.snd.wav,,loaded,bus_fx,grp_foley,snp_foley,,30,0,86,89,0,5000,5000,allon,default,allon,default,8,8,priority,oldest,-88,84,70,70,0.25,1,2d,default,nonlooping,volume,1,0,0,0,0,0.25,no,yes,none,0,,no,,,yes,no,no,0,0,yes,no,,0,,no,no,no
fly_saiga12_release,raw\sound\wpn\shotgun\reload\fly_shotgun_pump_forward.LN65.pc.snd.wav,,loaded,bus_fx,grp_foley,snp_foley,,30,0,86,89,0,5000,5000,allon,default,allon,default,8,8,priority,oldest,-88,84,70,70,0.25,1,2d,default,nonlooping,volume,1,0,0,0,0,0.25,no,yes,none,0,,no,,,yes,no,no,0,0,yes,no,,0,,no,no,no
fly_saiga12_shell_in,raw\sound\wpn\shotgun\foley\load\load_00.LN65.pc.snd.wav,,loaded,bus_fx,grp_foley,snp_foley,,30,0,86,89,0,5000,5000,allon,default,allon,default,8,8,priority,oldest,-88,84,70,70,0.25,1,2d,default,nonlooping,volume,1,0,0,0,0,0.25,no,yes,none,0,,no,,,yes,no,no,0,0,yes,no,,0,,no,no,no
fly_saiga12_shell_in,raw\sound\wpn\shotgun\foley\load\load_01.LN65.pc.snd.wav,,loaded,bus_fx,grp_foley,snp_foley,,30,0,86,89,0,5000,5000,allon,default,allon,default,8,8,priority,oldest,-88,84,70,70,0.25,1,2d,default,nonlooping,volume,1,0,0,0,0,0.25,no,yes,none,0,,no,,,yes,no,no,0,0,yes,no,,0,,no,no,no
fly_saiga12_shell_in,raw\sound\wpn\shotgun\foley\load\load_02.LN65.pc.snd.wav,,loaded,bus_fx,grp_foley,snp_foley,,30,0,86,89,0,5000,5000,allon,default,allon,default,8,8,priority,oldest,-88,84,70,70,0.25,1,2d,default,nonlooping,volume,1,0,0,0,0,0.25,no,yes,none,0,,no,,,yes,no,no,0,0,yes,no,,0,,no,no,no
fly_saiga12_shell_in,raw\sound\wpn\shotgun\foley\load\load_03.LN65.pc.snd.wav,,loaded,bus_fx,grp_foley,snp_foley,,30,0,86,89,0,5000,5000,allon,default,allon,default,8,8,priority,oldest,-88,84,70,70,0.25,1,2d,default,nonlooping,volume,1,0,0,0,0,0.25,no,yes,none,0,,no,,,yes,no,no,0,0,yes,no,,0,,no,no,no
fly_saiga12_shell_in,raw\sound\wpn\shotgun\foley\load\load_04.LN65.pc.snd.wav,,loaded,bus_fx,grp_foley,snp_foley,,30,0,86,89,0,5000,5000,allon,default,allon,default,8,8,priority,oldest,-88,84,70,70,0.25,1,2d,default,nonlooping,volume,1,0,0,0,0,0.25,no,yes,none,0,,no,,,yes,no,no,0,0,yes,no,,0,,no,no,no
fly_saiga12_shell_in,raw\sound\wpn\shotgun\foley\load\load_05.LN65.pc.snd.wav,,loaded,bus_fx,grp_foley,snp_foley,,30,0,86,89,0,5000,5000,allon,default,allon,default,8,8,priority,oldest,-88,84,70,70,0.25,1,2d,default,nonlooping,volume,1,0,0,0,0,0.25,no,yes,none,0,,no,,,yes,no,no,0,0,yes,no,,0,,no,no,no
fly_saiga12_twist,raw\sound\wpn\shotgun\srm1216\foley\fly_srm1216_twist.LN65.pc.snd.wav,,loaded,bus_fx,grp_foley,snp_foley,,30,0,86,89,0,5000,5000,allon,default,allon,default,8,8,priority,oldest,-88,84,70,70,0.25,1,2d,default,nonlooping,volume,1,0,0,0,0,0.25,no,yes,none,0,,no,,,yes,no,no,0,0,yes,no,,0,,no,no,no
wpn_saiga12_dryfire_npc,raw\sound\wpn\shotgun\dry_fire\npc\dry_fire_00.LN65.pc.snd.wav,,loaded,bus_fx,grp_weapon,snp_wpn_3p,,55,0,88,88,900,900,900,cosdelay,alloff,cosdelay,default,6,2,priority,oldest,-88,84,50,90,0.25,0.8,3d,default,nonlooping,volume,1,0,0,0,0,0.25,no,no,none,0,,no,,,yes,no,no,0,0,yes,no,,0,,no,no,no
wpn_saiga12_dryfire_plr,raw\sound\wpn\shotgun\dry_fire\plr\dry_fire_00.LN65.pc.snd.wav,,loaded,bus_fx,grp_weapon,snp_wpn_1p,,65,0,94,94,0,5000,5000,allon,default,allon,default,8,2,priority,oldest,-100,100,90,90,0.25,1,2d,default,nonlooping,volume,1,0,0,0,0,0.25,no,no,none,0,,no,,,yes,no,no,0,0,yes,no,,0,,no,no,no
wpn_saiga12_fire_npc,raw\sound\wpn\shotgun\srm1216\plr\shot\wpn_srm1216_fire.LN65.pc.snd.wav,wpn_saiga12_npc_LFE,loaded,bus_fx,grp_weapon,snp_wpn_3p,,55,0,88,88,900,900,900,cosdelay,alloff,cosdelay,default,6,2,priority,oldest,-88,84,50,90,0.25,0.8,3d,default,nonlooping,volume,1,0,0,0,0,0.25,no,no,none,0,,no,,,yes,no,no,0,0,yes,no,,0,,no,no,no
wpn_saiga12_fire_npc_decay,raw\sound\wpn\assault\decay\ext\wpn_assault_decay_ext.LN65.pc.snd.wav,,loaded,bus_fx,grp_weapon,snp_wpn_3p,,55,0,77,77,50,900,900,allon,default,rcurve1,default,3,1,priority,oldest,-100,100,20,70,0.15,1,3d,default,nonlooping,volume,1,0,0,0,0,0.25,no,no,none,0,,no,ringoff_plr,outdoor,yes,no,no,0,0,yes,no,,0,,no,no,no
wpn_saiga12_fire_npc_decay,raw\sound\wpn\shotgun\decay\int\wpn_shotgun_decay_int.LN65.pc.snd.wav,,loaded,bus_fx,grp_weapon,snp_wpn_3p,,55,0,67,67,50,900,900,allon,default,rcurve1,default,3,1,priority,oldest,-100,100,20,70,0.15,1,3d,default,nonlooping,volume,1,0,0,0,0,0.25,no,no,none,0,,no,ringoff_plr,indoor,yes,no,no,0,0,yes,no,,0,,no,no,no
wpn_saiga12_fire_npc_pap,raw\sound\wpn\pap\pap_shot_st.LN65.pc.snd.wav,wpn_saiga12_flux_l_npc_pap,loaded,bus_fx,grp_weapon,snp_wpn_3p,,80,0,82,82,75,1250,1250,allon,default,allon,default,10,3,priority,oldest,-100,100,50,90,0.35,1,3d,default,nonlooping,volume pitch,1,0,0,0,0,0.25,no,no,none,0,,no,,,yes,no,no,0,0,yes,no,,0,,no,no,no
wpn_saiga12_fire_plr,raw\sound\wpn\shotgun\srm1216\plr\shot\wpn_srm1216_fire.LN65.pc.snd.wav,wpn_saiga12_LFE,loaded,bus_fx,grp_weapon,snp_wpn_1p,,65,0,94,94,0,5000,5000,allon,default,allon,default,8,2,priority,oldest,-100,100,90,90,0.25,1,2d,default,nonlooping,volume,1,0,0,0,0,0.25,no,no,none,0,,no,,,yes,no,no,0,0,yes,no,,0,,no,no,no
wpn_saiga12_fire_plr_decay,raw\sound\wpn\assault\decay\ext\wpn_assault_decay_ext.LN65.pc.snd.wav,,loaded,bus_fx,grp_weapon,snp_wpn_1p,,60,0,83,83,0,5000,5000,allon,default,allon,default,3,8,oldest,oldest,-50,50,90,90,0.25,1,2d,default,nonlooping,volume,1,0,0,0,0,0.25,no,no,none,0,,no,ringoff_plr,outdoor,yes,no,no,0,0,yes,no,,0,,no,no,no
wpn_saiga12_fire_plr_decay,raw\sound\wpn\shotgun\decay\int\wpn_shotgun_decay_int.LN65.pc.snd.wav,,loaded,bus_fx,grp_weapon,snp_wpn_1p,,60,0,83,83,0,5000,5000,allon,default,allon,default,3,8,oldest,oldest,-50,50,90,90,0.25,1,2d,default,nonlooping,volume,1,0,0,0,0,0.25,no,no,none,0,,no,ringoff_plr,indoor,yes,no,no,0,0,yes,no,,0,,no,no,no
wpn_saiga12_fire_plr_pap,raw\sound\wpn\pap\pap_shot_st.LN65.pc.snd.wav,wpn_saiga12_flux_l_plr_pap,loaded,bus_hdrfx,grp_weapon,snp_wpn_1p,,70,0,87,87,0,5000,5000,allon,default,allon,default,1,8,oldest,oldest,0,0,90,90,0.25,1,2d,default,nonlooping,volume,1,0,0,0,0,0.25,no,no,none,0,,no,,,yes,no,no,0,0,yes,no,,0,,no,no,no
wpn_saiga12_flux_l_npc_pap,raw\sound\wpn\pap\pap_flux_left.LN65.pc.snd.wav,wpn_saiga12_flux_r_npc_pap,loaded,bus_fx,grp_weapon,snp_wpn_3p,,84,0,75,75,25,900,900,allon,default,allon,default,8,4,priority,priority,-34,34,85,90,0.25,1,3d,default,nonlooping,volume pitch,1,0,0,0,0,0.25,no,no,left_shot,4000,,no,,,yes,no,no,0,0,yes,no,,0,,no,no,no
wpn_saiga12_flux_l_plr_pap,raw\sound\wpn\pap\pap_flux_left.LN65.pc.snd.wav,wpn_saiga12_flux_r_plr_pap,loaded,bus_fx,grp_weapon,snp_wpn_3p,,84,0,75,75,25,900,900,allon,default,allon,default,8,4,priority,priority,-34,34,85,90,0.25,1,3d,default,nonlooping,volume pitch,1,0,0,0,0,0.25,no,no,left_shot,4000,,no,,,yes,no,no,0,0,yes,no,,0,,no,no,no
wpn_saiga12_flux_r_npc_pap,raw\sound\wpn\pap\pap_flux_right.LN65.pc.snd.wav,wpn_saiga12_fire_npc,loaded,bus_fx,grp_weapon,snp_wpn_3p,,84,0,75,75,25,900,900,allon,default,allon,default,8,4,priority,priority,-34,34,85,90,0.25,1,3d,default,nonlooping,volume pitch,1,0,0,0,0,0.25,no,no,right_shot,4000,,no,,,yes,no,no,0,0,yes,no,,0,,no,no,no
wpn_saiga12_flux_r_plr_pap,raw\sound\wpn\pap\pap_flux_right.LN65.pc.snd.wav,wpn_saiga12_fire_plr,loaded,bus_fx,grp_weapon,snp_wpn_3p,,84,0,75,75,25,900,900,allon,default,allon,default,8,4,priority,priority,-34,34,85,90,0.25,1,3d,default,nonlooping,volume pitch,1,0,0,0,0,0.25,no,no,right_shot,4000,,no,,,yes,no,no,0,0,yes,no,,0,,no,no,no
wpn_saiga12_LFE,raw\sound\wpn\shotgun\srm1216\lfe\wpn_srm1216_lfe.LN65.pc.snd.wav,wpn_saiga12_fire_plr_decay,loaded,bus_hdrfx,grp_wpn_lfe,snp_wpn_1p,,0,0,86,86,0,5000,5000,allon,default,allon,default,8,2,priority,oldest,0,0,85,90,0.25,1,2d,default,nonlooping,volume,1,0,0,0,0,0.25,no,no,none,0,,no,,,no,no,no,0,0,yes,no,,0,,no,no,no
wpn_saiga12_npc_dist,raw\sound\wpn\dist_guns\sht\wpn_shotgun_dist_00.LN65.pc.snd.wav,wpn_saiga12_fire_npc_decay,loaded,bus_fx,grp_weapon,snp_wpn_3p,,80,0,88,88,900,6000,12500,sindelay,default,sindelay,allon,6,3,priority,oldest,-300,300,90,40,0.25,1,3d,default,nonlooping,volume pitch,1,0,0,0,0,0.25,no,no,none,0,,no,,,yes,no,no,0,0,yes,no,,0,,no,no,no
wpn_saiga12_npc_dist,raw\sound\wpn\dist_guns\sht\wpn_shotgun_dist_01.LN65.pc.snd.wav,wpn_saiga12_fire_npc_decay,loaded,bus_fx,grp_weapon,snp_wpn_3p,,80,0,88,88,900,6000,12500,sindelay,default,sindelay,allon,6,3,priority,oldest,-300,300,90,40,0.25,1,3d,default,nonlooping,volume pitch,1,0,0,0,0,0.25,no,no,none,0,,no,,,yes,no,no,0,0,yes,no,,0,,no,no,no
wpn_saiga12_npc_LFE,raw\sound\wpn\shotgun\srm1216\lfe\wpn_srm1216_lfe.LN65.pc.snd.wav,wpn_saiga12_npc_dist,loaded,bus_hdrfx,grp_wpn_lfe,snp_wpn_3p,,0,0,81,81,25,225,225,allon,default,allon,default,3,1,priority,oldest,0,0,40,90,0.25,0.75,3d,default,nonlooping,volume,1,0,0,0,0,0.25,no,no,none,0,,no,,,no,no,no,0,0,yes,no,,0,,no,no,no
wpn_saiga12_silencer_fire_npc,raw\sound\wpn\shotgun\saiga12\plr\shot\silenced\wpn_saiga12_sil_shot_plr.LN65.pc.snd.wav,wpn_saiga12_silencer_LFE_npc,loaded,bus_fx,grp_weapon,snp_wpn_3p,,0,0,82,82,900,900,901,cosdelay,alloff,cosdelay,default,8,2,priority,oldest,-50,50,40,90,0.25,0.8,3d,default,nonlooping,volume,1,0,0,0,0,0.25,no,no,none,0,,no,,,yes,no,no,0,0,yes,no,,0,,no,no,no
wpn_saiga12_silencer_fire_npc_decay,raw\sound\wpn\assault\decay\int\silenced\wpn_aslt_decay_silenced_int.LN65.pc.snd.wav,,loaded,bus_fx,grp_weapon,snp_wpn_3p,,55,0,67,67,50,900,900,allon,default,rcurve1,default,3,1,priority,oldest,-100,100,20,70,0.15,1,3d,default,nonlooping,volume,1,0,0,0,0,0.25,no,no,none,0,,no,ringoff_plr,indoor,yes,no,no,0,0,yes,no,,0,,no,no,no
wpn_saiga12_silencer_fire_npc_decay,raw\sound\wpn\pistol\decay\ext\silenced\wpn_pistol_decay_silenced_ext.LN65.pc.snd.wav,,loaded,bus_fx,grp_weapon,snp_wpn_3p,,55,0,77,77,50,900,900,allon,default,rcurve1,default,3,1,priority,oldest,-100,100,20,70,0.15,1,3d,default,nonlooping,volume,1,0,0,0,0,0.25,no,no,none,0,,no,ringoff_plr,outdoor,yes,no,no,0,0,yes,no,,0,,no,no,no
wpn_saiga12_silencer_fire_plr,raw\sound\wpn\shotgun\saiga12\plr\shot\silenced\wpn_saiga12_sil_shot_plr.LN65.pc.snd.wav,wpn_saiga12_silencer_LFE,loaded,bus_fx,grp_weapon,snp_wpn_1p,,0,0,93,93,0,5000,5000,allon,default,allon,default,3,8,oldest,oldest,-50,50,90,90,0.25,1,2d,default,nonlooping,volume,1,0,0,0,0,0.25,no,no,none,0,,no,,,yes,no,no,0,0,yes,no,,0,,no,no,no
wpn_saiga12_silencer_fire_plr_decay,raw\sound\wpn\assault\decay\int\silenced\wpn_aslt_decay_silenced_int.LN65.pc.snd.wav,,loaded,bus_fx,grp_weapon,snp_wpn_1p,,75,0,83,83,0,5000,5000,allon,default,allon,default,3,8,oldest,oldest,-50,50,90,90,0.25,1,2d,default,nonlooping,volume,1,0,0,0,0,0.25,no,no,none,0,,no,ringoff_plr,indoor,yes,no,no,0,0,yes,no,,0,,no,no,no
wpn_saiga12_silencer_fire_plr_decay,raw\sound\wpn\pistol\decay\ext\silenced\wpn_pistol_decay_silenced_ext.LN65.pc.snd.wav,,loaded,bus_fx,grp_weapon,snp_wpn_1p,,70,0,83,83,0,5000,5000,allon,default,allon,default,3,8,oldest,oldest,-50,50,90,90,0.25,1,2d,default,nonlooping,volume,1,0,0,0,0,0.25,no,no,none,0,,no,ringoff_plr,outdoor,yes,no,no,0,0,yes,no,,0,,no,no,no
wpn_saiga12_silencer_lfe,raw\sound\wpn\smg\mp7\plr\lfe\wpn_mp7_fire_lfe.LN65.pc.snd.wav,wpn_saiga12_silencer_fire_plr_decay,loaded,bus_hdrfx,grp_wpn_lfe,snp_wpn_1p,,0,0,86,86,0,5000,5000,allon,default,allon,default,8,2,priority,oldest,0,0,85,90,0.25,1,2d,default,nonlooping,volume,1,0,0,0,0,0.25,no,no,none,0,,no,,,no,no,no,0,0,yes,no,,0,,no,no,no
wpn_saiga12_silencer_LFE_npc,raw\sound\wpn\smg\mp7\plr\lfe\wpn_mp7_fire_lfe.LN65.pc.snd.wav,wpn_saiga12_silencer_fire_npc_decay,loaded,bus_hdrfx,grp_wpn_lfe,snp_wpn_3p,,0,0,81,81,25,225,225,allon,default,allon,default,3,1,priority,oldest,0,0,40,90,0.25,0.75,3d,default,nonlooping,volume,1,0,0,0,0,0.25,no,no,none,0,,no,,,no,no,no,0,0,yes,no,,0,,no,no,no
fly_m1911_futz,,,loaded,bus_hdrfx,grp_hdrfx,snp_hdrfx,,60,0,79,79,450,1775,1775,allon,default,allon,default,8,8,priority,oldest,0,0,95,100,0.25,1,3d,default,nonlooping,volume,1,0,0,0,0,0,no,no,none,0,,no,,,no,no,no,0,0,yes,no,,0,,no,no,no
fly_m1911_hammer,raw\sound\wpn\pistol\reloads\fly_pistol_hammer.LN65.pc.snd.wav,,loaded,bus_fx,grp_foley,snp_foley,,30,0,86,89,0,5000,5000,allon,default,allon,default,8,8,priority,oldest,-88,84,70,70,0.25,1,2d,default,nonlooping,volume,1,0,0,0,0,0.25,no,yes,none,0,,no,,,yes,no,no,0,0,yes,no,,0,,no,no,no
fly_m1911_mag_in,raw\sound\wpn\pistol\reloads\fly_pistol_mag_in.LN65.pc.snd.wav,,loaded,bus_fx,grp_foley,snp_foley,,30,0,86,89,0,5000,5000,allon,default,allon,default,8,8,priority,oldest,-88,84,70,70,0.25,1,2d,default,nonlooping,volume,1,0,0,0,0,0.25,no,yes,none,0,,no,,,yes,no,no,0,0,yes,no,,0,,no,no,no
fly_m1911_mag_out,raw\sound\wpn\pistol\reloads\fly_pistol_mag_out.LN65.pc.snd.wav,,loaded,bus_fx,grp_foley,snp_foley,,30,0,86,89,0,5000,5000,allon,default,allon,default,8,8,priority,oldest,-88,84,70,70,0.25,1,2d,default,nonlooping,volume,1,0,0,0,0,0.25,no,yes,none,0,,no,,,yes,no,no,0,0,yes,no,,0,,no,no,no
fly_m1911_slide_back,raw\sound\wpn\pistol\reloads\fly_pistol_sb.LN65.pc.snd.wav,,loaded,bus_fx,grp_foley,snp_foley,,30,0,86,89,0,5000,5000,allon,default,allon,default,8,8,priority,oldest,-88,84,70,70,0.25,1,2d,default,nonlooping,volume,1,0,0,0,0,0.25,no,yes,none,0,,no,,,yes,no,no,0,0,yes,no,,0,,no,no,no
fly_m1911_slide_forward,raw\sound\wpn\pistol\reloads\fly_pistol_sf.LN65.pc.snd.wav,,loaded,bus_fx,grp_foley,snp_foley,,30,0,86,89,0,5000,5000,allon,default,allon,default,8,8,priority,oldest,-88,84,70,70,0.25,1,2d,default,nonlooping,volume,1,0,0,0,0,0.25,no,yes,none,0,,no,,,yes,no,no,0,0,yes,no,,0,,no,no,no
wpn_m1911_1straise_npc,raw\sound\fly\gear\rattle\fly_cloth_00.LN65.pc.snd.wav,,loaded,bus_fx,grp_foley,snp_foley,,30,0,75,75,75,500,500,allon,default,allon,default,4,8,priority,oldest,-90,90,15,30,0.25,1,3d,default,nonlooping,volume,1,0,25,250,75,0.25,no,yes,none,0,,no,,,yes,no,no,0,0,yes,no,,0,,no,no,no
wpn_m1911_1straise_npc,raw\sound\fly\gear\rattle\fly_cloth_01.LN65.pc.snd.wav,,loaded,bus_fx,grp_foley,snp_foley,,30,0,75,75,75,500,500,allon,default,allon,default,4,8,priority,oldest,-90,90,15,30,0.25,1,3d,default,nonlooping,volume,1,0,25,250,75,0.25,no,yes,none,0,,no,,,yes,no,no,0,0,yes,no,,0,,no,no,no
wpn_m1911_1straise_npc,raw\sound\fly\gear\rattle\fly_cloth_02.LN65.pc.snd.wav,,loaded,bus_fx,grp_foley,snp_foley,,30,0,75,75,75,500,500,allon,default,allon,default,4,8,priority,oldest,-90,90,15,30,0.25,1,3d,default,nonlooping,volume,1,0,25,250,75,0.25,no,yes,none,0,,no,,,yes,no,no,0,0,yes,no,,0,,no,no,no
wpn_m1911_1straise_npc,raw\sound\fly\gear\rattle\fly_cloth_03.LN65.pc.snd.wav,,loaded,bus_fx,grp_foley,snp_foley,,30,0,75,75,75,500,500,allon,default,allon,default,4,8,priority,oldest,-90,90,15,30,0.25,1,3d,default,nonlooping,volume,1,0,25,250,75,0.25,no,yes,none,0,,no,,,yes,no,no,0,0,yes,no,,0,,no,no,no
wpn_m1911_1straise_plr,raw\sound\fly\gear\rattle\fly_cloth_00.LN65.pc.snd.wav,,loaded,bus_fx,grp_foley,snp_foley,,30,0,86,89,0,5000,5000,allon,default,allon,default,8,8,priority,oldest,-88,84,70,70,0.25,1,2d,default,nonlooping,volume,1,0,0,0,0,0.25,no,yes,none,0,,no,,,yes,no,no,0,0,yes,no,,0,,no,no,no
wpn_m1911_1straise_plr,raw\sound\fly\gear\rattle\fly_cloth_01.LN65.pc.snd.wav,,loaded,bus_fx,grp_foley,snp_foley,,30,0,86,89,0,5000,5000,allon,default,allon,default,8,8,priority,oldest,-88,84,70,70,0.25,1,2d,default,nonlooping,volume,1,0,0,0,0,0.25,no,yes,none,0,,no,,,yes,no,no,0,0,yes,no,,0,,no,no,no
wpn_m1911_1straise_plr,raw\sound\fly\gear\rattle\fly_cloth_02.LN65.pc.snd.wav,,loaded,bus_fx,grp_foley,snp_foley,,30,0,86,89,0,5000,5000,allon,default,allon,default,8,8,priority,oldest,-88,84,70,70,0.25,1,2d,default,nonlooping,volume,1,0,0,0,0,0.25,no,yes,none,0,,no,,,yes,no,no,0,0,yes,no,,0,,no,no,no
wpn_m1911_1straise_plr,raw\sound\fly\gear\rattle\fly_cloth_03.LN65.pc.snd.wav,,loaded,bus_fx,grp_foley,snp_foley,,30,0,86,89,0,5000,5000,allon,default,allon,default,8,8,priority,oldest,-88,84,70,70,0.25,1,2d,default,nonlooping,volume,1,0,0,0,0,0.25,no,yes,none,0,,no,,,yes,no,no,0,0,yes,no,,0,,no,no,no
wpn_m1911_dryfire_npc,raw\sound\wpn\smg\dry_fire\plr\dry_fire_plr.LN65.pc.snd.wav,,loaded,bus_fx,grp_weapon,snp_wpn_3p,,55,0,85,85,900,900,900,cosdelay,alloff,cosdelay,default,6,2,priority,oldest,-281,281,20,90,0.25,0.8,3d,default,nonlooping,volume,1,0,0,0,0,0.25,no,no,none,0,,no,,,yes,no,no,0,0,yes,no,,0,,no,no,no
wpn_m1911_dryfire_plr,raw\sound\wpn\smg\dry_fire\plr\dry_fire_plr.LN65.pc.snd.wav,,loaded,bus_fx,grp_weapon,snp_wpn_1p,,65,0,90,90,0,5000,5000,allon,default,allon,default,2,8,oldest,oldest,0,0,90,90,0.25,1,2d,default,nonlooping,volume,1,0,0,0,0,0.25,no,no,none,0,,no,,,yes,no,no,0,0,yes,no,,0,,no,no,no
wpn_m1911_fire_npc,raw\sound\wpn\pistol\fiveseven\plr\shot\wpn_fiveseven_shot_plr.LN65.pc.snd.wav,wpn_m1911_fire_npc_dist,loaded,bus_fx,grp_weapon,snp_wpn_3p,,55,0,85,85,900,900,900,cosdelay,alloff,cosdelay,default,6,2,priority,oldest,-25,25,20,90,0.25,0.8,3d,default,nonlooping,,1,0,0,0,0,0.3,no,no,none,0,,no,,,yes,no,no,0,0,yes,no,,0,,no,no,no
wpn_m1911_fire_npc_decay,raw\sound\wpn\pistol\decay\ext\wpn_pistol_decay_ext.LN65.pc.snd.wav,,loaded,bus_fx,grp_weapon,snp_wpn_3p,,55,0,75,75,50,900,900,allon,default,rcurve1,default,10,1,reject,oldest,-100,100,20,70,0.15,1,3d,default,nonlooping,volume,1,0,0,0,0,0.25,no,no,none,0,,no,ringoff_plr,outdoor,yes,no,no,0,0,yes,no,,0,,no,no,no
wpn_m1911_fire_npc_decay,raw\sound\wpn\pistol\decay\int\wpn_pistol_decay_int.LN65.pc.snd.wav,,loaded,bus_fx,grp_weapon,snp_wpn_3p,,55,0,75,75,50,900,900,allon,default,rcurve1,default,10,1,reject,oldest,-100,100,20,70,0.15,1,3d,default,nonlooping,volume,1,0,0,0,0,0.25,no,no,none,0,,no,ringoff_plr,indoor,yes,no,no,0,0,yes,no,,0,,no,no,no
wpn_m1911_fire_npc_dist,raw\sound\wpn\dist_guns\pis\wpn_pistol_dist_00.LN65.pc.snd.wav,wpn_m1911_LFE_npc,loaded,bus_fx,grp_weapon,snp_wpn_3p,,80,0,81,81,900,6000,12500,sindelay,default,sindelay,allon,6,2,priority,oldest,-300,300,90,40,0.25,1,3d,default,nonlooping,,1,0,0,0,0,0.25,no,no,none,0,,no,,,yes,no,no,0,0,yes,no,,0,,no,no,no
wpn_m1911_fire_npc_dist,raw\sound\wpn\dist_guns\pis\wpn_pistol_dist_01.LN65.pc.snd.wav,wpn_m1911_LFE_npc,loaded,bus_fx,grp_weapon,snp_wpn_3p,,80,0,81,81,900,6000,12500,sindelay,default,sindelay,allon,6,2,priority,oldest,-300,300,90,40,0.25,1,3d,default,nonlooping,,1,0,0,0,0,0.25,no,no,none,0,,no,,,yes,no,no,0,0,yes,no,,0,,no,no,no
wpn_m1911_fire_npc_dist,raw\sound\wpn\dist_guns\pis\wpn_pistol_dist_02.LN65.pc.snd.wav,wpn_m1911_LFE_npc,loaded,bus_fx,grp_weapon,snp_wpn_3p,,80,0,81,81,900,6000,12500,sindelay,default,sindelay,allon,6,2,priority,oldest,-300,300,90,40,0.25,1,3d,default,nonlooping,,1,0,0,0,0,0.25,no,no,none,0,,no,,,yes,no,no,0,0,yes,no,,0,,no,no,no
wpn_m1911_fire_npc_pap,raw\sound\wpn\pap\pap_shot_st.LN65.pc.snd.wav,wpn_m1911_flux_l_npc_pap,loaded,bus_fx,grp_weapon,snp_wpn_3p,,80,0,82,82,75,1250,1250,allon,default,allon,default,10,3,priority,oldest,-100,100,50,90,0.35,1,3d,default,nonlooping,volume pitch,1,0,0,0,0,0.25,no,no,none,0,,no,,,yes,no,no,0,0,yes,no,,0,,no,no,no
wpn_m1911_fire_plr,raw\sound\wpn\pistol\fnp45\plr\shot\wpn_fnp45_fire_plr.LN65.pc.snd.wav,wpn_m1911_LFE,loaded,bus_fx,grp_weapon,snp_wpn_1p,,65,0,90,90,0,5000,5000,allon,default,allon,default,2,8,oldest,oldest,-25,25,90,90,0.25,1,2d,default,nonlooping,volume,1,0,0,0,0,0.25,no,no,none,0,,no,,,yes,no,no,0,0,yes,no,,0,,no,no,no
wpn_m1911_fire_plr_decay,raw\sound\wpn\pistol\decay\ext\wpn_pistol_decay_ext.LN65.pc.snd.wav,,loaded,bus_fx,grp_weapon,snp_wpn_1p,,65,0,80,80,0,5000,5000,allon,default,allon,default,3,8,oldest,oldest,-50,50,90,90,0.25,1,2d,default,nonlooping,volume,1,0,0,0,0,0.25,no,no,none,0,,no,ringoff_plr,outdoor,yes,no,no,0,0,yes,no,,0,,no,no,no
wpn_m1911_fire_plr_decay,raw\sound\wpn\pistol\decay\int\wpn_pistol_decay_int.LN65.pc.snd.wav,,loaded,bus_fx,grp_weapon,snp_wpn_1p,,65,0,80,80,0,5000,5000,allon,default,allon,default,3,8,oldest,oldest,-50,50,90,90,0.25,1,2d,default,nonlooping,volume,1,0,0,0,0,0.25,no,no,none,0,,no,ringoff_plr,indoor,yes,no,no,0,0,yes,no,,0,,no,no,no
wpn_m1911_fire_plr_lh,raw\sound\wpn\pistol\fnp45\plr\shot\wpn_fnp45_fire_plr.LN65.pc.snd.wav,wpn_m1911_LFE,loaded,bus_fx,grp_weapon,snp_wpn_1p,,65,0,90,90,0,5000,5000,allon,default,allon,default,2,8,oldest,oldest,0,0,90,90,0.25,1,2d,default,nonlooping,volume,1,0,0,0,0,0.25,no,no,none,0,,no,,,yes,no,no,0,0,yes,no,,0,,no,no,no
wpn_m1911_fire_plr_pap,raw\sound\wpn\pap\pap_shot_st.LN65.pc.snd.wav,wpn_m1911_flux_l_plr_pap,loaded,bus_hdrfx,grp_weapon,snp_wpn_1p,,70,0,87,87,0,5000,5000,allon,default,allon,default,1,8,oldest,oldest,0,0,90,90,0.25,1,2d,default,nonlooping,volume,1,0,0,0,0,0.25,no,no,none,0,,no,,,yes,no,no,0,0,yes,no,,0,,no,no,no
wpn_m1911_fire_plr_rh,raw\sound\wpn\pistol\fnp45\plr\shot\wpn_fnp45_fire_plr.LN65.pc.snd.wav,wpn_m1911_LFE,loaded,bus_fx,grp_weapon,snp_wpn_1p,,65,0,90,90,0,5000,5000,allon,default,allon,default,2,8,oldest,oldest,0,0,90,90,0.25,1,2d,default,nonlooping,volume,1,0,0,0,0,0.25,no,no,none,0,,no,,,yes,no,no,0,0,yes,no,,0,,no,no,no
wpn_m1911_flux_l_npc_pap,raw\sound\wpn\pap\pap_flux_left.LN65.pc.snd.wav,wpn_m1911_flux_r_npc_pap,loaded,bus_fx,grp_weapon,snp_wpn_3p,,84,0,75,75,25,900,900,allon,default,allon,default,8,4,priority,priority,-34,34,85,90,0.25,1,3d,default,nonlooping,volume pitch,1,0,0,0,0,0.25,no,no,left_shot,4000,,no,,,yes,no,no,0,0,yes,no,,0,,no,no,no
wpn_m1911_flux_l_plr_pap,raw\sound\wpn\pap\pap_flux_left.LN65.pc.snd.wav,wpn_m1911_flux_r_plr_pap,loaded,bus_fx,grp_weapon,snp_wpn_3p,,84,0,75,75,25,900,900,allon,default,allon,default,8,4,priority,priority,-34,34,85,90,0.25,1,3d,default,nonlooping,volume pitch,1,0,0,0,0,0.25,no,no,left_shot,4000,,no,,,yes,no,no,0,0,yes,no,,0,,no,no,no
wpn_m1911_flux_r_npc_pap,raw\sound\wpn\pap\pap_flux_right.LN65.pc.snd.wav,wpn_m1911_fire_npc,loaded,bus_fx,grp_weapon,snp_wpn_3p,,84,0,75,75,25,900,900,allon,default,allon,default,8,4,priority,priority,-34,34,85,90,0.25,1,3d,default,nonlooping,volume pitch,1,0,0,0,0,0.25,no,no,right_shot,4000,,no,,,yes,no,no,0,0,yes,no,,0,,no,no,no
wpn_m1911_flux_r_plr_pap,raw\sound\wpn\pap\pap_flux_right.LN65.pc.snd.wav,wpn_m1911_fire_plr,loaded,bus_fx,grp_weapon,snp_wpn_3p,,84,0,75,75,25,900,900,allon,default,allon,default,8,4,priority,priority,-34,34,85,90,0.25,1,3d,default,nonlooping,volume pitch,1,0,0,0,0,0.25,no,no,right_shot,4000,,no,,,yes,no,no,0,0,yes,no,,0,,no,no,no
wpn_m1911_LFE,raw\sound\wpn\smg\mp7\plr\lfe\wpn_mp7_fire_lfe.LN65.pc.snd.wav,wpn_m1911_fire_plr_decay,loaded,bus_hdrfx,grp_wpn_lfe,snp_wpn_1p,,0,0,86,86,0,5000,5000,allon,default,allon,default,2,2,priority,oldest,0,0,85,90,0.25,1,2d,default,nonlooping,volume,1,0,0,0,0,0.25,no,no,none,0,,no,,,no,no,no,0,0,yes,no,,0,,no,no,no
wpn_m1911_LFE_npc,raw\sound\wpn\smg\mp7\plr\lfe\wpn_mp7_fire_lfe.LN65.pc.snd.wav,wpn_m1911_decay_npc,loaded,bus_hdrfx,grp_wpn_lfe,snp_wpn_3p,,0,0,81,81,25,225,225,allon,default,allon,default,3,2,priority,oldest,0,0,40,90,0.25,0.75,3d,default,nonlooping,volume,1,0,0,0,0,0.25,no,no,none,0,,no,,,no,no,no,0,0,yes,no,,0,,no,no,no
wpn_m1911_pickup_npc,raw\sound\fly\pickups\weapon\fly_weapon_pickup_00.LN65.pc.snd.wav,,loaded,bus_fx,grp_foley,snp_foley,,30,0,75,75,75,500,500,allon,default,allon,default,2,1,priority,reject,-50,50,15,30,0.25,1,3d,default,nonlooping,volume,1,0,25,250,75,0.25,no,yes,none,0,,no,,,yes,no,no,0,0,yes,no,,0,,no,no,no
wpn_m1911_pickup_npc,raw\sound\fly\pickups\weapon\fly_weapon_pickup_01.LN65.pc.snd.wav,,loaded,bus_fx,grp_foley,snp_foley,,30,0,75,75,75,500,500,allon,default,allon,default,2,1,priority,reject,-50,50,15,30,0.25,1,3d,default,nonlooping,volume,1,0,25,250,75,0.25,no,yes,none,0,,no,,,yes,no,no,0,0,yes,no,,0,,no,no,no
wpn_m1911_pickup_plr,raw\sound\fly\pickups\weapon\fly_weapon_pickup_00.LN65.pc.snd.wav,,loaded,bus_fx,grp_foley,snp_foley,,30,0,75,75,0,5000,5000,allon,default,allon,default,1,8,reject,oldest,-88,84,70,70,0.25,1,2d,default,nonlooping,volume,1,0,0,0,0,0.25,no,yes,none,0,,no,,,yes,no,no,0,0,yes,no,,0,,no,no,no
wpn_m1911_pickup_plr,raw\sound\fly\pickups\weapon\fly_weapon_pickup_01.LN65.pc.snd.wav,,loaded,bus_fx,grp_foley,snp_foley,,30,0,75,75,0,5000,5000,allon,default,allon,default,1,8,reject,oldest,-88,84,70,70,0.25,1,2d,default,nonlooping,volume,1,0,0,0,0,0.25,no,yes,none,0,,no,,,yes,no,no,0,0,yes,no,,0,,no,no,no
wpn_m1911_raise_npc,raw\sound\fly\gear\rattle\fly_cloth_00.LN65.pc.snd.wav,,loaded,bus_fx,grp_foley,snp_foley,,30,0,75,75,75,500,500,allon,default,allon,default,4,8,priority,oldest,-90,90,15,30,0.25,1,3d,default,nonlooping,volume,1,0,25,250,75,0.25,no,yes,none,0,,no,,,yes,no,no,0,0,yes,no,,0,,no,no,no
wpn_m1911_raise_npc,raw\sound\fly\gear\rattle\fly_cloth_01.LN65.pc.snd.wav,,loaded,bus_fx,grp_foley,snp_foley,,30,0,75,75,75,500,500,allon,default,allon,default,4,8,priority,oldest,-90,90,15,30,0.25,1,3d,default,nonlooping,volume,1,0,25,250,75,0.25,no,yes,none,0,,no,,,yes,no,no,0,0,yes,no,,0,,no,no,no
wpn_m1911_raise_npc,raw\sound\fly\gear\rattle\fly_cloth_02.LN65.pc.snd.wav,,loaded,bus_fx,grp_foley,snp_foley,,30,0,75,75,75,500,500,allon,default,allon,default,4,8,priority,oldest,-90,90,15,30,0.25,1,3d,default,nonlooping,volume,1,0,25,250,75,0.25,no,yes,none,0,,no,,,yes,no,no,0,0,yes,no,,0,,no,no,no
wpn_m1911_raise_npc,raw\sound\fly\gear\rattle\fly_cloth_03.LN65.pc.snd.wav,,loaded,bus_fx,grp_foley,snp_foley,,30,0,75,75,75,500,500,allon,default,allon,default,4,8,priority,oldest,-90,90,15,30,0.25,1,3d,default,nonlooping,volume,1,0,25,250,75,0.25,no,yes,none,0,,no,,,yes,no,no,0,0,yes,no,,0,,no,no,no
wpn_m1911_raise_plr,raw\sound\fly\gear\rattle\fly_cloth_00.LN65.pc.snd.wav,,loaded,bus_fx,grp_foley,snp_foley,,30,0,86,89,0,5000,5000,allon,default,allon,default,8,8,priority,oldest,-88,84,70,70,0.25,1,2d,default,nonlooping,volume,1,0,0,0,0,0.25,no,yes,none,0,,no,,,yes,no,no,0,0,yes,no,,0,,no,no,no
wpn_m1911_raise_plr,raw\sound\fly\gear\rattle\fly_cloth_01.LN65.pc.snd.wav,,loaded,bus_fx,grp_foley,snp_foley,,30,0,86,89,0,5000,5000,allon,default,allon,default,8,8,priority,oldest,-88,84,70,70,0.25,1,2d,default,nonlooping,volume,1,0,0,0,0,0.25,no,yes,none,0,,no,,,yes,no,no,0,0,yes,no,,0,,no,no,no
wpn_m1911_raise_plr,raw\sound\fly\gear\rattle\fly_cloth_02.LN65.pc.snd.wav,,loaded,bus_fx,grp_foley,snp_foley,,30,0,86,89,0,5000,5000,allon,default,allon,default,8,8,priority,oldest,-88,84,70,70,0.25,1,2d,default,nonlooping,volume,1,0,0,0,0,0.25,no,yes,none,0,,no,,,yes,no,no,0,0,yes,no,,0,,no,no,no
wpn_m1911_raise_plr,raw\sound\fly\gear\rattle\fly_cloth_03.LN65.pc.snd.wav,,loaded,bus_fx,grp_foley,snp_foley,,30,0,86,89,0,5000,5000,allon,default,allon,default,8,8,priority,oldest,-88,84,70,70,0.25,1,2d,default,nonlooping,volume,1,0,0,0,0,0.25,no,yes,none,0,,no,,,yes,no,no,0,0,yes,no,,0,,no,no,no
wpn_m1911_silencer_fire_npc,raw\sound\wpn\pistol\fiveseven\plr\shot\silenced\wpn_fiveseven_sil_shot_plr.LN65.pc.snd.wav,wpn_m1911_silencer_LFE_npc,loaded,bus_fx,grp_weapon,snp_wpn_3p,,0,0,85,85,900,900,900,cosdelay,alloff,cosdelay,default,6,2,priority,oldest,-50,50,20,90,0.25,0.8,3d,default,nonlooping,volume,1,0,0,0,0,0.25,no,no,none,0,,no,,,yes,no,no,0,0,yes,no,,0,,no,no,no
wpn_m1911_silencer_fire_npc_decay,raw\sound\wpn\pistol\decay\ext\silenced\wpn_pistol_decay_silenced_ext.LN65.pc.snd.wav,,loaded,bus_fx,grp_weapon,snp_wpn_3p,,55,0,75,75,50,900,900,allon,default,rcurve1,default,10,1,reject,oldest,-100,100,20,70,0.15,1,3d,default,nonlooping,volume,1,0,0,0,0,0.25,no,no,none,0,,no,ringoff_plr,outdoor,yes,no,no,0,0,yes,no,,0,,no,no,no
wpn_m1911_silencer_fire_npc_decay,raw\sound\wpn\pistol\decay\int\silenced\wpn_pistol_decay_silenced_int.LN65.pc.snd.wav,,loaded,bus_fx,grp_weapon,snp_wpn_3p,,55,0,75,75,50,900,900,allon,default,rcurve1,default,10,1,reject,oldest,-100,100,20,70,0.15,1,3d,default,nonlooping,volume,1,0,0,0,0,0.25,no,no,none,0,,no,ringoff_plr,indoor,yes,no,no,0,0,yes,no,,0,,no,no,no
wpn_m1911_silencer_fire_plr,raw\sound\wpn\pistol\fiveseven\plr\shot\silenced\wpn_fiveseven_sil_shot_plr.LN65.pc.snd.wav,wpn_m1911_silencer_LFE,loaded,bus_fx,grp_weapon,snp_wpn_1p,,0,0,90,90,0,5000,5000,allon,default,allon,default,2,8,oldest,oldest,-25,-25,90,90,0.25,1,2d,default,nonlooping,volume,1,0,0,0,0,0.25,no,no,none,0,,no,,,yes,no,no,0,0,yes,no,,0,,no,no,no
wpn_m1911_silencer_fire_plr_decay,raw\sound\wpn\pistol\decay\ext\silenced\wpn_pistol_decay_silenced_ext.LN65.pc.snd.wav,,loaded,bus_fx,grp_weapon,snp_wpn_1p,,75,0,80,80,0,5000,5000,allon,default,allon,default,3,8,oldest,oldest,-50,50,90,90,0.25,1,2d,default,nonlooping,volume,1,0,0,0,0,0.25,no,no,none,0,,no,ringoff_plr,outdoor,yes,no,no,0,0,yes,no,,0,,no,no,no
wpn_m1911_silencer_fire_plr_decay,raw\sound\wpn\pistol\decay\int\silenced\wpn_pistol_decay_silenced_int.LN65.pc.snd.wav,,loaded,bus_fx,grp_weapon,snp_wpn_1p,,75,0,83,83,0,5000,5000,allon,default,allon,default,3,8,oldest,oldest,-50,50,90,90,0.25,1,2d,default,nonlooping,volume,1,0,0,0,0,0.25,no,no,none,0,,no,ringoff_plr,indoor,yes,no,no,0,0,yes,no,,0,,no,no,no
wpn_m1911_silencer_LFE,raw\sound\wpn\smg\mp7\plr\lfe\wpn_mp7_fire_lfe.LN65.pc.snd.wav,wpn_m1911_silencer_fire_plr_decay,loaded,bus_hdrfx,grp_wpn_lfe,snp_wpn_1p,,0,0,86,86,0,5000,5000,allon,default,allon,default,2,2,priority,oldest,0,0,85,90,0.25,1,2d,default,nonlooping,volume,1,0,0,0,0,0.25,no,no,none,0,,no,,,no,no,no,0,0,yes,no,,0,,no,no,no
wpn_m1911_silencer_LFE_npc,raw\sound\wpn\smg\mp7\plr\lfe\wpn_mp7_fire_lfe.LN65.pc.snd.wav,wpn_m1911_silencer_fire_npc_decay,loaded,bus_hdrfx,grp_wpn_lfe,snp_wpn_3p,,0,0,81,81,25,225,225,allon,default,allon,default,2,1,priority,oldest,0,0,40,90,0.25,0.75,3d,default,nonlooping,volume,1,0,0,0,0,0.25,no,no,none,0,,no,,,no,no,no,0,0,yes,no,,0,,no,no,no
fly_judge_close,raw\sound\wpn\pistol\357\reload\fly_357_close.LN65.pc.snd.wav,,loaded,bus_fx,grp_foley,snp_foley,,30,0,86,89,0,5000,5000,allon,default,allon,default,8,8,priority,oldest,-88,84,70,70,0.25,1,2d,default,nonlooping,volume,1,0,0,0,0,0.25,no,yes,none,0,,no,,,yes,no,no,0,0,yes,no,,0,,no,no,no
fly_judge_empty,raw\sound\wpn\pistol\judge\foley\fly_judge_empty.LN65.pc.snd.wav,,loaded,bus_fx,grp_foley,snp_foley,,30,0,86,89,0,5000,5000,allon,default,allon,default,8,8,priority,oldest,-88,84,70,70,0.25,1,2d,default,nonlooping,volume,1,100,0,0,0,0.25,no,yes,none,0,,no,,,yes,no,no,0,0,yes,no,,0,,no,no,no
fly_judge_load,raw\sound\wpn\pistol\judge\foley\load\fly_judge_load_00.LN65.pc.snd.wav,,loaded,bus_fx,grp_foley,snp_foley,,30,0,86,89,0,5000,5000,allon,default,allon,default,8,8,priority,oldest,-88,84,70,70,0.25,1,2d,default,nonlooping,volume,1,0,0,0,0,0.25,no,yes,none,0,,no,,,yes,no,no,0,0,yes,no,,0,,no,no,no
fly_judge_load,raw\sound\wpn\pistol\judge\foley\load\fly_judge_load_01.LN65.pc.snd.wav,,loaded,bus_fx,grp_foley,snp_foley,,30,0,86,89,0,5000,5000,allon,default,allon,default,8,8,priority,oldest,-88,84,70,70,0.25,1,2d,default,nonlooping,volume,1,0,0,0,0,0.25,no,yes,none,0,,no,,,yes,no,no,0,0,yes,no,,0,,no,no,no
fly_judge_open,raw\sound\wpn\pistol\357\reload\fly_357_open.LN65.pc.snd.wav,,loaded,bus_fx,grp_foley,snp_foley,,30,0,86,89,0,5000,5000,allon,default,allon,default,8,8,priority,oldest,-88,84,70,70,0.25,1,2d,default,nonlooping,volume,1,0,0,0,0,0.25,no,yes,none,0,,no,,,yes,no,no,0,0,yes,no,,0,,no,no,no
wpn_judge_1straise_npc,raw\sound\fly\gear\rattle\fly_cloth_00.LN65.pc.snd.wav,,loaded,bus_fx,grp_foley,snp_foley,,30,0,75,75,75,500,500,allon,default,allon,default,4,8,priority,oldest,-90,90,15,30,0.25,1,3d,default,nonlooping,volume,1,0,25,250,75,0.25,no,yes,none,0,,no,,,yes,no,no,0,0,yes,no,,0,,no,no,no
wpn_judge_1straise_npc,raw\sound\fly\gear\rattle\fly_cloth_01.LN65.pc.snd.wav,,loaded,bus_fx,grp_foley,snp_foley,,30,0,75,75,75,500,500,allon,default,allon,default,4,8,priority,oldest,-90,90,15,30,0.25,1,3d,default,nonlooping,volume,1,0,25,250,75,0.25,no,yes,none,0,,no,,,yes,no,no,0,0,yes,no,,0,,no,no,no
wpn_judge_1straise_npc,raw\sound\fly\gear\rattle\fly_cloth_02.LN65.pc.snd.wav,,loaded,bus_fx,grp_foley,snp_foley,,30,0,75,75,75,500,500,allon,default,allon,default,4,8,priority,oldest,-90,90,15,30,0.25,1,3d,default,nonlooping,volume,1,0,25,250,75,0.25,no,yes,none,0,,no,,,yes,no,no,0,0,yes,no,,0,,no,no,no
wpn_judge_1straise_npc,raw\sound\fly\gear\rattle\fly_cloth_03.LN65.pc.snd.wav,,loaded,bus_fx,grp_foley,snp_foley,,30,0,75,75,75,500,500,allon,default,allon,default,4,8,priority,oldest,-90,90,15,30,0.25,1,3d,default,nonlooping,volume,1,0,25,250,75,0.25,no,yes,none,0,,no,,,yes,no,no,0,0,yes,no,,0,,no,no,no
wpn_judge_1straise_plr,raw\sound\fly\gear\rattle\fly_cloth_00.LN65.pc.snd.wav,,loaded,bus_fx,grp_foley,snp_foley,,30,0,86,89,0,5000,5000,allon,default,allon,default,8,8,priority,oldest,-88,84,70,70,0.25,1,2d,default,nonlooping,volume,1,0,0,0,0,0.25,no,yes,none,0,,no,,,yes,no,no,0,0,yes,no,,0,,no,no,no
wpn_judge_1straise_plr,raw\sound\fly\gear\rattle\fly_cloth_01.LN65.pc.snd.wav,,loaded,bus_fx,grp_foley,snp_foley,,30,0,86,89,0,5000,5000,allon,default,allon,default,8,8,priority,oldest,-88,84,70,70,0.25,1,2d,default,nonlooping,volume,1,0,0,0,0,0.25,no,yes,none,0,,no,,,yes,no,no,0,0,yes,no,,0,,no,no,no
wpn_judge_1straise_plr,raw\sound\fly\gear\rattle\fly_cloth_02.LN65.pc.snd.wav,,loaded,bus_fx,grp_foley,snp_foley,,30,0,86,89,0,5000,5000,allon,default,allon,default,8,8,priority,oldest,-88,84,70,70,0.25,1,2d,default,nonlooping,volume,1,0,0,0,0,0.25,no,yes,none,0,,no,,,yes,no,no,0,0,yes,no,,0,,no,no,no
wpn_judge_1straise_plr,raw\sound\fly\gear\rattle\fly_cloth_03.LN65.pc.snd.wav,,loaded,bus_fx,grp_foley,snp_foley,,30,0,86,89,0,5000,5000,allon,default,allon,default,8,8,priority,oldest,-88,84,70,70,0.25,1,2d,default,nonlooping,volume,1,0,0,0,0,0.25,no,yes,none,0,,no,,,yes,no,no,0,0,yes,no,,0,,no,no,no
wpn_judge_dryfire_npc,raw\sound\wpn\pistol\dry_fire\npc\dry_fire_00.LN65.pc.snd.wav,,loaded,bus_fx,grp_weapon,snp_wpn_3p,,55,0,85,85,900,900,900,cosdelay,alloff,cosdelay,default,6,2,priority,oldest,-281,281,20,90,0.25,0.8,3d,default,nonlooping,volume,1,0,0,0,0,0.25,no,no,none,0,,no,,,yes,no,no,0,0,yes,no,,0,,no,no,no
wpn_judge_dryfire_plr,raw\sound\wpn\pistol\dry_fire\plr\dry_fire_00.LN65.pc.snd.wav,,loaded,bus_fx,grp_weapon,snp_wpn_1p,,65,0,90,90,0,5000,5000,allon,default,allon,default,2,8,oldest,oldest,0,0,90,90,0.25,1,2d,default,nonlooping,volume,1,0,0,0,0,0.25,no,no,none,0,,no,,,yes,no,no,0,0,yes,no,,0,,no,no,no
wpn_judge_fire_npc,raw\sound\wpn\pistol\judge\plr\shot\wpn_judge_shot_plr.LN65.pc.snd.wav,wpn_judge_LFE_npc,loaded,bus_fx,grp_weapon,snp_wpn_3p,,55,0,85,85,900,900,900,cosdelay,alloff,cosdelay,default,6,2,priority,oldest,-281,281,20,90,0.25,0.8,3d,default,nonlooping,volume,1,0,0,0,0,0.3,no,no,none,0,,no,,,yes,no,no,0,0,yes,no,,0,,no,no,no
wpn_judge_fire_npc_decay,raw\sound\wpn\assault\decay\ext\wpn_assault_decay_ext.LN65.pc.snd.wav,,loaded,bus_fx,grp_weapon,snp_wpn_3p,,55,0,77,77,50,900,900,allon,default,rcurve1,default,3,1,priority,oldest,-100,100,20,70,0.15,1,3d,default,nonlooping,volume,1,0,0,0,0,0.25,no,no,none,0,,no,ringoff_plr,outdoor,yes,no,no,0,0,yes,no,,0,,no,no,no
wpn_judge_fire_npc_decay,raw\sound\wpn\shotgun\decay\int\wpn_shotgun_decay_int.LN65.pc.snd.wav,,loaded,bus_fx,grp_weapon,snp_wpn_3p,,55,0,67,67,50,900,900,allon,default,rcurve1,default,3,1,priority,oldest,-100,100,20,70,0.15,1,3d,default,nonlooping,volume,1,0,0,0,0,0.25,no,no,none,0,,no,ringoff_plr,indoor,yes,no,no,0,0,yes,no,,0,,no,no,no
wpn_judge_fire_npc_dist,raw\sound\wpn\dist_guns\pis\wpn_pistol_dist_00.LN65.pc.snd.wav,wpn_judge_fire_npc_decay,loaded,bus_fx,grp_weapon,snp_wpn_3p,,80,0,81,81,900,6000,12500,sindelay,default,sindelay,allon,6,2,priority,oldest,-300,300,90,40,0.25,1,3d,default,nonlooping,,1,0,0,0,0,0.25,no,no,none,0,,no,,,yes,no,no,0,0,yes,no,,0,,no,no,no
wpn_judge_fire_npc_dist,raw\sound\wpn\dist_guns\pis\wpn_pistol_dist_01.LN65.pc.snd.wav,wpn_judge_fire_npc_decay,loaded,bus_fx,grp_weapon,snp_wpn_3p,,80,0,81,81,900,6000,12500,sindelay,default,sindelay,allon,6,2,priority,oldest,-300,300,90,40,0.25,1,3d,default,nonlooping,,1,0,0,0,0,0.25,no,no,none,0,,no,,,yes,no,no,0,0,yes,no,,0,,no,no,no
wpn_judge_fire_npc_dist,raw\sound\wpn\dist_guns\pis\wpn_pistol_dist_02.LN65.pc.snd.wav,wpn_judge_fire_npc_decay,loaded,bus_fx,grp_weapon,snp_wpn_3p,,80,0,81,81,900,6000,12500,sindelay,default,sindelay,allon,6,2,priority,oldest,-300,300,90,40,0.25,1,3d,default,nonlooping,,1,0,0,0,0,0.25,no,no,none,0,,no,,,yes,no,no,0,0,yes,no,,0,,no,no,no
wpn_judge_fire_npc_pap,raw\sound\wpn\pap\pap_shot_st.LN65.pc.snd.wav,wpn_judge_flux_l_npc_pap,loaded,bus_fx,grp_weapon,snp_wpn_3p,,80,0,82,82,75,1250,1250,allon,default,allon,default,10,3,priority,oldest,-100,100,50,90,0.35,1,3d,default,nonlooping,volume pitch,1,0,0,0,0,0.25,no,no,none,0,,no,,,yes,no,no,0,0,yes,no,,0,,no,no,no
wpn_judge_fire_plr,raw\sound\wpn\pistol\judge\plr\shot\wpn_judge_shot_plr.LN65.pc.snd.wav,wpn_judge_LFE,loaded,bus_fx,grp_weapon,snp_wpn_1p,,65,0,90,90,0,5000,5000,allon,default,allon,default,2,8,oldest,oldest,0,0,90,90,0.25,1,2d,default,nonlooping,volume,1,0,0,0,0,0.25,no,no,none,0,,no,,,yes,no,no,0,0,yes,no,,0,,no,no,no
wpn_judge_fire_plr_decay,raw\sound\wpn\assault\decay\ext\wpn_assault_decay_ext.LN65.pc.snd.wav,,loaded,bus_fx,grp_weapon,snp_wpn_1p,,60,0,83,83,0,5000,5000,allon,default,allon,default,3,8,oldest,oldest,-50,50,90,90,0.25,1,2d,default,nonlooping,volume,1,0,0,0,0,0.25,no,no,none,0,,no,ringoff_plr,outdoor,yes,no,no,0,0,yes,no,,0,,no,no,no
wpn_judge_fire_plr_decay,raw\sound\wpn\shotgun\decay\int\wpn_shotgun_decay_int.LN65.pc.snd.wav,,loaded,bus_fx,grp_weapon,snp_wpn_1p,,60,0,83,83,0,5000,5000,allon,default,allon,default,3,8,oldest,oldest,-50,50,90,90,0.25,1,2d,default,nonlooping,volume,1,0,0,0,0,0.25,no,no,none,0,,no,ringoff_plr,indoor,yes,no,no,0,0,yes,no,,0,,no,no,no
wpn_judge_fire_plr_lh,raw\sound\wpn\pistol\judge\plr\shot\wpn_judge_shot_plr.LN65.pc.snd.wav,wpn_judge_LFE,loaded,bus_fx,grp_weapon,snp_wpn_1p,,65,0,90,90,0,5000,5000,allon,default,allon,default,2,8,oldest,oldest,0,0,90,90,0.25,1,2d,default,nonlooping,volume,1,0,0,0,0,0.25,no,no,none,0,,no,,,yes,no,no,0,0,yes,no,,0,,no,no,no
wpn_judge_fire_plr_pap,raw\sound\wpn\pap\pap_shot_st.LN65.pc.snd.wav,wpn_judge_flux_l_plr_pap,loaded,bus_hdrfx,grp_weapon,snp_wpn_1p,,70,0,87,87,0,5000,5000,allon,default,allon,default,1,8,oldest,oldest,0,0,90,90,0.25,1,2d,default,nonlooping,volume,1,0,0,0,0,0.25,no,no,none,0,,no,,,yes,no,no,0,0,yes,no,,0,,no,no,no
wpn_judge_fire_plr_rh,raw\sound\wpn\pistol\judge\plr\shot\wpn_judge_shot_plr.LN65.pc.snd.wav,wpn_judge_LFE,loaded,bus_fx,grp_weapon,snp_wpn_1p,,65,0,90,90,0,5000,5000,allon,default,allon,default,2,8,oldest,oldest,0,0,90,90,0.25,1,2d,default,nonlooping,volume,1,0,0,0,0,0.25,no,no,none,0,,no,,,yes,no,no,0,0,yes,no,,0,,no,no,no
wpn_judge_flux_l_npc_pap,raw\sound\wpn\pap\pap_flux_left.LN65.pc.snd.wav,wpn_judge_flux_r_npc_pap,loaded,bus_fx,grp_weapon,snp_wpn_3p,,84,0,75,75,25,900,900,allon,default,allon,default,8,4,priority,priority,-34,34,85,90,0.25,1,3d,default,nonlooping,volume pitch,1,0,0,0,0,0.25,no,no,left_shot,4000,,no,,,yes,no,no,0,0,yes,no,,0,,no,no,no
wpn_judge_flux_l_plr_pap,raw\sound\wpn\pap\pap_flux_left.LN65.pc.snd.wav,wpn_judge_flux_r_plr_pap,loaded,bus_fx,grp_weapon,snp_wpn_3p,,84,0,75,75,25,900,900,allon,default,allon,default,8,4,priority,priority,-34,34,85,90,0.25,1,3d,default,nonlooping,volume pitch,1,0,0,0,0,0.25,no,no,left_shot,4000,,no,,,yes,no,no,0,0,yes,no,,0,,no,no,no
wpn_judge_flux_r_npc_pap,raw\sound\wpn\pap\pap_flux_right.LN65.pc.snd.wav,wpn_judge_fire_npc,loaded,bus_fx,grp_weapon,snp_wpn_3p,,84,0,75,75,25,900,900,allon,default,allon,default,8,4,priority,priority,-34,34,85,90,0.25,1,3d,default,nonlooping,volume pitch,1,0,0,0,0,0.25,no,no,right_shot,4000,,no,,,yes,no,no,0,0,yes,no,,0,,no,no,no
wpn_judge_flux_r_plr_pap,raw\sound\wpn\pap\pap_flux_right.LN65.pc.snd.wav,wpn_judge_fire_plr,loaded,bus_fx,grp_weapon,snp_wpn_3p,,84,0,75,75,25,900,900,allon,default,allon,default,8,4,priority,priority,-34,34,85,90,0.25,1,3d,default,nonlooping,volume pitch,1,0,0,0,0,0.25,no,no,right_shot,4000,,no,,,yes,no,no,0,0,yes,no,,0,,no,no,no
wpn_judge_LFE,raw\sound\wpn\pistol\357\lfe\wpn_357_fire_lfe.LN65.pc.snd.wav,wpn_judge_fire_plr_decay,loaded,bus_hdrfx,grp_wpn_lfe,snp_wpn_1p,,0,0,86,86,0,5000,5000,allon,default,allon,default,2,2,priority,oldest,0,0,85,90,0.25,1,2d,default,nonlooping,volume,1,0,0,0,0,0.25,no,no,none,0,,no,,,no,no,no,0,0,yes,no,,0,,no,no,no
wpn_judge_LFE_npc,raw\sound\wpn\pistol\357\lfe\wpn_357_fire_lfe.LN65.pc.snd.wav,wpn_judge_fire_npc_dist,loaded,bus_hdrfx,grp_wpn_lfe,snp_wpn_3p,,0,0,81,81,25,225,225,allon,default,allon,default,2,1,priority,oldest,0,0,40,90,0.25,0.75,3d,default,nonlooping,volume,1,0,0,0,0,0.25,no,no,none,0,,no,,,no,no,no,0,0,yes,no,,0,,no,no,no
wpn_judge_pickup_npc,raw\sound\fly\pickups\weapon\fly_weapon_pickup_00.LN65.pc.snd.wav,,loaded,bus_fx,grp_foley,snp_foley,,30,0,75,75,75,500,500,allon,default,allon,default,2,1,priority,reject,-50,50,15,30,0.25,1,3d,default,nonlooping,volume,1,0,25,250,75,0.25,no,yes,none,0,,no,,,yes,no,no,0,0,yes,no,,0,,no,no,no
wpn_judge_pickup_npc,raw\sound\fly\pickups\weapon\fly_weapon_pickup_01.LN65.pc.snd.wav,,loaded,bus_fx,grp_foley,snp_foley,,30,0,75,75,75,500,500,allon,default,allon,default,2,1,priority,reject,-50,50,15,30,0.25,1,3d,default,nonlooping,volume,1,0,25,250,75,0.25,no,yes,none,0,,no,,,yes,no,no,0,0,yes,no,,0,,no,no,no
wpn_judge_pickup_plr,raw\sound\fly\pickups\weapon\fly_weapon_pickup_00.LN65.pc.snd.wav,,loaded,bus_fx,grp_foley,snp_foley,,30,0,75,75,0,5000,5000,allon,default,allon,default,1,8,reject,oldest,-88,84,70,70,0.25,1,2d,default,nonlooping,volume,1,0,0,0,0,0.25,no,yes,none,0,,no,,,yes,no,no,0,0,yes,no,,0,,no,no,no
wpn_judge_pickup_plr,raw\sound\fly\pickups\weapon\fly_weapon_pickup_01.LN65.pc.snd.wav,,loaded,bus_fx,grp_foley,snp_foley,,30,0,75,75,0,5000,5000,allon,default,allon,default,1,8,reject,oldest,-88,84,70,70,0.25,1,2d,default,nonlooping,volume,1,0,0,0,0,0.25,no,yes,none,0,,no,,,yes,no,no,0,0,yes,no,,0,,no,no,no
wpn_judge_raise_npc,raw\sound\fly\gear\rattle\fly_cloth_00.LN65.pc.snd.wav,,loaded,bus_fx,grp_foley,snp_foley,,30,0,75,75,75,500,500,allon,default,allon,default,4,8,priority,oldest,-90,90,15,30,0.25,1,3d,default,nonlooping,volume,1,0,25,250,75,0.25,no,yes,none,0,,no,,,yes,no,no,0,0,yes,no,,0,,no,no,no
wpn_judge_raise_npc,raw\sound\fly\gear\rattle\fly_cloth_01.LN65.pc.snd.wav,,loaded,bus_fx,grp_foley,snp_foley,,30,0,75,75,75,500,500,allon,default,allon,default,4,8,priority,oldest,-90,90,15,30,0.25,1,3d,default,nonlooping,volume,1,0,25,250,75,0.25,no,yes,none,0,,no,,,yes,no,no,0,0,yes,no,,0,,no,no,no
wpn_judge_raise_npc,raw\sound\fly\gear\rattle\fly_cloth_02.LN65.pc.snd.wav,,loaded,bus_fx,grp_foley,snp_foley,,30,0,75,75,75,500,500,allon,default,allon,default,4,8,priority,oldest,-90,90,15,30,0.25,1,3d,default,nonlooping,volume,1,0,25,250,75,0.25,no,yes,none,0,,no,,,yes,no,no,0,0,yes,no,,0,,no,no,no
wpn_judge_raise_npc,raw\sound\fly\gear\rattle\fly_cloth_03.LN65.pc.snd.wav,,loaded,bus_fx,grp_foley,snp_foley,,30,0,75,75,75,500,500,allon,default,allon,default,4,8,priority,oldest,-90,90,15,30,0.25,1,3d,default,nonlooping,volume,1,0,25,250,75,0.25,no,yes,none,0,,no,,,yes,no,no,0,0,yes,no,,0,,no,no,no
wpn_judge_silencer_fire_npc,raw\sound\wpn\pistol\fiveseven\plr\shot\silenced\wpn_fiveseven_sil_shot_plr.LN65.pc.snd.wav,wpn_judge_silencer_LFE_npc,loaded,bus_fx,grp_weapon,snp_wpn_3p,,0,0,85,85,900,900,900,cosdelay,alloff,cosdelay,default,6,2,priority,oldest,-50,50,20,90,0.25,0.8,3d,default,nonlooping,volume,1,0,0,0,0,0.25,no,no,none,0,,no,,,yes,no,no,0,0,yes,no,,0,,no,no,no
wpn_judge_silencer_fire_npc_decay,raw\sound\wpn\pistol\decay\ext\silenced\wpn_pistol_decay_silenced_ext.LN65.pc.snd.wav,,loaded,bus_fx,grp_weapon,snp_wpn_3p,,55,0,75,75,50,900,900,allon,default,rcurve1,default,10,1,reject,oldest,-100,100,20,70,0.15,1,3d,default,nonlooping,volume,1,0,0,0,0,0.25,no,no,none,0,,no,ringoff_plr,outdoor,yes,no,no,0,0,yes,no,,0,,no,no,no
wpn_judge_silencer_fire_npc_decay,raw\sound\wpn\pistol\decay\int\silenced\wpn_pistol_decay_silenced_int.LN65.pc.snd.wav,,loaded,bus_fx,grp_weapon,snp_wpn_3p,,55,0,75,75,50,900,900,allon,default,rcurve1,default,10,1,reject,oldest,-100,100,20,70,0.15,1,3d,default,nonlooping,volume,1,0,0,0,0,0.25,no,no,none,0,,no,ringoff_plr,indoor,yes,no,no,0,0,yes,no,,0,,no,no,no
wpn_judge_silencer_fire_plr,raw\sound\wpn\pistol\fiveseven\plr\shot\silenced\wpn_fiveseven_sil_shot_plr.LN65.pc.snd.wav,wpn_judge_silencer_LFE,loaded,bus_fx,grp_weapon,snp_wpn_1p,,0,0,90,90,0,5000,5000,allon,default,allon,default,2,8,oldest,oldest,-25,-25,90,90,0.25,1,2d,default,nonlooping,volume,1,0,0,0,0,0.25,no,no,none,0,,no,,,yes,no,no,0,0,yes,no,,0,,no,no,no
wpn_judge_silencer_fire_plr_decay,raw\sound\wpn\pistol\decay\ext\silenced\wpn_pistol_decay_silenced_ext.LN65.pc.snd.wav,,loaded,bus_fx,grp_weapon,snp_wpn_1p,,75,0,80,80,0,5000,5000,allon,default,allon,default,3,8,oldest,oldest,-50,50,90,90,0.25,1,2d,default,nonlooping,volume,1,0,0,0,0,0.25,no,no,none,0,,no,ringoff_plr,outdoor,yes,no,no,0,0,yes,no,,0,,no,no,no
wpn_judge_silencer_fire_plr_decay,raw\sound\wpn\pistol\decay\int\silenced\wpn_pistol_decay_silenced_int.LN65.pc.snd.wav,,loaded,bus_fx,grp_weapon,snp_wpn_1p,,75,0,83,83,0,5000,5000,allon,default,allon,default,3,8,oldest,oldest,-50,50,90,90,0.25,1,2d,default,nonlooping,volume,1,0,0,0,0,0.25,no,no,none,0,,no,ringoff_plr,indoor,yes,no,no,0,0,yes,no,,0,,no,no,no
wpn_judge_silencer_LFE,raw\sound\wpn\smg\mp7\plr\lfe\wpn_mp7_fire_lfe.LN65.pc.snd.wav,wpn_judge_silencer_fire_plr_decay,loaded,bus_hdrfx,grp_wpn_lfe,snp_wpn_1p,,0,0,86,86,0,5000,5000,allon,default,allon,default,2,2,priority,oldest,0,0,85,90,0.25,1,2d,default,nonlooping,volume,1,0,0,0,0,0.25,no,no,none,0,,no,,,no,no,no,0,0,yes,no,,0,,no,no,no
wpn_judge_silencer_LFE_npc,raw\sound\wpn\smg\mp7\plr\lfe\wpn_mp7_fire_lfe.LN65.pc.snd.wav,wpn_judge_silencer_fire_npc_decay,loaded,bus_hdrfx,grp_wpn_lfe,snp_wpn_3p,,0,0,81,81,25,225,225,allon,default,allon,default,3,1,priority,oldest,0,0,40,90,0.25,0.75,3d,default,nonlooping,volume,1,0,0,0,0,0.25,no,no,none,0,,no,,,no,no,no,0,0,yes,no,,0,,no,no,no
fly_rpg_flip_sight,raw\sound\wpn\rocket\rpg\foley\fly_rpg_flip.LN65.pc.snd.wav,,loaded,bus_fx,grp_foley,snp_foley,,30,0,86,89,0,5000,5000,allon,default,allon,default,8,8,priority,oldest,-88,84,70,70,0.25,1,2d,default,nonlooping,volume,1,0,0,0,0,0.25,no,yes,none,0,,no,,,yes,no,no,0,0,yes,no,,0,,no,no,no
fly_rpg_sight_up,raw\sound\wpn\gren_launcher\china_lake\foley\fly_china_lake_sight_up.LN65.pc.snd.wav,,loaded,bus_fx,grp_foley,snp_foley,,30,0,75,75,0,5000,5000,allon,default,allon,default,1,8,reject,oldest,-88,84,70,70,0.25,1,2d,default,nonlooping,volume,1,0,0,0,0,0.25,no,yes,none,0,,no,,,yes,no,no,0,0,yes,no,,0,,no,no,no
wpn_rpg_1straise_npc,raw\sound\fly\heavy_cloth\long\fly_heavy_cloth_long_00.LN65.pc.snd.wav,,loaded,bus_fx,grp_foley,snp_foley,,30,0,75,75,75,500,500,allon,default,allon,default,4,8,priority,oldest,-90,90,15,30,0.25,1,3d,default,nonlooping,volume,1,0,25,250,75,0.25,no,yes,none,0,,no,,,yes,no,no,0,0,yes,no,,0,,no,no,no
wpn_rpg_1straise_plr,raw\sound\fly\heavy_cloth\long\fly_heavy_cloth_long_00.LN65.pc.snd.wav,,loaded,bus_fx,grp_foley,snp_foley,,30,0,86,89,0,5000,5000,allon,default,allon,default,8,8,priority,oldest,-88,84,70,70,0.25,1,2d,default,nonlooping,volume,1,0,0,0,0,0.25,no,yes,none,0,,no,,,yes,no,no,0,0,yes,no,,0,,no,no,no
wpn_rpg_dryfire_npc,raw\sound\wpn\lmg\dry_fire\npc\dry_fire_00.LN65.pc.snd.wav,,loaded,bus_fx,grp_weapon,snp_wpn_3p,,0,0,80,80,75,275,275,allon,default,allon,default,8,2,priority,oldest,0,0,10,30,0.25,1,3d,default,nonlooping,volume,1,0,0,0,0,0.25,no,no,none,0,,no,,,yes,no,no,0,0,yes,no,,0,,no,no,no
wpn_rpg_dryfire_plr,raw\sound\wpn\lmg\dry_fire\plr\dry_fire_00.LN65.pc.snd.wav,,loaded,bus_fx,grp_weapon,snp_wpn_1p,,0,0,80,80,0,5000,5000,allon,default,allon,default,2,8,oldest,oldest,0,0,10,30,0.25,1,2d,default,nonlooping,volume,1,0,0,0,0,0.25,no,no,none,0,,no,,,yes,no,no,0,0,yes,no,,0,,no,no,no
wpn_rpg_fire_dist_npc,raw\sound\wpn\dist_guns\rpg\wpn_rpg_dist_00.LN65.pc.snd.wav,,loaded,bus_fx,grp_weapon,snp_wpn_3p,,80,0,87,87,750,2500,4000,sindelay,default,sindelay,default,6,3,priority,oldest,-300,300,90,40,0.25,1,3d,default,nonlooping,volume pitch,1,0,0,0,0,0.2,no,no,none,0,,no,,,yes,no,no,0,0,yes,no,,0,,no,no,no
wpn_rpg_fire_LFE,raw\sound\wpn\rpg\shot\lfe\wpn_rpg_fire_lfe.LN65.pc.snd.wav,,loaded,bus_hdrfx,grp_wpn_lfe,snp_wpn_1p,,0,0,84,84,0,5000,5000,allon,default,allon,default,8,2,priority,oldest,0,0,85,90,0.25,1,2d,default,nonlooping,volume,1,0,0,0,0,0.25,no,no,none,0,,no,,,no,no,no,0,0,yes,no,,0,,no,no,no
wpn_rpg_fire_LFE_npc,raw\sound\wpn\rpg\shot\lfe\wpn_rpg_fire_lfe.LN65.pc.snd.wav,,loaded,bus_hdrfx,grp_wpn_lfe,snp_wpn_3p,,0,0,81,81,25,225,225,allon,default,allon,default,3,1,priority,oldest,0,0,40,90,0.25,0.75,3d,default,nonlooping,volume,1,0,0,0,0,0.25,no,no,none,0,,no,,,no,no,no,0,0,yes,no,,0,,no,no,no
wpn_rpg_fire_npc,raw\sound\wpn\rocket\rpg\plr\shot\wpn_rpg_shot_plr.LN65.pc.snd.wav,wpn_rpg_fire_dist_npc,loaded,bus_fx,grp_weapon,snp_wpn_3p,,80,0,88,88,750,750,751,cosdelay,alloff,cosdelay,default,3,3,priority,oldest,-300,200,50,90,0.25,1,3d,default,nonlooping,volume pitch,1,0,0,0,0,0.2,no,no,none,0,,no,,,yes,no,no,0,0,yes,no,,0,,no,no,no
wpn_rpg_fire_npc_pap,raw\sound\wpn\pap\pap_shot_st.LN65.pc.snd.wav,wpn_rpg_flux_l_npc_pap,loaded,bus_fx,grp_weapon,snp_wpn_3p,,80,0,82,82,75,1250,1250,allon,default,allon,default,10,3,priority,oldest,-100,100,50,90,0.35,1,3d,default,nonlooping,volume pitch,1,0,0,0,0,0.25,no,no,none,0,,no,,,yes,no,no,0,0,yes,no,,0,,no,no,no
wpn_rpg_fire_plr,raw\sound\wpn\rpg\shot\plr\wpn_rpg_fire_plr.LN65.pc.snd.wav,wpn_rpg_fire_LFE,loaded,bus_fx,grp_weapon,snp_wpn_1p,,80,0,88,88,0,5000,5000,allon,default,allon,default,1,8,oldest,oldest,0,0,90,90,0.25,1,2d,default,nonlooping,volume,1,0,0,0,0,0,no,no,none,0,,no,,,yes,no,no,0,0,yes,no,,0,,no,no,no
wpn_rpg_fire_plr_pap,raw\sound\wpn\pap\pap_shot_st.LN65.pc.snd.wav,wpn_rpg_flux_l_plr_pap,loaded,bus_hdrfx,grp_weapon,snp_wpn_1p,,70,0,87,87,0,5000,5000,allon,default,allon,default,1,8,oldest,oldest,0,0,90,90,0.25,1,2d,default,nonlooping,volume,1,0,0,0,0,0.25,no,no,none,0,,no,,,yes,no,no,0,0,yes,no,,0,,no,no,no
wpn_rpg_flux_l_npc_pap,raw\sound\wpn\pap\pap_flux_left.LN65.pc.snd.wav,wpn_rpg_flux_r_npc_pap,loaded,bus_fx,grp_weapon,snp_wpn_3p,,84,0,75,75,25,900,900,allon,default,allon,default,8,4,priority,priority,-34,34,85,90,0.25,1,3d,default,nonlooping,volume pitch,1,0,0,0,0,0.25,no,no,left_shot,4000,,no,,,yes,no,no,0,0,yes,no,,0,,no,no,no
wpn_rpg_flux_l_plr_pap,raw\sound\wpn\pap\pap_flux_left.LN65.pc.snd.wav,wpn_rpg_flux_r_plr_pap,loaded,bus_fx,grp_weapon,snp_wpn_3p,,84,0,75,75,25,900,900,allon,default,allon,default,8,4,priority,priority,-34,34,85,90,0.25,1,3d,default,nonlooping,volume pitch,1,0,0,0,0,0.25,no,no,left_shot,4000,,no,,,yes,no,no,0,0,yes,no,,0,,no,no,no
wpn_rpg_flux_r_npc_pap,raw\sound\wpn\pap\pap_flux_right.LN65.pc.snd.wav,wpn_rpg_fire_npc,loaded,bus_fx,grp_weapon,snp_wpn_3p,,84,0,75,75,25,900,900,allon,default,allon,default,8,4,priority,priority,-34,34,85,90,0.25,1,3d,default,nonlooping,volume pitch,1,0,0,0,0,0.25,no,no,right_shot,4000,,no,,,yes,no,no,0,0,yes,no,,0,,no,no,no
wpn_rpg_flux_r_plr_pap,raw\sound\wpn\pap\pap_flux_right.LN65.pc.snd.wav,wpn_rpg_fire_plr,loaded,bus_fx,grp_weapon,snp_wpn_3p,,84,0,75,75,25,900,900,allon,default,allon,default,8,4,priority,priority,-34,34,85,90,0.25,1,3d,default,nonlooping,volume pitch,1,0,0,0,0,0.25,no,no,right_shot,4000,,no,,,yes,no,no,0,0,yes,no,,0,,no,no,no
wpn_rpg_futz,raw\sound\wpn\rocket\rpg\foley\fly_rpg_futz.LN65.pc.snd.wav,,loaded,bus_fx,grp_foley,snp_foley,,30,0,61,64,0,5000,5000,allon,default,allon,default,8,8,priority,oldest,-88,84,70,70,0.25,1,2d,default,nonlooping,volume,1,0,0,0,0,0.25,no,yes,none,0,,no,,,yes,no,no,0,0,yes,no,,0,,no,no,no
wpn_rpg_lock,raw\sound\wpn\rocket\rpg\foley\fly_rpg_latch.LN65.pc.snd.wav,,loaded,bus_fx,grp_foley,snp_foley,,30,0,86,89,0,5000,5000,allon,default,allon,default,8,8,priority,oldest,-88,84,70,70,0.25,1,2d,default,nonlooping,volume,1,0,0,0,0,0.25,no,yes,none,0,,no,,,yes,no,no,0,0,yes,no,,0,,no,no,no
wpn_rpg_loop,raw\sound\prj\rocket\rocket_loop.LL65.pc.snd.wav,wpn_rpg_loop_close,loaded,bus_fx,grp_weapon,snp_wpn_3p,,30,0,85,87,50,2250,2500,allon,default,allon,default,8,8,oldest,oldest,300,600,50,90,0.25,1,3d,default,looping,volume pitch,1,0,25,100,80,0.2,no,no,none,0,,yes,,,yes,no,no,0,0,yes,no,,0,,no,no,no
wpn_rpg_loop_close,raw\sound\prj\rocket\rpg\whoosh\close\close_00.LL65.pc.snd.wav,wpn_rpg_loop_whine,loaded,bus_fx,grp_weapon,snp_wpn_3p,,30,0,75,75,125,375,500,allon,default,allon,default,2,8,priority,oldest,-300,200,50,90,0.25,1,3d,default,looping,volume pitch,1,0,25,100,80,0.2,no,no,none,0,,yes,,,yes,no,no,0,0,yes,no,,0,,no,no,no
wpn_rpg_loop_close,raw\sound\prj\rocket\rpg\whoosh\close\close_01.LL65.pc.snd.wav,wpn_rpg_loop_whine,loaded,bus_fx,grp_weapon,snp_wpn_3p,,30,0,75,75,125,375,500,allon,default,allon,default,2,8,priority,oldest,-300,200,50,90,0.25,1,3d,default,looping,volume pitch,1,0,25,100,80,0.2,no,no,none,0,,yes,,,yes,no,no,0,0,yes,no,,0,,no,no,no
wpn_rpg_loop_whine,raw\sound\prj\rocket\rpg\whoosh\whine\whine_00.LL65.pc.snd.wav,,loaded,bus_fx,grp_impacts,snp_wpn_3p,,30,0,75,75,62,200,225,allon,default,allon,default,1,8,priority,oldest,0,300,50,90,0.25,1,3d,default,looping,volume pitch,1,0,25,100,80,0.2,no,no,none,0,,yes,,,yes,no,no,0,0,yes,no,,0,,no,no,no
wpn_rpg_loop_whine,raw\sound\prj\rocket\rpg\whoosh\whine\whine_03.LL65.pc.snd.wav,,loaded,bus_fx,grp_impacts,snp_wpn_3p,,30,0,75,75,62,200,225,allon,default,allon,default,1,8,priority,oldest,0,300,50,90,0.25,1,3d,default,looping,volume pitch,1,0,25,100,80,0.2,no,no,none,0,,yes,,,yes,no,no,0,0,yes,no,,0,,no,no,no
wpn_rpg_pickup_npc,raw\sound\fly\pickups\weapon\fly_weapon_pickup_00.LN65.pc.snd.wav,,loaded,bus_fx,grp_foley,snp_foley,,30,0,75,75,75,500,500,allon,default,allon,default,2,1,priority,reject,-50,50,15,30,0.25,1,3d,default,nonlooping,volume,1,0,25,250,75,0.25,no,yes,none,0,,no,,,yes,no,no,0,0,yes,no,,0,,no,no,no
wpn_rpg_pickup_npc,raw\sound\fly\pickups\weapon\fly_weapon_pickup_01.LN65.pc.snd.wav,,loaded,bus_fx,grp_foley,snp_foley,,30,0,75,75,75,500,500,allon,default,allon,default,2,1,priority,reject,-50,50,15,30,0.25,1,3d,default,nonlooping,volume,1,0,25,250,75,0.25,no,yes,none,0,,no,,,yes,no,no,0,0,yes,no,,0,,no,no,no
wpn_rpg_pickup_plr,raw\sound\fly\pickups\weapon\fly_weapon_pickup_00.LN65.pc.snd.wav,,loaded,bus_fx,grp_foley,snp_foley,,30,0,75,75,0,5000,5000,allon,default,allon,default,1,8,reject,oldest,-88,84,70,70,0.25,1,2d,default,nonlooping,volume,1,0,0,0,0,0.25,no,yes,none,0,,no,,,yes,no,no,0,0,yes,no,,0,,no,no,no
wpn_rpg_pickup_plr,raw\sound\fly\pickups\weapon\fly_weapon_pickup_01.LN65.pc.snd.wav,,loaded,bus_fx,grp_foley,snp_foley,,30,0,75,75,0,5000,5000,allon,default,allon,default,1,8,reject,oldest,-88,84,70,70,0.25,1,2d,default,nonlooping,volume,1,0,0,0,0,0.25,no,yes,none,0,,no,,,yes,no,no,0,0,yes,no,,0,,no,no,no
wpn_rpg_raise_npc,raw\sound\fly\heavy_cloth\long\fly_heavy_cloth_long_00.LN65.pc.snd.wav,,loaded,bus_fx,grp_foley,snp_foley,,30,0,75,75,75,500,500,allon,default,allon,default,4,8,priority,oldest,-90,90,15,30,0.25,1,3d,default,nonlooping,volume,1,0,25,250,75,0.25,no,yes,none,0,,no,,,yes,no,no,0,0,yes,no,,0,,no,no,no
wpn_rpg_raise_plr,raw\sound\fly\heavy_cloth\long\fly_heavy_cloth_long_00.LN65.pc.snd.wav,,loaded,bus_fx,grp_foley,snp_foley,,30,0,86,89,0,5000,5000,allon,default,allon,default,8,8,priority,oldest,-88,84,70,70,0.25,1,2d,default,nonlooping,volume,1,0,0,0,0,0.25,no,yes,none,0,,no,,,yes,no,no,0,0,yes,no,,0,,no,no,no
wpn_rpg_slide,raw\sound\wpn\rocket\rpg\foley\fly_rpg_slide.LN65.pc.snd.wav,,loaded,bus_fx,grp_foley,snp_foley,,30,0,86,89,0,5000,5000,allon,default,allon,default,8,8,priority,oldest,-88,84,70,70,0.25,1,2d,default,nonlooping,volume,1,0,0,0,0,0.25,no,yes,none,0,,no,,,yes,no,no,0,0,yes,no,,0,,no,no,no
wpn_rpg_whizby,raw\sound\prj\rocket\whizby\rocket_whizby_00.LN65.pc.snd.wav,wpn_rpg_whizby_lfe,loaded,bus_fx,grp_impacts,snp_wpn_3p,,30,0,97,99,75,425,425,allon,default,allon,default,1,8,priority,oldest,0,300,50,90,0.25,1,3d,default,nonlooping,volume pitch,1,0,25,100,80,0.2,no,no,none,0,,yes,,,yes,no,no,0,0,yes,no,,0,,no,no,no
wpn_rpg_whizby,raw\sound\prj\rocket\whizby\rocket_whizby_01.LN65.pc.snd.wav,wpn_rpg_whizby_lfe,loaded,bus_fx,grp_impacts,snp_wpn_3p,,30,0,97,99,75,425,425,allon,default,allon,default,1,8,priority,oldest,0,300,50,90,0.25,1,3d,default,nonlooping,volume pitch,1,0,25,100,80,0.2,no,no,none,0,,yes,,,yes,no,no,0,0,yes,no,,0,,no,no,no
wpn_rpg_whizby,raw\sound\prj\rocket\whizby\rocket_whizby_02.LN65.pc.snd.wav,wpn_rpg_whizby_lfe,loaded,bus_fx,grp_impacts,snp_wpn_3p,,30,0,97,99,75,425,425,allon,default,allon,default,1,8,priority,oldest,0,300,50,90,0.25,1,3d,default,nonlooping,volume pitch,1,0,25,100,80,0.2,no,no,none,0,,yes,,,yes,no,no,0,0,yes,no,,0,,no,no,no
wpn_rpg_whizby_lfe,raw\sound\prj\rocket\whizby_lfe\rocket_whizby_lfe_00.LN65.pc.snd.wav,,loaded,bus_fx,grp_impacts,snp_wpn_3p,,0,0,95,95,75,425,425,allon,default,allon,default,1,8,priority,oldest,0,0,50,90,0.25,1,3d,default,nonlooping,volume pitch,1,0,25,100,80,0.2,no,no,none,0,,yes,,,yes,no,no,0,0,yes,no,,0,,no,no,no
fly_evoskorpion_bolt_back,raw\sound\wpn\assault\m14\reload\fly_m14_bolt_back.LN65.pc.snd.wav,,loaded,bus_fx,grp_foley,snp_foley,,30,0,86,89,0,5000,5000,allon,default,allon,default,8,8,priority,oldest,-88,84,70,70,0.25,1,2d,default,nonlooping,volume,1,0,0,0,0,0.25,no,yes,none,0,,no,,,yes,no,no,0,0,yes,no,,0,,no,no,no
fly_evoskorpion_bolt_release,raw\sound\wpn\assault\m14\reload\fly_m14_bolt_release.LN65.pc.snd.wav,,loaded,bus_fx,grp_foley,snp_foley,,30,0,86,89,0,5000,5000,allon,default,allon,default,8,8,priority,oldest,-88,84,70,70,0.25,1,2d,default,nonlooping,volume,1,0,0,0,0,0.25,no,yes,none,0,,no,,,yes,no,no,0,0,yes,no,,0,,no,no,no
fly_evoskorpion_charge,raw\sound\wpn\smg\kiparis\reload\fly_kiparis_charge.LN65.pc.snd.wav,,loaded,bus_fx,grp_foley,snp_foley,,30,0,86,89,0,5000,5000,allon,default,allon,default,8,8,priority,oldest,-88,84,70,70,0.25,1,2d,default,nonlooping,volume,1,0,0,0,0,0.25,no,yes,none,0,,no,,,yes,no,no,0,0,yes,no,,0,,no,no,no
fly_evoskorpion_futz,raw\sound\wpn\smg\spectre\reload\fly_spectre_futz.LN65.pc.snd.wav,,loaded,bus_fx,grp_foley,snp_foley,,30,0,86,89,0,5000,5000,allon,default,allon,default,8,8,priority,oldest,-88,84,70,70,0.25,1,2d,default,nonlooping,volume,1,0,0,0,0,0.25,no,yes,none,0,,no,,,yes,no,no,0,0,yes,no,,0,,no,no,no
fly_evoskorpion_mag_in,raw\sound\wpn\smg\kiparis\reload\fly_kiparis_mag_in.LN65.pc.snd.wav,,loaded,bus_fx,grp_foley,snp_foley,,30,0,86,89,0,5000,5000,allon,default,allon,default,8,8,priority,oldest,-88,84,70,70,0.25,1,2d,default,nonlooping,volume,1,0,0,0,0,0.25,no,yes,none,0,,no,,,yes,no,no,0,0,yes,no,,0,,no,no,no
fly_evoskorpion_mag_out,raw\sound\wpn\smg\kiparis\reload\fly_kiparis_mag_out.LN65.pc.snd.wav,,loaded,bus_fx,grp_foley,snp_foley,,30,0,86,89,0,5000,5000,allon,default,allon,default,8,8,priority,oldest,-88,84,70,70,0.25,1,2d,default,nonlooping,volume,1,0,0,0,0,0.25,no,yes,none,0,,no,,,yes,no,no,0,0,yes,no,,0,,no,no,no
fly_evoskorpion_tap,raw\sound\wpn\assault\m14\reload\fly_m14_tap.LN65.pc.snd.wav,,loaded,bus_fx,grp_foley,snp_foley,,30,0,86,89,0,5000,5000,allon,default,allon,default,8,8,priority,oldest,-88,84,70,70,0.25,1,2d,default,nonlooping,volume,1,0,0,0,0,0.25,no,yes,none,0,,no,,,yes,no,no,0,0,yes,no,,0,,no,no,no
wpn_evoskorpion_1straise_npc,raw\sound\fly\gear\rattle\fly_cloth_00.LN65.pc.snd.wav,,loaded,bus_fx,grp_foley,snp_foley,,30,0,75,75,75,500,500,allon,default,allon,default,4,8,priority,oldest,-90,90,15,30,0.25,1,3d,default,nonlooping,volume,1,0,25,250,75,0.25,no,yes,none,0,,no,,,yes,no,no,0,0,yes,no,,0,,no,no,no
wpn_evoskorpion_1straise_npc,raw\sound\fly\gear\rattle\fly_cloth_01.LN65.pc.snd.wav,,loaded,bus_fx,grp_foley,snp_foley,,30,0,75,75,75,500,500,allon,default,allon,default,4,8,priority,oldest,-90,90,15,30,0.25,1,3d,default,nonlooping,volume,1,0,25,250,75,0.25,no,yes,none,0,,no,,,yes,no,no,0,0,yes,no,,0,,no,no,no
wpn_evoskorpion_1straise_npc,raw\sound\fly\gear\rattle\fly_cloth_02.LN65.pc.snd.wav,,loaded,bus_fx,grp_foley,snp_foley,,30,0,75,75,75,500,500,allon,default,allon,default,4,8,priority,oldest,-90,90,15,30,0.25,1,3d,default,nonlooping,volume,1,0,25,250,75,0.25,no,yes,none,0,,no,,,yes,no,no,0,0,yes,no,,0,,no,no,no
wpn_evoskorpion_1straise_npc,raw\sound\fly\gear\rattle\fly_cloth_03.LN65.pc.snd.wav,,loaded,bus_fx,grp_foley,snp_foley,,30,0,75,75,75,500,500,allon,default,allon,default,4,8,priority,oldest,-90,90,15,30,0.25,1,3d,default,nonlooping,volume,1,0,25,250,75,0.25,no,yes,none,0,,no,,,yes,no,no,0,0,yes,no,,0,,no,no,no
wpn_evoskorpion_1straise_plr,raw\sound\fly\gear\rattle\fly_cloth_00.LN65.pc.snd.wav,,loaded,bus_fx,grp_foley,snp_foley,,30,0,86,89,0,5000,5000,allon,default,allon,default,8,8,priority,oldest,-88,84,70,70,0.25,1,2d,default,nonlooping,volume,1,0,0,0,0,0.25,no,yes,none,0,,no,,,yes,no,no,0,0,yes,no,,0,,no,no,no
wpn_evoskorpion_1straise_plr,raw\sound\fly\gear\rattle\fly_cloth_01.LN65.pc.snd.wav,,loaded,bus_fx,grp_foley,snp_foley,,30,0,86,89,0,5000,5000,allon,default,allon,default,8,8,priority,oldest,-88,84,70,70,0.25,1,2d,default,nonlooping,volume,1,0,0,0,0,0.25,no,yes,none,0,,no,,,yes,no,no,0,0,yes,no,,0,,no,no,no
wpn_evoskorpion_1straise_plr,raw\sound\fly\gear\rattle\fly_cloth_02.LN65.pc.snd.wav,,loaded,bus_fx,grp_foley,snp_foley,,30,0,86,89,0,5000,5000,allon,default,allon,default,8,8,priority,oldest,-88,84,70,70,0.25,1,2d,default,nonlooping,volume,1,0,0,0,0,0.25,no,yes,none,0,,no,,,yes,no,no,0,0,yes,no,,0,,no,no,no
wpn_evoskorpion_1straise_plr,raw\sound\fly\gear\rattle\fly_cloth_03.LN65.pc.snd.wav,,loaded,bus_fx,grp_foley,snp_foley,,30,0,86,89,0,5000,5000,allon,default,allon,default,8,8,priority,oldest,-88,84,70,70,0.25,1,2d,default,nonlooping,volume,1,0,0,0,0,0.25,no,yes,none,0,,no,,,yes,no,no,0,0,yes,no,,0,,no,no,no
wpn_evoskorpion_dryfire_npc,raw\sound\wpn\smg\dry_fire\plr\dry_fire_plr.LN65.pc.snd.wav,,loaded,bus_fx,grp_weapon,snp_wpn_3p,,55,0,87,87,900,900,900,cosdelay,alloff,cosdelay,default,8,3,priority,oldest,-150,150,20,90,0.25,0.8,3d,default,nonlooping,volume,1,0,0,0,0,0.25,no,no,none,0,,no,,,yes,no,no,0,0,yes,no,,0,,no,no,no
wpn_evoskorpion_dryfire_plr,raw\sound\wpn\smg\dry_fire\plr\dry_fire_plr.LN65.pc.snd.wav,,loaded,bus_fx,grp_weapon,snp_wpn_1p,,65,0,93,93,0,5000,5000,allon,default,allon,default,2,8,oldest,oldest,-80,80,90,90,0.25,1,2d,default,nonlooping,volume,1,0,0,0,0,0.25,no,no,none,0,,no,,,yes,no,no,0,0,yes,no,,0,,no,no,no
wpn_evoskorpion_fire_npc,raw\sound\wpn\smg\evoskorpion\plr\shot\wpn_evoskorpion_fire_plr.LN65.pc.snd.wav,wpn_evoskorpion_fire_npc_dist,loaded,bus_fx,grp_weapon,snp_wpn_3p,,55,0,87,87,900,900,900,cosdelay,alloff,cosdelay,default,8,3,priority,oldest,-50,50,20,90,0.25,0.8,3d,default,nonlooping,volume,1,0,0,0,0,0.25,no,no,none,0,,no,,,yes,no,no,0,0,yes,no,,0,,no,no,no
wpn_evoskorpion_fire_npc_decay,raw\sound\wpn\smg\decay\ext\wpn_smg_decay_ext.LN65.pc.snd.wav,,loaded,bus_fx,grp_weapon,snp_wpn_3p,,55,0,77,77,50,900,900,allon,default,rcurve1,default,3,1,priority,oldest,-100,100,20,70,0.15,1,3d,default,nonlooping,volume,1,0,0,0,0,0.25,no,no,none,0,,no,ringoff_plr,outdoor,yes,no,no,0,0,yes,no,,0,,no,no,no
wpn_evoskorpion_fire_npc_decay,raw\sound\wpn\smg\decay\int\wpn_smg_decay_int.LN65.pc.snd.wav,,loaded,bus_fx,grp_weapon,snp_wpn_3p,,55,0,72,72,50,900,900,allon,default,rcurve1,default,3,1,priority,oldest,-100,100,20,70,0.15,1,3d,default,nonlooping,volume,1,0,0,0,0,0.25,no,no,none,0,,no,ringoff_plr,indoor,yes,no,no,0,0,yes,no,,0,,no,no,no
wpn_evoskorpion_fire_npc_dist,raw\sound\wpn\dist_guns\smg\wpn_smg_dist_00.LN65.pc.snd.wav,wpn_evoskorpion_LFE_npc,loaded,bus_fx,grp_weapon,snp_wpn_3p,,80,0,81,81,900,6000,12500,sindelay,default,sindelay,allon,8,3,priority,oldest,-300,300,90,40,0.25,1,3d,default,nonlooping,,1,0,0,0,0,0.25,no,no,none,0,,no,,,yes,no,no,0,0,yes,no,,0,,no,no,no
wpn_evoskorpion_fire_npc_dist,raw\sound\wpn\dist_guns\smg\wpn_smg_dist_01.LN65.pc.snd.wav,wpn_evoskorpion_LFE_npc,loaded,bus_fx,grp_weapon,snp_wpn_3p,,80,0,81,81,900,6000,12500,sindelay,default,sindelay,allon,8,3,priority,oldest,-300,300,90,40,0.25,1,3d,default,nonlooping,,1,0,0,0,0,0.25,no,no,none,0,,no,,,yes,no,no,0,0,yes,no,,0,,no,no,no
wpn_evoskorpion_fire_npc_dist,raw\sound\wpn\dist_guns\smg\wpn_smg_dist_02.LN65.pc.snd.wav,wpn_evoskorpion_LFE_npc,loaded,bus_fx,grp_weapon,snp_wpn_3p,,80,0,81,81,900,6000,12500,sindelay,default,sindelay,allon,8,3,priority,oldest,-300,300,90,40,0.25,1,3d,default,nonlooping,,1,0,0,0,0,0.25,no,no,none,0,,no,,,yes,no,no,0,0,yes,no,,0,,no,no,no
wpn_evoskorpion_fire_npc_pap,raw\sound\wpn\pap\pap_shot_st.LN65.pc.snd.wav,wpn_evoskorpion_flux_l_npc_pap,loaded,bus_fx,grp_weapon,snp_wpn_3p,,80,0,82,82,75,1250,1250,allon,default,allon,default,10,3,priority,oldest,-100,100,50,90,0.35,1,3d,default,nonlooping,volume pitch,1,0,0,0,0,0.25,no,no,none,0,,no,,,yes,no,no,0,0,yes,no,,0,,no,no,no
wpn_evoskorpion_fire_plr,raw\sound\wpn\smg\evoskorpion\plr\shot\wpn_evoskorpion_fire_plr.LN65.pc.snd.wav,wpn_evoskorpion_LFE,loaded,bus_fx,grp_weapon,snp_wpn_1p,,65,0,93,93,0,5000,5000,allon,default,allon,default,2,8,oldest,oldest,-50,50,90,90,0.25,1,2d,default,nonlooping,volume,1,0,0,0,0,0.25,no,no,none,0,,no,,,yes,no,no,0,0,yes,no,,0,,no,no,no
wpn_evoskorpion_fire_plr_decay,raw\sound\wpn\smg\decay\ext\wpn_smg_decay_ext.LN65.pc.snd.wav,,loaded,bus_fx,grp_weapon,snp_wpn_1p,,60,0,80,80,0,5000,5000,allon,default,allon,default,3,8,oldest,oldest,-50,50,90,90,0.25,1,2d,default,nonlooping,volume,1,0,0,0,0,0.25,no,no,none,0,,no,ringoff_plr,outdoor,yes,no,no,0,0,yes,no,,0,,no,no,no
wpn_evoskorpion_fire_plr_decay,raw\sound\wpn\smg\decay\int\wpn_smg_decay_int.LN65.pc.snd.wav,,loaded,bus_fx,grp_weapon,snp_wpn_1p,,60,0,80,80,0,5000,5000,allon,default,allon,default,3,8,oldest,oldest,-50,50,90,90,0.25,1,2d,default,nonlooping,volume,1,0,0,0,0,0.25,no,no,none,0,,no,ringoff_plr,indoor,yes,no,no,0,0,yes,no,,0,,no,no,no
wpn_evoskorpion_fire_plr_lh,raw\sound\wpn\smg\evoskorpion\plr\shot\wpn_evoskorpion_fire_plr.LN65.pc.snd.wav,wpn_evoskorpion_LFE,loaded,bus_fx,grp_weapon,snp_wpn_1p,,65,0,93,93,0,5000,5000,allon,default,allon,default,2,8,oldest,oldest,-80,80,90,90,0.25,1,2d,default,nonlooping,volume,1,0,0,0,0,0.25,no,no,none,0,,no,,,yes,no,no,0,0,yes,no,,0,,no,no,no
wpn_evoskorpion_fire_plr_pap,raw\sound\wpn\pap\pap_shot_st.LN65.pc.snd.wav,wpn_evoskorpion_flux_l_plr_pap,loaded,bus_hdrfx,grp_weapon,snp_wpn_1p,,70,0,87,87,0,5000,5000,allon,default,allon,default,1,8,oldest,oldest,0,0,90,90,0.25,1,2d,default,nonlooping,volume,1,0,0,0,0,0.25,no,no,none,0,,no,,,yes,no,no,0,0,yes,no,,0,,no,no,no
wpn_evoskorpion_fire_plr_rh,raw\sound\wpn\smg\evoskorpion\plr\shot\wpn_evoskorpion_fire_plr.LN65.pc.snd.wav,wpn_evoskorpion_LFE,loaded,bus_fx,grp_weapon,snp_wpn_1p,,65,0,93,93,0,5000,5000,allon,default,allon,default,2,8,oldest,oldest,-80,80,90,90,0.25,1,2d,default,nonlooping,volume,1,0,0,0,0,0.25,no,no,none,0,,no,,,yes,no,no,0,0,yes,no,,0,,no,no,no
wpn_evoskorpion_flux_l_npc_pap,raw\sound\wpn\pap\pap_flux_left.LN65.pc.snd.wav,wpn_evoskorpion_flux_r_npc_pap,loaded,bus_fx,grp_weapon,snp_wpn_3p,,84,0,75,75,25,900,900,allon,default,allon,default,8,4,priority,priority,-34,34,85,90,0.25,1,3d,default,nonlooping,volume pitch,1,0,0,0,0,0.25,no,no,left_shot,4000,,no,,,yes,no,no,0,0,yes,no,,0,,no,no,no
wpn_evoskorpion_flux_l_plr_pap,raw\sound\wpn\pap\pap_flux_left.LN65.pc.snd.wav,wpn_evoskorpion_flux_r_plr_pap,loaded,bus_fx,grp_weapon,snp_wpn_3p,,84,0,75,75,25,900,900,allon,default,allon,default,8,4,priority,priority,-34,34,85,90,0.25,1,3d,default,nonlooping,volume pitch,1,0,0,0,0,0.25,no,no,left_shot,4000,,no,,,yes,no,no,0,0,yes,no,,0,,no,no,no
wpn_evoskorpion_flux_r_npc_pap,raw\sound\wpn\pap\pap_flux_right.LN65.pc.snd.wav,wpn_evoskorpion_fire_npc,loaded,bus_fx,grp_weapon,snp_wpn_3p,,84,0,75,75,25,900,900,allon,default,allon,default,8,4,priority,priority,-34,34,85,90,0.25,1,3d,default,nonlooping,volume pitch,1,0,0,0,0,0.25,no,no,right_shot,4000,,no,,,yes,no,no,0,0,yes,no,,0,,no,no,no
wpn_evoskorpion_flux_r_plr_pap,raw\sound\wpn\pap\pap_flux_right.LN65.pc.snd.wav,wpn_evoskorpion_fire_plr,loaded,bus_fx,grp_weapon,snp_wpn_3p,,84,0,75,75,25,900,900,allon,default,allon,default,8,4,priority,priority,-34,34,85,90,0.25,1,3d,default,nonlooping,volume pitch,1,0,0,0,0,0.25,no,no,right_shot,4000,,no,,,yes,no,no,0,0,yes,no,,0,,no,no,no
wpn_evoskorpion_LFE,raw\sound\wpn\smg\mp7\plr\lfe\wpn_mp7_fire_lfe.LN65.pc.snd.wav,wpn_evoskorpion_fire_plr_decay,loaded,bus_hdrfx,grp_wpn_lfe,snp_wpn_1p,,0,0,86,86,0,5000,5000,allon,default,allon,default,8,2,priority,oldest,0,0,85,90,0.25,1,2d,default,nonlooping,volume,1,0,0,0,0,0.25,no,no,none,0,,no,,,no,no,no,0,0,yes,no,,0,,no,no,no
wpn_evoskorpion_LFE_npc,raw\sound\wpn\smg\mp7\plr\lfe\wpn_mp7_fire_lfe.LN65.pc.snd.wav,wpn_evoskorpion_fire_npc_decay,loaded,bus_hdrfx,grp_wpn_lfe,snp_wpn_3p,,0,0,81,81,25,225,225,allon,default,allon,default,3,1,priority,oldest,0,0,40,90,0.25,0.75,3d,default,nonlooping,volume,1,0,0,0,0,0.25,no,no,none,0,,no,,,no,no,no,0,0,yes,no,,0,,no,no,no
wpn_evoskorpion_pickup_npc,raw\sound\fly\pickups\weapon\fly_weapon_pickup_00.LN65.pc.snd.wav,,loaded,bus_fx,grp_foley,snp_foley,,30,0,75,75,75,500,500,allon,default,allon,default,2,1,priority,reject,-50,50,15,30,0.25,1,3d,default,nonlooping,volume,1,0,25,250,75,0.25,no,yes,none,0,,no,,,yes,no,no,0,0,yes,no,,0,,no,no,no
wpn_evoskorpion_pickup_npc,raw\sound\fly\pickups\weapon\fly_weapon_pickup_01.LN65.pc.snd.wav,,loaded,bus_fx,grp_foley,snp_foley,,30,0,75,75,75,500,500,allon,default,allon,default,2,1,priority,reject,-50,50,15,30,0.25,1,3d,default,nonlooping,volume,1,0,25,250,75,0.25,no,yes,none,0,,no,,,yes,no,no,0,0,yes,no,,0,,no,no,no
wpn_evoskorpion_pickup_plr,raw\sound\fly\pickups\weapon\fly_weapon_pickup_00.LN65.pc.snd.wav,,loaded,bus_fx,grp_foley,snp_foley,,30,0,75,75,0,5000,5000,allon,default,allon,default,1,8,reject,oldest,-88,84,70,70,0.25,1,2d,default,nonlooping,volume,1,0,0,0,0,0.25,no,yes,none,0,,no,,,yes,no,no,0,0,yes,no,,0,,no,no,no
wpn_evoskorpion_pickup_plr,raw\sound\fly\pickups\weapon\fly_weapon_pickup_01.LN65.pc.snd.wav,,loaded,bus_fx,grp_foley,snp_foley,,30,0,75,75,0,5000,5000,allon,default,allon,default,1,8,reject,oldest,-88,84,70,70,0.25,1,2d,default,nonlooping,volume,1,0,0,0,0,0.25,no,yes,none,0,,no,,,yes,no,no,0,0,yes,no,,0,,no,no,no
wpn_evoskorpion_raise_npc,raw\sound\fly\gear\rattle\fly_cloth_00.LN65.pc.snd.wav,,loaded,bus_fx,grp_foley,snp_foley,,30,0,75,75,75,500,500,allon,default,allon,default,4,8,priority,oldest,-90,90,15,30,0.25,1,3d,default,nonlooping,volume,1,0,25,250,75,0.25,no,yes,none,0,,no,,,yes,no,no,0,0,yes,no,,0,,no,no,no
wpn_evoskorpion_raise_npc,raw\sound\fly\gear\rattle\fly_cloth_01.LN65.pc.snd.wav,,loaded,bus_fx,grp_foley,snp_foley,,30,0,75,75,75,500,500,allon,default,allon,default,4,8,priority,oldest,-90,90,15,30,0.25,1,3d,default,nonlooping,volume,1,0,25,250,75,0.25,no,yes,none,0,,no,,,yes,no,no,0,0,yes,no,,0,,no,no,no
wpn_evoskorpion_raise_npc,raw\sound\fly\gear\rattle\fly_cloth_02.LN65.pc.snd.wav,,loaded,bus_fx,grp_foley,snp_foley,,30,0,75,75,75,500,500,allon,default,allon,default,4,8,priority,oldest,-90,90,15,30,0.25,1,3d,default,nonlooping,volume,1,0,25,250,75,0.25,no,yes,none,0,,no,,,yes,no,no,0,0,yes,no,,0,,no,no,no
wpn_evoskorpion_raise_npc,raw\sound\fly\gear\rattle\fly_cloth_03.LN65.pc.snd.wav,,loaded,bus_fx,grp_foley,snp_foley,,30,0,75,75,75,500,500,allon,default,allon,default,4,8,priority,oldest,-90,90,15,30,0.25,1,3d,default,nonlooping,volume,1,0,25,250,75,0.25,no,yes,none,0,,no,,,yes,no,no,0,0,yes,no,,0,,no,no,no
wpn_evoskorpion_raise_plr,raw\sound\fly\gear\rattle\fly_cloth_00.LN65.pc.snd.wav,,loaded,bus_fx,grp_foley,snp_foley,,30,0,86,89,0,5000,5000,allon,default,allon,default,8,8,priority,oldest,-88,84,70,70,0.25,1,2d,default,nonlooping,volume,1,0,0,0,0,0.25,no,yes,none,0,,no,,,yes,no,no,0,0,yes,no,,0,,no,no,no
wpn_evoskorpion_raise_plr,raw\sound\fly\gear\rattle\fly_cloth_01.LN65.pc.snd.wav,,loaded,bus_fx,grp_foley,snp_foley,,30,0,86,89,0,5000,5000,allon,default,allon,default,8,8,priority,oldest,-88,84,70,70,0.25,1,2d,default,nonlooping,volume,1,0,0,0,0,0.25,no,yes,none,0,,no,,,yes,no,no,0,0,yes,no,,0,,no,no,no
wpn_evoskorpion_raise_plr,raw\sound\fly\gear\rattle\fly_cloth_02.LN65.pc.snd.wav,,loaded,bus_fx,grp_foley,snp_foley,,30,0,86,89,0,5000,5000,allon,default,allon,default,8,8,priority,oldest,-88,84,70,70,0.25,1,2d,default,nonlooping,volume,1,0,0,0,0,0.25,no,yes,none,0,,no,,,yes,no,no,0,0,yes,no,,0,,no,no,no
wpn_evoskorpion_raise_plr,raw\sound\fly\gear\rattle\fly_cloth_03.LN65.pc.snd.wav,,loaded,bus_fx,grp_foley,snp_foley,,30,0,86,89,0,5000,5000,allon,default,allon,default,8,8,priority,oldest,-88,84,70,70,0.25,1,2d,default,nonlooping,volume,1,0,0,0,0,0.25,no,yes,none,0,,no,,,yes,no,no,0,0,yes,no,,0,,no,no,no
wpn_evoskorpion_silencer_fire_npc,raw\sound\wpn\smg\msmc\plr\shot\silenced\wpn_msmc_sil_shot_plr.LN65.pc.snd.wav,wpn_evoskorpion_silencer_LFE_npc,loaded,bus_fx,grp_weapon,snp_wpn_3p,,0,0,85,85,700,700,700,cosdelay,alloff,cosdelay,default,8,3,priority,oldest,-50,50,20,90,0.25,0.8,3d,default,nonlooping,volume,1,0,0,0,0,0.25,no,no,none,0,,no,,,yes,no,no,0,0,yes,no,,0,,no,no,no
wpn_evoskorpion_silencer_fire_npc_decay,raw\sound\wpn\pistol\decay\ext\silenced\wpn_pistol_decay_silenced_ext.LN65.pc.snd.wav,,loaded,bus_fx,grp_weapon,snp_wpn_3p,,55,0,75,75,50,900,900,allon,default,rcurve1,default,10,1,reject,oldest,-100,100,20,70,0.15,1,3d,default,nonlooping,volume,1,0,0,0,0,0.25,no,no,none,0,,no,ringoff_plr,outdoor,yes,no,no,0,0,yes,no,,0,,no,no,no
wpn_evoskorpion_silencer_fire_npc_decay,raw\sound\wpn\pistol\decay\int\silenced\wpn_pistol_decay_silenced_int.LN65.pc.snd.wav,,loaded,bus_fx,grp_weapon,snp_wpn_3p,,55,0,75,75,50,900,900,allon,default,rcurve1,default,10,1,reject,oldest,-100,100,20,70,0.15,1,3d,default,nonlooping,volume,1,0,0,0,0,0.25,no,no,none,0,,no,ringoff_plr,indoor,yes,no,no,0,0,yes,no,,0,,no,no,no
wpn_evoskorpion_silencer_fire_plr,raw\sound\wpn\smg\msmc\plr\shot\silenced\wpn_msmc_sil_shot_plr.LN65.pc.snd.wav,wpn_evoskorpion_silencer_LFE,loaded,bus_fx,grp_weapon,snp_wpn_1p,,0,0,93,93,0,5000,5000,allon,default,allon,default,2,8,oldest,oldest,-80,80,90,90,0.25,1,2d,default,nonlooping,volume,1,0,0,0,0,0.25,no,no,none,0,,no,,,yes,no,no,0,0,yes,no,,0,,no,no,no
wpn_evoskorpion_silencer_fire_plr_decay,raw\sound\wpn\pistol\decay\ext\silenced\wpn_pistol_decay_silenced_ext.LN65.pc.snd.wav,,loaded,bus_fx,grp_weapon,snp_wpn_1p,,75,0,80,80,0,5000,5000,allon,default,allon,default,3,8,oldest,oldest,-50,50,90,90,0.25,1,2d,default,nonlooping,volume,1,0,0,0,0,0.25,no,no,none,0,,no,ringoff_plr,outdoor,yes,no,no,0,0,yes,no,,0,,no,no,no
wpn_evoskorpion_silencer_fire_plr_decay,raw\sound\wpn\pistol\decay\int\silenced\wpn_pistol_decay_silenced_int.LN65.pc.snd.wav,,loaded,bus_fx,grp_weapon,snp_wpn_1p,,75,0,83,83,0,5000,5000,allon,default,allon,default,3,8,oldest,oldest,-50,50,90,90,0.25,1,2d,default,nonlooping,volume,1,0,0,0,0,0.25,no,no,none,0,,no,ringoff_plr,indoor,yes,no,no,0,0,yes,no,,0,,no,no,no
wpn_evoskorpion_silencer_LFE,raw\sound\wpn\smg\mp7\plr\lfe\wpn_mp7_fire_lfe.LN65.pc.snd.wav,wpn_evoskorpion_silencer_fire_plr_decay,loaded,bus_hdrfx,grp_wpn_lfe,snp_wpn_1p,,0,0,86,86,0,5000,5000,allon,default,allon,default,1,2,priority,oldest,0,0,85,90,0.25,1,2d,default,nonlooping,volume,1,0,0,0,0,0.25,no,no,none,0,,no,,,no,no,no,0,0,yes,no,,0,,no,no,no
wpn_evoskorpion_silencer_LFE_npc,raw\sound\wpn\smg\mp7\plr\lfe\wpn_mp7_fire_lfe.LN65.pc.snd.wav,wpn_evoskorpion_silencer_fire_npc_decay,loaded,bus_hdrfx,grp_wpn_lfe,snp_wpn_3p,,0,0,81,81,25,225,225,allon,default,allon,default,3,1,priority,oldest,0,0,40,90,0.25,0.75,3d,default,nonlooping,volume,1,0,0,0,0,0.25,no,no,none,0,,no,,,no,no,no,0,0,yes,no,,0,,no,no,no
fly_uzi_charge,raw\sound\wpn\smg\uzi\reload\fly_uzi_charge.LN65.pc.snd.wav,,loaded,bus_fx,grp_foley,snp_foley,,30,0,86,89,0,5000,5000,allon,default,allon,default,8,8,priority,oldest,-88,84,70,70,0.25,1,2d,default,nonlooping,volume,1,0,0,0,0,0.25,no,yes,none,0,,no,,,yes,no,no,0,0,yes,no,,0,,no,no,no
fly_uzi_futz,raw\sound\wpn\smg\uzi\reload\fly_uzi_futz.LN65.pc.snd.wav,,loaded,bus_fx,grp_foley,snp_foley,,30,0,86,89,0,5000,5000,allon,default,allon,default,8,8,priority,oldest,-88,84,70,70,0.25,1,2d,default,nonlooping,volume,1,0,0,0,0,0.25,no,yes,none,0,,no,,,yes,no,no,0,0,yes,no,,0,,no,no,no
fly_uzi_mag_in,raw\sound\wpn\smg\uzi\reload\fly_uzi_mag_in.LN65.pc.snd.wav,,loaded,bus_fx,grp_foley,snp_foley,,30,0,86,89,0,5000,5000,allon,default,allon,default,8,8,priority,oldest,-88,84,70,70,0.25,1,2d,default,nonlooping,volume,1,0,0,0,0,0.25,no,yes,none,0,,no,,,yes,no,no,0,0,yes,no,,0,,no,no,no
fly_uzi_mag_out,raw\sound\wpn\smg\uzi\reload\fly_uzi_mag_out.LN65.pc.snd.wav,,loaded,bus_fx,grp_foley,snp_foley,,30,0,86,89,0,5000,5000,allon,default,allon,default,8,8,priority,oldest,-88,84,70,70,0.25,1,2d,default,nonlooping,volume,1,0,0,0,0,0.25,no,yes,none,0,,no,,,yes,no,no,0,0,yes,no,,0,,no,no,no
fly_uzi_pull_charge,raw\sound\wpn\smg\uzi\reload\fly_uzi_pull_charge.LN65.pc.snd.wav,,loaded,bus_fx,grp_foley,snp_foley,,30,0,86,89,0,5000,5000,allon,default,allon,default,8,8,priority,oldest,-88,84,70,70,0.25,1,2d,default,nonlooping,volume,1,0,0,0,0,0.25,no,yes,none,0,,no,,,yes,no,no,0,0,yes,no,,0,,no,no,no
fly_uzi_stock,raw\sound\wpn\smg\mac11\reload\fly_mac11_stock.LN65.pc.snd.wav,,loaded,bus_fx,grp_foley,snp_foley,,30,0,86,89,0,5000,5000,allon,default,allon,default,8,8,priority,oldest,-88,84,70,70,0.25,1,2d,default,nonlooping,volume,1,0,0,0,0,0.25,no,yes,none,0,,no,,,yes,no,no,0,0,yes,no,,0,,no,no,no
wpn_uzi_1straise_npc,raw\sound\fly\gear\rattle\fly_cloth_00.LN65.pc.snd.wav,,loaded,bus_fx,grp_foley,snp_foley,,30,0,75,75,75,500,500,allon,default,allon,default,4,8,priority,oldest,-90,90,15,30,0.25,1,3d,default,nonlooping,volume,1,0,25,250,75,0.25,no,yes,none,0,,no,,,yes,no,no,0,0,yes,no,,0,,no,no,no
wpn_uzi_1straise_npc,raw\sound\fly\gear\rattle\fly_cloth_01.LN65.pc.snd.wav,,loaded,bus_fx,grp_foley,snp_foley,,30,0,75,75,75,500,500,allon,default,allon,default,4,8,priority,oldest,-90,90,15,30,0.25,1,3d,default,nonlooping,volume,1,0,25,250,75,0.25,no,yes,none,0,,no,,,yes,no,no,0,0,yes,no,,0,,no,no,no
wpn_uzi_1straise_npc,raw\sound\fly\gear\rattle\fly_cloth_02.LN65.pc.snd.wav,,loaded,bus_fx,grp_foley,snp_foley,,30,0,75,75,75,500,500,allon,default,allon,default,4,8,priority,oldest,-90,90,15,30,0.25,1,3d,default,nonlooping,volume,1,0,25,250,75,0.25,no,yes,none,0,,no,,,yes,no,no,0,0,yes,no,,0,,no,no,no
wpn_uzi_1straise_npc,raw\sound\fly\gear\rattle\fly_cloth_03.LN65.pc.snd.wav,,loaded,bus_fx,grp_foley,snp_foley,,30,0,75,75,75,500,500,allon,default,allon,default,4,8,priority,oldest,-90,90,15,30,0.25,1,3d,default,nonlooping,volume,1,0,25,250,75,0.25,no,yes,none,0,,no,,,yes,no,no,0,0,yes,no,,0,,no,no,no
wpn_uzi_1straise_plr,raw\sound\fly\gear\rattle\fly_cloth_00.LN65.pc.snd.wav,,loaded,bus_fx,grp_foley,snp_foley,,30,0,86,89,0,5000,5000,allon,default,allon,default,8,8,priority,oldest,-88,84,70,70,0.25,1,2d,default,nonlooping,volume,1,0,0,0,0,0.25,no,yes,none,0,,no,,,yes,no,no,0,0,yes,no,,0,,no,no,no
wpn_uzi_1straise_plr,raw\sound\fly\gear\rattle\fly_cloth_01.LN65.pc.snd.wav,,loaded,bus_fx,grp_foley,snp_foley,,30,0,86,89,0,5000,5000,allon,default,allon,default,8,8,priority,oldest,-88,84,70,70,0.25,1,2d,default,nonlooping,volume,1,0,0,0,0,0.25,no,yes,none,0,,no,,,yes,no,no,0,0,yes,no,,0,,no,no,no
wpn_uzi_1straise_plr,raw\sound\fly\gear\rattle\fly_cloth_02.LN65.pc.snd.wav,,loaded,bus_fx,grp_foley,snp_foley,,30,0,86,89,0,5000,5000,allon,default,allon,default,8,8,priority,oldest,-88,84,70,70,0.25,1,2d,default,nonlooping,volume,1,0,0,0,0,0.25,no,yes,none,0,,no,,,yes,no,no,0,0,yes,no,,0,,no,no,no
wpn_uzi_1straise_plr,raw\sound\fly\gear\rattle\fly_cloth_03.LN65.pc.snd.wav,,loaded,bus_fx,grp_foley,snp_foley,,30,0,86,89,0,5000,5000,allon,default,allon,default,8,8,priority,oldest,-88,84,70,70,0.25,1,2d,default,nonlooping,volume,1,0,0,0,0,0.25,no,yes,none,0,,no,,,yes,no,no,0,0,yes,no,,0,,no,no,no
wpn_uzi_dryfire_npc,raw\sound\wpn\smg\dry_fire\plr\dry_fire_plr.LN65.pc.snd.wav,,loaded,bus_fx,grp_weapon,snp_wpn_3p,,55,0,87,87,900,900,900,cosdelay,alloff,cosdelay,default,8,3,priority,oldest,-150,150,20,90,0.25,0.8,3d,default,nonlooping,volume,1,0,0,0,0,0.25,no,no,none,0,,no,,,yes,no,no,0,0,yes,no,,0,,no,no,no
wpn_uzi_dryfire_plr,raw\sound\wpn\smg\dry_fire\plr\dry_fire_plr.LN65.pc.snd.wav,,loaded,bus_fx,grp_weapon,snp_wpn_1p,,65,0,93,93,0,5000,5000,allon,default,allon,default,2,8,oldest,oldest,-80,80,90,90,0.25,1,2d,default,nonlooping,volume,1,0,0,0,0,0.25,no,no,none,0,,no,,,yes,no,no,0,0,yes,no,,0,,no,no,no
wpn_uzi_fire_npc,raw\sound\wpn\smg\evoskorpion\plr\shot\wpn_evoskorpion_fire_plr.LN65.pc.snd.wav,wpn_uzi_fire_npc_dist,loaded,bus_fx,grp_weapon,snp_wpn_3p,,55,0,87,87,900,900,900,cosdelay,alloff,cosdelay,default,8,3,priority,oldest,-50,50,20,90,0.25,0.8,3d,default,nonlooping,volume,1,0,0,0,0,0.25,no,no,none,0,,no,,,yes,no,no,0,0,yes,no,,0,,no,no,no
wpn_uzi_fire_npc_decay,raw\sound\wpn\smg\decay\ext\wpn_smg_decay_ext.LN65.pc.snd.wav,,loaded,bus_fx,grp_weapon,snp_wpn_3p,,55,0,77,77,50,900,900,allon,default,rcurve1,default,3,1,priority,oldest,-100,100,20,70,0.15,1,3d,default,nonlooping,volume,1,0,0,0,0,0.25,no,no,none,0,,no,ringoff_plr,outdoor,yes,no,no,0,0,yes,no,,0,,no,no,no
wpn_uzi_fire_npc_decay,raw\sound\wpn\smg\decay\int\wpn_smg_decay_int.LN65.pc.snd.wav,,loaded,bus_fx,grp_weapon,snp_wpn_3p,,55,0,72,72,50,900,900,allon,default,rcurve1,default,3,1,priority,oldest,-100,100,20,70,0.15,1,3d,default,nonlooping,volume,1,0,0,0,0,0.25,no,no,none,0,,no,ringoff_plr,indoor,yes,no,no,0,0,yes,no,,0,,no,no,no
wpn_uzi_fire_npc_dist,raw\sound\wpn\dist_guns\smg\wpn_smg_dist_00.LN65.pc.snd.wav,wpn_uzi_LFE_npc,loaded,bus_fx,grp_weapon,snp_wpn_3p,,80,0,81,81,900,6000,12500,sindelay,default,sindelay,allon,8,3,priority,oldest,-300,300,90,40,0.25,1,3d,default,nonlooping,,1,0,0,0,0,0.25,no,no,none,0,,no,,,yes,no,no,0,0,yes,no,,0,,no,no,no
wpn_uzi_fire_npc_dist,raw\sound\wpn\dist_guns\smg\wpn_smg_dist_01.LN65.pc.snd.wav,wpn_uzi_LFE_npc,loaded,bus_fx,grp_weapon,snp_wpn_3p,,80,0,81,81,900,6000,12500,sindelay,default,sindelay,allon,8,3,priority,oldest,-300,300,90,40,0.25,1,3d,default,nonlooping,,1,0,0,0,0,0.25,no,no,none,0,,no,,,yes,no,no,0,0,yes,no,,0,,no,no,no
wpn_uzi_fire_npc_dist,raw\sound\wpn\dist_guns\smg\wpn_smg_dist_02.LN65.pc.snd.wav,wpn_uzi_LFE_npc,loaded,bus_fx,grp_weapon,snp_wpn_3p,,80,0,81,81,900,6000,12500,sindelay,default,sindelay,allon,8,3,priority,oldest,-300,300,90,40,0.25,1,3d,default,nonlooping,,1,0,0,0,0,0.25,no,no,none,0,,no,,,yes,no,no,0,0,yes,no,,0,,no,no,no
wpn_uzi_fire_npc_pap,raw\sound\wpn\pap\pap_shot_st.LN65.pc.snd.wav,wpn_uzi_flux_l_npc_pap,loaded,bus_fx,grp_weapon,snp_wpn_3p,,80,0,82,82,75,1250,1250,allon,default,allon,default,10,3,priority,oldest,-100,100,50,90,0.35,1,3d,default,nonlooping,volume pitch,1,0,0,0,0,0.25,no,no,none,0,,no,,,yes,no,no,0,0,yes,no,,0,,no,no,no
wpn_uzi_fire_plr,raw\sound\wpn\smg\evoskorpion\plr\shot\wpn_evoskorpion_fire_plr.LN65.pc.snd.wav,wpn_uzi_LFE,loaded,bus_fx,grp_weapon,snp_wpn_1p,,65,0,93,93,0,5000,5000,allon,default,allon,default,2,8,oldest,oldest,-50,50,90,90,0.25,1,2d,default,nonlooping,volume,1,0,0,0,0,0.25,no,no,none,0,,no,,,yes,no,no,0,0,yes,no,,0,,no,no,no
wpn_uzi_fire_plr_decay,raw\sound\wpn\smg\decay\ext\wpn_smg_decay_ext.LN65.pc.snd.wav,,loaded,bus_fx,grp_weapon,snp_wpn_1p,,60,0,80,80,0,5000,5000,allon,default,allon,default,3,8,oldest,oldest,-50,50,90,90,0.25,1,2d,default,nonlooping,volume,1,0,0,0,0,0.25,no,no,none,0,,no,ringoff_plr,outdoor,yes,no,no,0,0,yes,no,,0,,no,no,no
wpn_uzi_fire_plr_decay,raw\sound\wpn\smg\decay\int\wpn_smg_decay_int.LN65.pc.snd.wav,,loaded,bus_fx,grp_weapon,snp_wpn_1p,,60,0,80,80,0,5000,5000,allon,default,allon,default,3,8,oldest,oldest,-50,50,90,90,0.25,1,2d,default,nonlooping,volume,1,0,0,0,0,0.25,no,no,none,0,,no,ringoff_plr,indoor,yes,no,no,0,0,yes,no,,0,,no,no,no
wpn_uzi_fire_plr_lh,raw\sound\wpn\smg\evoskorpion\plr\shot\wpn_evoskorpion_fire_plr.LN65.pc.snd.wav,wpn_uzi_LFE,loaded,bus_fx,grp_weapon,snp_wpn_1p,,65,0,93,93,0,5000,5000,allon,default,allon,default,2,8,oldest,oldest,-80,80,90,90,0.25,1,2d,default,nonlooping,volume,1,0,0,0,0,0.25,no,no,none,0,,no,,,yes,no,no,0,0,yes,no,,0,,no,no,no
wpn_uzi_fire_plr_pap,raw\sound\wpn\pap\pap_shot_st.LN65.pc.snd.wav,wpn_uzi_flux_l_plr_pap,loaded,bus_hdrfx,grp_weapon,snp_wpn_1p,,70,0,87,87,0,5000,5000,allon,default,allon,default,1,8,oldest,oldest,0,0,90,90,0.25,1,2d,default,nonlooping,volume,1,0,0,0,0,0.25,no,no,none,0,,no,,,yes,no,no,0,0,yes,no,,0,,no,no,no
wpn_uzi_fire_plr_rh,raw\sound\wpn\smg\evoskorpion\plr\shot\wpn_evoskorpion_fire_plr.LN65.pc.snd.wav,wpn_uzi_LFE,loaded,bus_fx,grp_weapon,snp_wpn_1p,,65,0,93,93,0,5000,5000,allon,default,allon,default,2,8,oldest,oldest,-80,80,90,90,0.25,1,2d,default,nonlooping,volume,1,0,0,0,0,0.25,no,no,none,0,,no,,,yes,no,no,0,0,yes,no,,0,,no,no,no
wpn_uzi_flux_l_npc_pap,raw\sound\wpn\pap\pap_flux_left.LN65.pc.snd.wav,wpn_uzi_flux_r_npc_pap,loaded,bus_fx,grp_weapon,snp_wpn_3p,,84,0,75,75,25,900,900,allon,default,allon,default,8,4,priority,priority,-34,34,85,90,0.25,1,3d,default,nonlooping,volume pitch,1,0,0,0,0,0.25,no,no,left_shot,4000,,no,,,yes,no,no,0,0,yes,no,,0,,no,no,no
wpn_uzi_flux_l_plr_pap,raw\sound\wpn\pap\pap_flux_left.LN65.pc.snd.wav,wpn_uzi_flux_r_plr_pap,loaded,bus_fx,grp_weapon,snp_wpn_3p,,84,0,75,75,25,900,900,allon,default,allon,default,8,4,priority,priority,-34,34,85,90,0.25,1,3d,default,nonlooping,volume pitch,1,0,0,0,0,0.25,no,no,left_shot,4000,,no,,,yes,no,no,0,0,yes,no,,0,,no,no,no
wpn_uzi_flux_r_npc_pap,raw\sound\wpn\pap\pap_flux_right.LN65.pc.snd.wav,wpn_uzi_fire_npc,loaded,bus_fx,grp_weapon,snp_wpn_3p,,84,0,75,75,25,900,900,allon,default,allon,default,8,4,priority,priority,-34,34,85,90,0.25,1,3d,default,nonlooping,volume pitch,1,0,0,0,0,0.25,no,no,right_shot,4000,,no,,,yes,no,no,0,0,yes,no,,0,,no,no,no
wpn_uzi_flux_r_plr_pap,raw\sound\wpn\pap\pap_flux_right.LN65.pc.snd.wav,wpn_uzi_fire_plr,loaded,bus_fx,grp_weapon,snp_wpn_3p,,84,0,75,75,25,900,900,allon,default,allon,default,8,4,priority,priority,-34,34,85,90,0.25,1,3d,default,nonlooping,volume pitch,1,0,0,0,0,0.25,no,no,right_shot,4000,,no,,,yes,no,no,0,0,yes,no,,0,,no,no,no
wpn_uzi_LFE,raw\sound\wpn\smg\mp7\plr\lfe\wpn_mp7_fire_lfe.LN65.pc.snd.wav,wpn_uzi_fire_plr_decay,loaded,bus_hdrfx,grp_wpn_lfe,snp_wpn_1p,,0,0,86,86,0,5000,5000,allon,default,allon,default,8,2,priority,oldest,0,0,85,90,0.25,1,2d,default,nonlooping,volume,1,0,0,0,0,0.25,no,no,none,0,,no,,,no,no,no,0,0,yes,no,,0,,no,no,no
wpn_uzi_LFE_npc,raw\sound\wpn\smg\mp7\plr\lfe\wpn_mp7_fire_lfe.LN65.pc.snd.wav,wpn_uzi_fire_npc_decay,loaded,bus_hdrfx,grp_wpn_lfe,snp_wpn_3p,,0,0,81,81,25,225,225,allon,default,allon,default,3,1,priority,oldest,0,0,40,90,0.25,0.75,3d,default,nonlooping,volume,1,0,0,0,0,0.25,no,no,none,0,,no,,,no,no,no,0,0,yes,no,,0,,no,no,no
wpn_uzi_pickup_npc,raw\sound\fly\pickups\weapon\fly_weapon_pickup_00.LN65.pc.snd.wav,,loaded,bus_fx,grp_foley,snp_foley,,30,0,75,75,75,500,500,allon,default,allon,default,2,1,priority,reject,-50,50,15,30,0.25,1,3d,default,nonlooping,volume,1,0,25,250,75,0.25,no,yes,none,0,,no,,,yes,no,no,0,0,yes,no,,0,,no,no,no
wpn_uzi_pickup_npc,raw\sound\fly\pickups\weapon\fly_weapon_pickup_01.LN65.pc.snd.wav,,loaded,bus_fx,grp_foley,snp_foley,,30,0,75,75,75,500,500,allon,default,allon,default,2,1,priority,reject,-50,50,15,30,0.25,1,3d,default,nonlooping,volume,1,0,25,250,75,0.25,no,yes,none,0,,no,,,yes,no,no,0,0,yes,no,,0,,no,no,no
wpn_uzi_pickup_plr,raw\sound\fly\pickups\weapon\fly_weapon_pickup_00.LN65.pc.snd.wav,,loaded,bus_fx,grp_foley,snp_foley,,30,0,75,75,0,5000,5000,allon,default,allon,default,1,8,reject,oldest,-88,84,70,70,0.25,1,2d,default,nonlooping,volume,1,0,0,0,0,0.25,no,yes,none,0,,no,,,yes,no,no,0,0,yes,no,,0,,no,no,no
wpn_uzi_pickup_plr,raw\sound\fly\pickups\weapon\fly_weapon_pickup_01.LN65.pc.snd.wav,,loaded,bus_fx,grp_foley,snp_foley,,30,0,75,75,0,5000,5000,allon,default,allon,default,1,8,reject,oldest,-88,84,70,70,0.25,1,2d,default,nonlooping,volume,1,0,0,0,0,0.25,no,yes,none,0,,no,,,yes,no,no,0,0,yes,no,,0,,no,no,no
wpn_uzi_raise_npc,raw\sound\fly\gear\rattle\fly_cloth_00.LN65.pc.snd.wav,,loaded,bus_fx,grp_foley,snp_foley,,30,0,75,75,75,500,500,allon,default,allon,default,4,8,priority,oldest,-90,90,15,30,0.25,1,3d,default,nonlooping,volume,1,0,25,250,75,0.25,no,yes,none,0,,no,,,yes,no,no,0,0,yes,no,,0,,no,no,no
wpn_uzi_raise_npc,raw\sound\fly\gear\rattle\fly_cloth_01.LN65.pc.snd.wav,,loaded,bus_fx,grp_foley,snp_foley,,30,0,75,75,75,500,500,allon,default,allon,default,4,8,priority,oldest,-90,90,15,30,0.25,1,3d,default,nonlooping,volume,1,0,25,250,75,0.25,no,yes,none,0,,no,,,yes,no,no,0,0,yes,no,,0,,no,no,no
wpn_uzi_raise_npc,raw\sound\fly\gear\rattle\fly_cloth_02.LN65.pc.snd.wav,,loaded,bus_fx,grp_foley,snp_foley,,30,0,75,75,75,500,500,allon,default,allon,default,4,8,priority,oldest,-90,90,15,30,0.25,1,3d,default,nonlooping,volume,1,0,25,250,75,0.25,no,yes,none,0,,no,,,yes,no,no,0,0,yes,no,,0,,no,no,no
wpn_uzi_raise_npc,raw\sound\fly\gear\rattle\fly_cloth_03.LN65.pc.snd.wav,,loaded,bus_fx,grp_foley,snp_foley,,30,0,75,75,75,500,500,allon,default,allon,default,4,8,priority,oldest,-90,90,15,30,0.25,1,3d,default,nonlooping,volume,1,0,25,250,75,0.25,no,yes,none,0,,no,,,yes,no,no,0,0,yes,no,,0,,no,no,no
wpn_uzi_raise_plr,raw\sound\fly\gear\rattle\fly_cloth_00.LN65.pc.snd.wav,,loaded,bus_fx,grp_foley,snp_foley,,30,0,86,89,0,5000,5000,allon,default,allon,default,8,8,priority,oldest,-88,84,70,70,0.25,1,2d,default,nonlooping,volume,1,0,0,0,0,0.25,no,yes,none,0,,no,,,yes,no,no,0,0,yes,no,,0,,no,no,no
wpn_uzi_raise_plr,raw\sound\fly\gear\rattle\fly_cloth_01.LN65.pc.snd.wav,,loaded,bus_fx,grp_foley,snp_foley,,30,0,86,89,0,5000,5000,allon,default,allon,default,8,8,priority,oldest,-88,84,70,70,0.25,1,2d,default,nonlooping,volume,1,0,0,0,0,0.25,no,yes,none,0,,no,,,yes,no,no,0,0,yes,no,,0,,no,no,no
wpn_uzi_raise_plr,raw\sound\fly\gear\rattle\fly_cloth_02.LN65.pc.snd.wav,,loaded,bus_fx,grp_foley,snp_foley,,30,0,86,89,0,5000,5000,allon,default,allon,default,8,8,priority,oldest,-88,84,70,70,0.25,1,2d,default,nonlooping,volume,1,0,0,0,0,0.25,no,yes,none,0,,no,,,yes,no,no,0,0,yes,no,,0,,no,no,no
wpn_uzi_raise_plr,raw\sound\fly\gear\rattle\fly_cloth_03.LN65.pc.snd.wav,,loaded,bus_fx,grp_foley,snp_foley,,30,0,86,89,0,5000,5000,allon,default,allon,default,8,8,priority,oldest,-88,84,70,70,0.25,1,2d,default,nonlooping,volume,1,0,0,0,0,0.25,no,yes,none,0,,no,,,yes,no,no,0,0,yes,no,,0,,no,no,no
wpn_uzi_silencer_fire_npc,raw\sound\wpn\smg\msmc\plr\shot\silenced\wpn_msmc_sil_shot_plr.LN65.pc.snd.wav,wpn_uzi_silencer_LFE_npc,loaded,bus_fx,grp_weapon,snp_wpn_3p,,0,0,85,85,700,700,700,cosdelay,alloff,cosdelay,default,8,3,priority,oldest,-50,50,20,90,0.25,0.8,3d,default,nonlooping,volume,1,0,0,0,0,0.25,no,no,none,0,,no,,,yes,no,no,0,0,yes,no,,0,,no,no,no
wpn_uzi_silencer_fire_npc_decay,raw\sound\wpn\pistol\decay\ext\silenced\wpn_pistol_decay_silenced_ext.LN65.pc.snd.wav,,loaded,bus_fx,grp_weapon,snp_wpn_3p,,55,0,75,75,50,900,900,allon,default,rcurve1,default,10,1,reject,oldest,-100,100,20,70,0.15,1,3d,default,nonlooping,volume,1,0,0,0,0,0.25,no,no,none,0,,no,ringoff_plr,outdoor,yes,no,no,0,0,yes,no,,0,,no,no,no
wpn_uzi_silencer_fire_npc_decay,raw\sound\wpn\pistol\decay\int\silenced\wpn_pistol_decay_silenced_int.LN65.pc.snd.wav,,loaded,bus_fx,grp_weapon,snp_wpn_3p,,55,0,75,75,50,900,900,allon,default,rcurve1,default,10,1,reject,oldest,-100,100,20,70,0.15,1,3d,default,nonlooping,volume,1,0,0,0,0,0.25,no,no,none,0,,no,ringoff_plr,indoor,yes,no,no,0,0,yes,no,,0,,no,no,no
wpn_uzi_silencer_fire_plr,raw\sound\wpn\smg\msmc\plr\shot\silenced\wpn_msmc_sil_shot_plr.LN65.pc.snd.wav,wpn_uzi_silencer_LFE,loaded,bus_fx,grp_weapon,snp_wpn_1p,,0,0,93,93,0,5000,5000,allon,default,allon,default,2,8,oldest,oldest,-80,80,90,90,0.25,1,2d,default,nonlooping,volume,1,0,0,0,0,0.25,no,no,none,0,,no,,,yes,no,no,0,0,yes,no,,0,,no,no,no
wpn_uzi_silencer_fire_plr_decay,raw\sound\wpn\pistol\decay\ext\silenced\wpn_pistol_decay_silenced_ext.LN65.pc.snd.wav,,loaded,bus_fx,grp_weapon,snp_wpn_1p,,75,0,80,80,0,5000,5000,allon,default,allon,default,3,8,oldest,oldest,-50,50,90,90,0.25,1,2d,default,nonlooping,volume,1,0,0,0,0,0.25,no,no,none,0,,no,ringoff_plr,outdoor,yes,no,no,0,0,yes,no,,0,,no,no,no
wpn_uzi_silencer_fire_plr_decay,raw\sound\wpn\pistol\decay\int\silenced\wpn_pistol_decay_silenced_int.LN65.pc.snd.wav,,loaded,bus_fx,grp_weapon,snp_wpn_1p,,75,0,83,83,0,5000,5000,allon,default,allon,default,3,8,oldest,oldest,-50,50,90,90,0.25,1,2d,default,nonlooping,volume,1,0,0,0,0,0.25,no,no,none,0,,no,ringoff_plr,indoor,yes,no,no,0,0,yes,no,,0,,no,no,no
wpn_uzi_silencer_LFE,raw\sound\wpn\smg\mp7\plr\lfe\wpn_mp7_fire_lfe.LN65.pc.snd.wav,wpn_uzi_silencer_fire_plr_decay,loaded,bus_hdrfx,grp_wpn_lfe,snp_wpn_1p,,0,0,86,86,0,5000,5000,allon,default,allon,default,1,2,priority,oldest,0,0,85,90,0.25,1,2d,default,nonlooping,volume,1,0,0,0,0,0.25,no,no,none,0,,no,,,no,no,no,0,0,yes,no,,0,,no,no,no
wpn_uzi_silencer_LFE_npc,raw\sound\wpn\smg\mp7\plr\lfe\wpn_mp7_fire_lfe.LN65.pc.snd.wav,wpn_uzi_silencer_fire_npc_decay,loaded,bus_hdrfx,grp_wpn_lfe,snp_wpn_3p,,0,0,81,81,25,225,225,allon,default,allon,default,3,1,priority,oldest,0,0,40,90,0.25,0.75,3d,default,nonlooping,volume,1,0,0,0,0,0.25,no,no,none,0,,no,,,no,no,no,0,0,yes,no,,0,,no,no,no
fly_tommy_bolt_back,raw\sound\wpn\assault\reload\fly_assault_bb.LN65.pc.snd.wav,,loaded,bus_fx,grp_foley,snp_foley,,30,0,86,89,0,5000,5000,allon,default,allon,default,8,8,priority,oldest,-88,84,70,70,0.25,1,2d,default,nonlooping,volume,1,0,0,0,0,0.25,no,yes,none,0,,no,,,yes,no,no,0,0,yes,no,,0,,no,no,no
fly_tommy_bolt_release,raw\sound\wpn\assault\reload\fly_assault_bf.LN65.pc.snd.wav,,loaded,bus_fx,grp_foley,snp_foley,,30,0,86,89,0,5000,5000,allon,default,allon,default,8,8,priority,oldest,-88,84,70,70,0.25,1,2d,default,nonlooping,volume,1,0,0,0,0,0.25,no,yes,none,0,,no,,,yes,no,no,0,0,yes,no,,0,,no,no,no
fly_tommy_button,raw\sound\wpn\assault\m16\reload\fly_m16_button.LN65.pc.snd.wav,,loaded,bus_fx,grp_foley,snp_foley,,30,0,86,89,0,5000,5000,allon,default,allon,default,8,8,priority,oldest,-88,84,70,70,0.25,1,2d,default,nonlooping,volume,1,0,0,0,0,0.25,no,yes,none,0,,no,,,yes,no,no,0,0,yes,no,,0,,no,no,no
fly_tommy_charge,raw\sound\wpn\assault\reload\fly_assault_charge.LN65.pc.snd.wav,,loaded,bus_fx,grp_foley,snp_foley,,30,0,86,89,0,5000,5000,allon,default,allon,default,8,8,priority,oldest,-88,84,70,70,0.25,1,2d,default,nonlooping,volume,1,0,0,0,0,0.25,no,yes,none,0,,no,,,yes,no,no,0,0,yes,no,,0,,no,no,no
fly_tommy_mag_in,raw\sound\wpn\assault\reload\fly_assault_mag_in.LN65.pc.snd.wav,,loaded,bus_fx,grp_foley,snp_foley,,30,0,86,89,0,5000,5000,allon,default,allon,default,8,8,priority,oldest,-88,84,70,70,0.25,1,2d,default,nonlooping,volume,1,0,0,0,0,0.25,no,yes,none,0,,no,,,yes,no,no,0,0,yes,no,,0,,no,no,no
fly_tommy_mag_out,raw\sound\wpn\assault\reload\fly_assault_mag_out.LN65.pc.snd.wav,,loaded,bus_fx,grp_foley,snp_foley,,30,0,86,89,0,5000,5000,allon,default,allon,default,8,8,priority,oldest,-88,84,70,70,0.25,1,2d,default,nonlooping,volume,1,0,0,0,0,0.25,no,yes,none,0,,no,,,yes,no,no,0,0,yes,no,,0,,no,no,no
wpn_tommy_1straise_npc,raw\sound\fly\gear\rattle\fly_cloth_00.LN65.pc.snd.wav,,loaded,bus_fx,grp_foley,snp_foley,,30,0,75,75,75,500,500,allon,default,allon,default,4,8,priority,oldest,-90,90,15,30,0.25,1,3d,default,nonlooping,volume,1,0,25,250,75,0.25,no,yes,none,0,,no,,,yes,no,no,0,0,yes,no,,0,,no,no,no
wpn_tommy_1straise_npc,raw\sound\fly\gear\rattle\fly_cloth_01.LN65.pc.snd.wav,,loaded,bus_fx,grp_foley,snp_foley,,30,0,75,75,75,500,500,allon,default,allon,default,4,8,priority,oldest,-90,90,15,30,0.25,1,3d,default,nonlooping,volume,1,0,25,250,75,0.25,no,yes,none,0,,no,,,yes,no,no,0,0,yes,no,,0,,no,no,no
wpn_tommy_1straise_npc,raw\sound\fly\gear\rattle\fly_cloth_02.LN65.pc.snd.wav,,loaded,bus_fx,grp_foley,snp_foley,,30,0,75,75,75,500,500,allon,default,allon,default,4,8,priority,oldest,-90,90,15,30,0.25,1,3d,default,nonlooping,volume,1,0,25,250,75,0.25,no,yes,none,0,,no,,,yes,no,no,0,0,yes,no,,0,,no,no,no
wpn_tommy_1straise_npc,raw\sound\fly\gear\rattle\fly_cloth_03.LN65.pc.snd.wav,,loaded,bus_fx,grp_foley,snp_foley,,30,0,75,75,75,500,500,allon,default,allon,default,4,8,priority,oldest,-90,90,15,30,0.25,1,3d,default,nonlooping,volume,1,0,25,250,75,0.25,no,yes,none,0,,no,,,yes,no,no,0,0,yes,no,,0,,no,no,no
wpn_tommy_1straise_plr,raw\sound\fly\gear\rattle\long\fly_cloth_00.LN65.pc.snd.wav,,loaded,bus_fx,grp_foley,snp_foley,,30,0,86,89,0,5000,5000,allon,default,allon,default,8,8,priority,oldest,-88,84,70,70,0.25,1,2d,default,nonlooping,volume,1,0,0,0,0,0.25,no,yes,none,0,,no,,,yes,no,no,0,0,yes,no,,0,,no,no,no
wpn_tommy_dryfire_npc,raw\sound\wpn\smg\dry_fire\npc\dry_fire_npc.LN65.pc.snd.wav,,loaded,bus_fx,grp_weapon,snp_wpn_3p,,55,0,87,87,900,900,900,cosdelay,alloff,cosdelay,default,8,3,priority,oldest,-150,150,20,90,0.25,0.8,3d,default,nonlooping,volume,1,0,0,0,0,0.25,no,no,none,0,,no,,,yes,no,no,0,0,yes,no,,0,,no,no,no
wpn_tommy_dryfire_plr,raw\sound\wpn\smg\dry_fire\plr\dry_fire_plr.LN65.pc.snd.wav,,loaded,bus_fx,grp_weapon,snp_wpn_1p,,65,0,93,93,0,5000,5000,allon,default,allon,default,2,8,oldest,oldest,-80,80,90,90,0.25,1,2d,default,nonlooping,volume,1,0,0,0,0,0.25,no,no,none,0,,no,,,yes,no,no,0,0,yes,no,,0,,no,no,no
wpn_tommy_fire_npc,raw\sound\wpn\smg\tommy\plr\wpn_tommy_fire_00.LN65.pc.snd.wav,wpn_tommy_LFE_npc,loaded,bus_fx,grp_weapon,snp_wpn_3p,,55,0,87,87,900,900,900,cosdelay,alloff,cosdelay,default,8,3,priority,oldest,-25,25,20,90,0.25,0.8,3d,default,nonlooping,volume,1,0,0,0,0,0.25,no,no,none,0,,no,,,yes,no,no,0,0,yes,no,,0,,no,no,no
wpn_tommy_fire_npc_decay,raw\sound\wpn\smg\decay\ext\wpn_smg_decay_ext.LN65.pc.snd.wav,,loaded,bus_fx,grp_weapon,snp_wpn_3p,,55,0,77,77,50,900,900,allon,default,rcurve1,default,3,1,priority,oldest,-100,100,20,70,0.15,1,3d,default,nonlooping,volume,1,0,0,0,0,0.25,no,no,none,0,,no,ringoff_plr,outdoor,yes,no,no,0,0,yes,no,,0,,no,no,no
wpn_tommy_fire_npc_decay,raw\sound\wpn\smg\decay\int\wpn_smg_decay_int.LN65.pc.snd.wav,,loaded,bus_fx,grp_weapon,snp_wpn_3p,,55,0,72,72,50,900,900,allon,default,rcurve1,default,3,1,priority,oldest,-100,100,20,70,0.15,1,3d,default,nonlooping,volume,1,0,0,0,0,0.25,no,no,none,0,,no,ringoff_plr,indoor,yes,no,no,0,0,yes,no,,0,,no,no,no
wpn_tommy_fire_npc_dist,raw\sound\wpn\dist_guns\ass\wpn_assault_dist_00.LN65.pc.snd.wav,wpn_tommy_fire_npc_decay,loaded,bus_fx,grp_weapon,snp_wpn_3p,,80,0,81,81,900,6000,12500,sindelay,default,sindelay,allon,8,3,priority,oldest,-300,300,90,40,0.25,1,3d,default,nonlooping,volume,1,0,0,0,0,0.25,no,no,none,0,,no,,,yes,no,no,0,0,yes,no,,0,,no,no,no
wpn_tommy_fire_npc_dist,raw\sound\wpn\dist_guns\ass\wpn_assault_dist_01.LN65.pc.snd.wav,wpn_tommy_fire_npc_decay,loaded,bus_fx,grp_weapon,snp_wpn_3p,,80,0,81,81,900,6000,12500,sindelay,default,sindelay,allon,8,3,priority,oldest,-300,300,90,40,0.25,1,3d,default,nonlooping,volume,1,0,0,0,0,0.25,no,no,none,0,,no,,,yes,no,no,0,0,yes,no,,0,,no,no,no
wpn_tommy_fire_npc_dist,raw\sound\wpn\dist_guns\ass\wpn_assault_dist_02.LN65.pc.snd.wav,wpn_tommy_fire_npc_decay,loaded,bus_fx,grp_weapon,snp_wpn_3p,,80,0,81,81,900,6000,12500,sindelay,default,sindelay,allon,8,3,priority,oldest,-300,300,90,40,0.25,1,3d,default,nonlooping,volume,1,0,0,0,0,0.25,no,no,none,0,,no,,,yes,no,no,0,0,yes,no,,0,,no,no,no
wpn_tommy_fire_npc_dist,raw\sound\wpn\dist_guns\ass\wpn_assault_dist_03.LN65.pc.snd.wav,wpn_tommy_fire_npc_decay,loaded,bus_fx,grp_weapon,snp_wpn_3p,,80,0,81,81,900,6000,12500,sindelay,default,sindelay,allon,8,3,priority,oldest,-300,300,90,40,0.25,1,3d,default,nonlooping,volume,1,0,0,0,0,0.25,no,no,none,0,,no,,,yes,no,no,0,0,yes,no,,0,,no,no,no
wpn_tommy_fire_npc_pap,raw\sound\wpn\pap\pap_shot_st.LN65.pc.snd.wav,wpn_tommy_flux_l_npc_pap,loaded,bus_fx,grp_weapon,snp_wpn_3p,,80,0,82,82,75,1250,1250,allon,default,allon,default,10,3,priority,oldest,-100,100,50,90,0.35,1,3d,default,nonlooping,volume pitch,1,0,0,0,0,0.25,no,no,none,0,,no,,,yes,no,no,0,0,yes,no,,0,,no,no,no
wpn_tommy_fire_plr,raw\sound\wpn\smg\tommy\plr\wpn_tommy_fire_00.LN65.pc.snd.wav,wpn_tommy_lfe,loaded,bus_fx,grp_weapon,snp_wpn_1p,,65,0,93,93,0,5000,5000,allon,default,allon,default,2,8,oldest,oldest,-25,25,90,90,0.25,1,2d,default,nonlooping,volume,1,0,0,0,0,0.25,no,no,none,0,,no,,,yes,no,no,0,0,yes,no,,0,,no,no,no
wpn_tommy_fire_plr_decay,raw\sound\wpn\smg\decay\ext\wpn_smg_decay_ext.LN65.pc.snd.wav,,loaded,bus_fx,grp_weapon,snp_wpn_1p,,60,0,80,80,0,5000,5000,allon,default,allon,default,3,8,oldest,oldest,-25,25,90,90,0.25,1,2d,default,nonlooping,volume,1,0,0,0,0,0.25,no,no,none,0,,no,ringoff_plr,outdoor,yes,no,no,0,0,yes,no,,0,,no,no,no
wpn_tommy_fire_plr_decay,raw\sound\wpn\smg\decay\int\wpn_smg_decay_int.LN65.pc.snd.wav,,loaded,bus_fx,grp_weapon,snp_wpn_1p,,60,0,80,80,0,5000,5000,allon,default,allon,default,3,8,oldest,oldest,-25,25,90,90,0.25,1,2d,default,nonlooping,volume,1,0,0,0,0,0.25,no,no,none,0,,no,ringoff_plr,indoor,yes,no,no,0,0,yes,no,,0,,no,no,no
wpn_tommy_fire_plr_pap,raw\sound\wpn\pap\pap_shot_st.LN65.pc.snd.wav,wpn_tommy_flux_l_plr_pap,loaded,bus_hdrfx,grp_weapon,snp_wpn_1p,,70,0,87,87,0,5000,5000,allon,default,allon,default,1,8,oldest,oldest,0,0,90,90,0.25,1,2d,default,nonlooping,volume,1,0,0,0,0,0.25,no,no,none,0,,no,,,yes,no,no,0,0,yes,no,,0,,no,no,no
wpn_tommy_flux_l_npc_pap,raw\sound\wpn\pap\pap_flux_left.LN65.pc.snd.wav,wpn_tommy_flux_r_npc_pap,loaded,bus_fx,grp_weapon,snp_wpn_3p,,84,0,75,75,25,900,900,allon,default,allon,default,8,4,priority,priority,-34,34,85,90,0.25,1,3d,default,nonlooping,volume pitch,1,0,0,0,0,0.25,no,no,left_shot,4000,,no,,,yes,no,no,0,0,yes,no,,0,,no,no,no
wpn_tommy_flux_l_plr_pap,raw\sound\wpn\pap\pap_flux_left.LN65.pc.snd.wav,wpn_tommy_flux_r_plr_pap,loaded,bus_fx,grp_weapon,snp_wpn_3p,,84,0,75,75,25,900,900,allon,default,allon,default,8,4,priority,priority,-34,34,85,90,0.25,1,3d,default,nonlooping,volume pitch,1,0,0,0,0,0.25,no,no,left_shot,4000,,no,,,yes,no,no,0,0,yes,no,,0,,no,no,no
wpn_tommy_flux_r_npc_pap,raw\sound\wpn\pap\pap_flux_right.LN65.pc.snd.wav,wpn_tommy_fire_npc,loaded,bus_fx,grp_weapon,snp_wpn_3p,,84,0,75,75,25,900,900,allon,default,allon,default,8,4,priority,priority,-34,34,85,90,0.25,1,3d,default,nonlooping,volume pitch,1,0,0,0,0,0.25,no,no,right_shot,4000,,no,,,yes,no,no,0,0,yes,no,,0,,no,no,no
wpn_tommy_flux_r_plr_pap,raw\sound\wpn\pap\pap_flux_right.LN65.pc.snd.wav,wpn_tommy_fire_plr,loaded,bus_fx,grp_weapon,snp_wpn_3p,,84,0,75,75,25,900,900,allon,default,allon,default,8,4,priority,priority,-34,34,85,90,0.25,1,3d,default,nonlooping,volume pitch,1,0,0,0,0,0.25,no,no,right_shot,4000,,no,,,yes,no,no,0,0,yes,no,,0,,no,no,no
wpn_tommy_lfe,raw\sound\wpn\smg\mp7\plr\lfe\wpn_mp7_fire_lfe.LN65.pc.snd.wav,wpn_tommy_fire_plr_decay,loaded,bus_hdrfx,grp_wpn_lfe,snp_wpn_1p,,0,0,86,86,0,5000,5000,allon,default,allon,default,8,2,priority,oldest,0,0,85,90,0.25,1,2d,default,nonlooping,volume,1,0,0,0,0,0.25,no,no,none,0,,no,,,no,no,no,0,0,yes,no,,0,,no,no,no
wpn_tommy_LFE_npc,raw\sound\wpn\smg\mp7\plr\lfe\wpn_mp7_fire_lfe.LN65.pc.snd.wav,wpn_tommy_fire_npc_dist,loaded,bus_hdrfx,grp_wpn_lfe,snp_wpn_3p,,0,0,81,81,25,225,225,allon,default,allon,default,3,1,priority,oldest,0,0,40,90,0.25,0.75,3d,default,nonlooping,volume,1,0,0,0,0,0.25,no,no,none,0,,no,,,no,no,no,0,0,yes,no,,0,,no,no,no
wpn_tommy_pickup_npc,raw\sound\fly\pickups\weapon\fly_weapon_pickup_00.LN65.pc.snd.wav,,loaded,bus_fx,grp_foley,snp_foley,,30,0,75,75,75,500,500,allon,default,allon,default,2,1,priority,reject,-50,50,15,30,0.25,1,3d,default,nonlooping,volume,1,0,25,250,75,0.25,no,yes,none,0,,no,,,yes,no,no,0,0,yes,no,,0,,no,no,no
wpn_tommy_pickup_npc,raw\sound\fly\pickups\weapon\fly_weapon_pickup_01.LN65.pc.snd.wav,,loaded,bus_fx,grp_foley,snp_foley,,30,0,75,75,75,500,500,allon,default,allon,default,2,1,priority,reject,-50,50,15,30,0.25,1,3d,default,nonlooping,volume,1,0,25,250,75,0.25,no,yes,none,0,,no,,,yes,no,no,0,0,yes,no,,0,,no,no,no
wpn_tommy_pickup_plr,raw\sound\fly\pickups\weapon\fly_weapon_pickup_00.LN65.pc.snd.wav,,loaded,bus_fx,grp_foley,snp_foley,,30,0,75,75,0,5000,5000,allon,default,allon,default,1,8,reject,oldest,-88,84,70,70,0.25,1,2d,default,nonlooping,volume,1,0,0,0,0,0.25,no,yes,none,0,,no,,,yes,no,no,0,0,yes,no,,0,,no,no,no
wpn_tommy_pickup_plr,raw\sound\fly\pickups\weapon\fly_weapon_pickup_01.LN65.pc.snd.wav,,loaded,bus_fx,grp_foley,snp_foley,,30,0,75,75,0,5000,5000,allon,default,allon,default,1,8,reject,oldest,-88,84,70,70,0.25,1,2d,default,nonlooping,volume,1,0,0,0,0,0.25,no,yes,none,0,,no,,,yes,no,no,0,0,yes,no,,0,,no,no,no
fly_ak47_bolt_back,raw\sound\wpn\assault\reload\fly_assault_bb.LN65.pc.snd.wav,,loaded,bus_fx,grp_foley,snp_foley,,30,0,86,89,0,5000,5000,allon,default,allon,default,8,8,priority,oldest,-88,84,70,70,0.25,1,2d,default,nonlooping,volume,1,0,0,0,0,0.25,no,yes,none,0,,no,,,yes,no,no,0,0,yes,no,,0,,no,no,no
fly_ak47_bolt_release,raw\sound\wpn\assault\reload\fly_assault_bf.LN65.pc.snd.wav,,loaded,bus_fx,grp_foley,snp_foley,,30,0,86,89,0,5000,5000,allon,default,allon,default,8,8,priority,oldest,-88,84,70,70,0.25,1,2d,default,nonlooping,volume,1,0,0,0,0,0.25,no,yes,none,0,,no,,,yes,no,no,0,0,yes,no,,0,,no,no,no
fly_ak47_charge,raw\sound\wpn\assault\reload\fly_assault_charge.LN65.pc.snd.wav,,loaded,bus_fx,grp_foley,snp_foley,,30,0,86,89,0,5000,5000,allon,default,allon,default,8,8,priority,oldest,-88,84,70,70,0.25,1,2d,default,nonlooping,volume,1,0,0,0,0,0.25,no,yes,none,0,,no,,,yes,no,no,0,0,yes,no,,0,,no,no,no
fly_ak47_mag_in,raw\sound\wpn\assault\ak47\reload\fly_ak47_mag_in.LN65.pc.snd.wav,,loaded,bus_fx,grp_foley,snp_foley,,30,0,86,89,0,5000,5000,allon,default,allon,default,8,8,priority,oldest,-88,84,70,70,0.25,1,2d,default,nonlooping,volume,1,0,0,0,0,0.25,no,yes,none,0,,no,,,yes,no,no,0,0,yes,no,,0,,no,no,no
fly_ak47_mag_out,raw\sound\wpn\assault\ak47\reload\fly_ak47_mag_out.LN65.pc.snd.wav,,loaded,bus_fx,grp_foley,snp_foley,,30,0,86,89,0,5000,5000,allon,default,allon,default,8,8,priority,oldest,-88,84,70,70,0.25,1,2d,default,nonlooping,volume,1,0,0,0,0,0.25,no,yes,none,0,,no,,,yes,no,no,0,0,yes,no,,0,,no,no,no
wpn_ak47_1straise_npc,raw\sound\fly\gear\rattle\fly_cloth_00.LN65.pc.snd.wav,,loaded,bus_fx,grp_foley,snp_foley,,30,0,75,75,75,500,500,allon,default,allon,default,4,8,priority,oldest,-90,90,15,30,0.25,1,3d,default,nonlooping,volume,1,0,25,250,75,0.25,no,yes,none,0,,no,,,yes,no,no,0,0,yes,no,,0,,no,no,no
wpn_ak47_1straise_npc,raw\sound\fly\gear\rattle\fly_cloth_01.LN65.pc.snd.wav,,loaded,bus_fx,grp_foley,snp_foley,,30,0,75,75,75,500,500,allon,default,allon,default,4,8,priority,oldest,-90,90,15,30,0.25,1,3d,default,nonlooping,volume,1,0,25,250,75,0.25,no,yes,none,0,,no,,,yes,no,no,0,0,yes,no,,0,,no,no,no
wpn_ak47_1straise_npc,raw\sound\fly\gear\rattle\fly_cloth_02.LN65.pc.snd.wav,,loaded,bus_fx,grp_foley,snp_foley,,30,0,75,75,75,500,500,allon,default,allon,default,4,8,priority,oldest,-90,90,15,30,0.25,1,3d,default,nonlooping,volume,1,0,25,250,75,0.25,no,yes,none,0,,no,,,yes,no,no,0,0,yes,no,,0,,no,no,no
wpn_ak47_1straise_npc,raw\sound\fly\gear\rattle\fly_cloth_03.LN65.pc.snd.wav,,loaded,bus_fx,grp_foley,snp_foley,,30,0,75,75,75,500,500,allon,default,allon,default,4,8,priority,oldest,-90,90,15,30,0.25,1,3d,default,nonlooping,volume,1,0,25,250,75,0.25,no,yes,none,0,,no,,,yes,no,no,0,0,yes,no,,0,,no,no,no
wpn_ak47_1straise_plr,raw\sound\fly\gear\rattle\fly_cloth_00.LN65.pc.snd.wav,,loaded,bus_fx,grp_foley,snp_foley,,30,0,86,89,0,5000,5000,allon,default,allon,default,8,8,priority,oldest,-88,84,70,70,0.25,1,2d,default,nonlooping,volume,1,0,0,0,0,0.25,no,yes,none,0,,no,,,yes,no,no,0,0,yes,no,,0,,no,no,no
wpn_ak47_1straise_plr,raw\sound\fly\gear\rattle\fly_cloth_01.LN65.pc.snd.wav,,loaded,bus_fx,grp_foley,snp_foley,,30,0,86,89,0,5000,5000,allon,default,allon,default,8,8,priority,oldest,-88,84,70,70,0.25,1,2d,default,nonlooping,volume,1,0,0,0,0,0.25,no,yes,none,0,,no,,,yes,no,no,0,0,yes,no,,0,,no,no,no
wpn_ak47_1straise_plr,raw\sound\fly\gear\rattle\fly_cloth_02.LN65.pc.snd.wav,,loaded,bus_fx,grp_foley,snp_foley,,30,0,86,89,0,5000,5000,allon,default,allon,default,8,8,priority,oldest,-88,84,70,70,0.25,1,2d,default,nonlooping,volume,1,0,0,0,0,0.25,no,yes,none,0,,no,,,yes,no,no,0,0,yes,no,,0,,no,no,no
wpn_ak47_1straise_plr,raw\sound\fly\gear\rattle\fly_cloth_03.LN65.pc.snd.wav,,loaded,bus_fx,grp_foley,snp_foley,,30,0,86,89,0,5000,5000,allon,default,allon,default,8,8,priority,oldest,-88,84,70,70,0.25,1,2d,default,nonlooping,volume,1,0,0,0,0,0.25,no,yes,none,0,,no,,,yes,no,no,0,0,yes,no,,0,,no,no,no
wpn_ak47_dryfire_npc,raw\sound\wpn\assault\dry_fire\npc\dry_fire_00.LN65.pc.snd.wav,,loaded,bus_fx,grp_weapon,snp_wpn_3p,,55,0,82,82,900,900,901,cosdelay,alloff,cosdelay,default,8,2,priority,oldest,-125,125,40,90,0.25,0.8,3d,default,nonlooping,volume,1,0,0,0,0,0.25,no,no,none,0,,no,,,yes,no,no,0,0,yes,no,,0,,no,no,no
wpn_ak47_dryfire_plr,raw\sound\wpn\assault\dry_fire\plr\dry_fire_00.LN65.pc.snd.wav,,loaded,bus_fx,grp_weapon,snp_wpn_1p,,65,0,93,93,0,5000,5000,allon,default,allon,default,3,8,oldest,oldest,0,0,90,90,0.25,1,2d,default,nonlooping,volume,1,0,0,0,0,0.25,no,no,none,0,,no,,,yes,no,no,0,0,yes,no,,0,,no,no,no
wpn_ak47_fire_npc,raw\sound\wpn\assault\type95\plr\shot\wpn_type95_shot_plr.LN65.pc.snd.wav,wpn_ak47_LFE_npc,loaded,bus_fx,grp_weapon,snp_wpn_3p,,55,0,82,82,900,900,901,cosdelay,alloff,cosdelay,default,8,2,priority,oldest,-25,25,40,90,0.25,0.8,3d,default,nonlooping,volume,1,0,0,0,0,0.25,no,no,none,0,,no,,,yes,no,no,0,0,yes,no,,0,,no,no,no
wpn_ak47_fire_npc_decay,raw\sound\wpn\assault\decay\ext\wpn_assault_decay_ext.LN65.pc.snd.wav,,loaded,bus_fx,grp_weapon,snp_wpn_3p,,55,0,77,77,50,900,900,allon,default,rcurve1,default,3,1,priority,oldest,-100,100,20,70,0.15,1,3d,default,nonlooping,volume,1,0,0,0,0,0.25,no,no,none,0,,no,ringoff_plr,outdoor,yes,no,no,0,0,yes,no,,0,,no,no,no
wpn_ak47_fire_npc_decay,raw\sound\wpn\assault\decay\int\wpn_assault_decay_int.LN65.pc.snd.wav,,loaded,bus_fx,grp_weapon,snp_wpn_3p,,55,0,67,67,50,900,900,allon,default,rcurve1,default,3,1,priority,oldest,-100,100,20,70,0.15,1,3d,default,nonlooping,volume,1,0,0,0,0,0.25,no,no,none,0,,no,ringoff_plr,indoor,yes,no,no,0,0,yes,no,,0,,no,no,no
wpn_ak47_fire_npc_dist,raw\sound\wpn\dist_guns\ass\wpn_assault_dist_00.LN65.pc.snd.wav,wpn_ak47_fire_npc_decay,loaded,bus_fx,grp_weapon,snp_wpn_3p,,80,0,81,81,900,6000,12500,sindelay,default,sindelay,allon,8,3,priority,oldest,-300,300,90,40,0,1,3d,default,nonlooping,,1,0,0,0,0,0.25,no,no,none,0,,no,,,yes,no,no,0,0,yes,no,,0,,no,no,no
wpn_ak47_fire_npc_dist,raw\sound\wpn\dist_guns\ass\wpn_assault_dist_01.LN65.pc.snd.wav,wpn_ak47_fire_npc_decay,loaded,bus_fx,grp_weapon,snp_wpn_3p,,80,0,81,81,900,6000,12500,sindelay,default,sindelay,allon,8,3,priority,oldest,-300,300,90,40,0,1,3d,default,nonlooping,,1,0,0,0,0,0.25,no,no,none,0,,no,,,yes,no,no,0,0,yes,no,,0,,no,no,no
wpn_ak47_fire_npc_dist,raw\sound\wpn\dist_guns\ass\wpn_assault_dist_02.LN65.pc.snd.wav,wpn_ak47_fire_npc_decay,loaded,bus_fx,grp_weapon,snp_wpn_3p,,80,0,81,81,900,6000,12500,sindelay,default,sindelay,allon,8,3,priority,oldest,-300,300,90,40,0,1,3d,default,nonlooping,,1,0,0,0,0,0.25,no,no,none,0,,no,,,yes,no,no,0,0,yes,no,,0,,no,no,no
wpn_ak47_fire_npc_dist,raw\sound\wpn\dist_guns\ass\wpn_assault_dist_03.LN65.pc.snd.wav,wpn_ak47_fire_npc_decay,loaded,bus_fx,grp_weapon,snp_wpn_3p,,80,0,81,81,900,6000,12500,sindelay,default,sindelay,allon,8,3,priority,oldest,-300,300,90,40,0,1,3d,default,nonlooping,,1,0,0,0,0,0.25,no,no,none,0,,no,,,yes,no,no,0,0,yes,no,,0,,no,no,no
wpn_ak47_fire_npc_pap,raw\sound\wpn\pap\pap_shot_st.LN65.pc.snd.wav,wpn_ak47_flux_l_npc_pap,loaded,bus_fx,grp_weapon,snp_wpn_3p,,80,0,82,82,75,1250,1250,allon,default,allon,default,10,3,priority,oldest,-100,100,50,90,0.35,1,3d,default,nonlooping,volume pitch,1,0,0,0,0,0.25,no,no,none,0,,no,,,yes,no,no,0,0,yes,no,,0,,no,no,no
wpn_ak47_fire_plr,raw\sound\wpn\assault\type95\plr\shot\wpn_type95_shot_plr.LN65.pc.snd.wav,wpn_ak47_lfe,loaded,bus_fx,grp_weapon,snp_wpn_1p,,65,0,93,93,0,5000,5000,allon,default,allon,default,3,8,oldest,oldest,-25,25,90,90,0.25,1,2d,default,nonlooping,volume,1,0,0,0,0,0.25,no,no,none,0,,no,,,yes,no,no,0,0,yes,no,,0,,no,no,no
wpn_ak47_fire_plr_decay,raw\sound\wpn\assault\decay\ext\wpn_assault_decay_ext.LN65.pc.snd.wav,,loaded,bus_fx,grp_weapon,snp_wpn_1p,,60,0,83,83,0,5000,5000,allon,default,allon,default,3,8,oldest,oldest,-50,50,90,90,0.25,1,2d,default,nonlooping,volume,1,0,0,0,0,0.25,no,no,none,0,,no,ringoff_plr,outdoor,yes,no,no,0,0,yes,no,,0,,no,no,no
wpn_ak47_fire_plr_decay,raw\sound\wpn\assault\decay\int\wpn_assault_decay_int.LN65.pc.snd.wav,,loaded,bus_fx,grp_weapon,snp_wpn_1p,,60,0,83,83,0,5000,5000,allon,default,allon,default,3,8,oldest,oldest,-50,50,90,90,0.25,1,2d,default,nonlooping,volume,1,0,0,0,0,0.25,no,no,none,0,,no,ringoff_plr,indoor,yes,no,no,0,0,yes,no,,0,,no,no,no
wpn_ak47_fire_plr_pap,raw\sound\wpn\pap\pap_shot_st.LN65.pc.snd.wav,wpn_ak47_flux_l_plr_pap,loaded,bus_hdrfx,grp_weapon,snp_wpn_1p,,70,0,87,87,0,5000,5000,allon,default,allon,default,1,8,oldest,oldest,0,0,90,90,0.25,1,2d,default,nonlooping,volume,1,0,0,0,0,0.25,no,no,none,0,,no,,,yes,no,no,0,0,yes,no,,0,,no,no,no
wpn_ak47_flux_l_npc_pap,raw\sound\wpn\pap\pap_flux_left.LN65.pc.snd.wav,wpn_ak47_flux_r_npc_pap,loaded,bus_fx,grp_weapon,snp_wpn_3p,,84,0,75,75,25,900,900,allon,default,allon,default,8,4,priority,priority,-34,34,85,90,0.25,1,3d,default,nonlooping,volume pitch,1,0,0,0,0,0.25,no,no,left_shot,4000,,no,,,yes,no,no,0,0,yes,no,,0,,no,no,no
wpn_ak47_flux_l_plr_pap,raw\sound\wpn\pap\pap_flux_left.LN65.pc.snd.wav,wpn_ak47_flux_r_plr_pap,loaded,bus_fx,grp_weapon,snp_wpn_3p,,84,0,75,75,25,900,900,allon,default,allon,default,8,4,priority,priority,-34,34,85,90,0.25,1,3d,default,nonlooping,volume pitch,1,0,0,0,0,0.25,no,no,left_shot,4000,,no,,,yes,no,no,0,0,yes,no,,0,,no,no,no
wpn_ak47_flux_r_npc_pap,raw\sound\wpn\pap\pap_flux_right.LN65.pc.snd.wav,wpn_ak47_fire_npc,loaded,bus_fx,grp_weapon,snp_wpn_3p,,84,0,75,75,25,900,900,allon,default,allon,default,8,4,priority,priority,-34,34,85,90,0.25,1,3d,default,nonlooping,volume pitch,1,0,0,0,0,0.25,no,no,right_shot,4000,,no,,,yes,no,no,0,0,yes,no,,0,,no,no,no
wpn_ak47_flux_r_plr_pap,raw\sound\wpn\pap\pap_flux_right.LN65.pc.snd.wav,wpn_ak47_fire_plr,loaded,bus_fx,grp_weapon,snp_wpn_3p,,84,0,75,75,25,900,900,allon,default,allon,default,8,4,priority,priority,-34,34,85,90,0.25,1,3d,default,nonlooping,volume pitch,1,0,0,0,0,0.25,no,no,right_shot,4000,,no,,,yes,no,no,0,0,yes,no,,0,,no,no,no
wpn_ak47_lfe,raw\sound\wpn\smg\mp7\plr\lfe\wpn_mp7_fire_lfe.LN65.pc.snd.wav,wpn_ak47_fire_plr_decay,loaded,bus_hdrfx,grp_wpn_lfe,snp_wpn_1p,,0,0,86,86,0,5000,5000,allon,default,allon,default,8,2,priority,oldest,0,0,85,90,0.25,1,2d,default,nonlooping,volume,1,0,0,0,0,0.25,no,no,none,0,,no,,,no,no,no,0,0,yes,no,,0,,no,no,no
wpn_ak47_LFE_npc,raw\sound\wpn\smg\mp7\plr\lfe\wpn_mp7_fire_lfe.LN65.pc.snd.wav,wpn_ak47_fire_npc_dist,loaded,bus_hdrfx,grp_wpn_lfe,snp_wpn_3p,,0,0,81,81,25,225,225,allon,default,allon,default,3,1,priority,oldest,0,0,40,90,0.25,0.75,3d,default,nonlooping,volume,1,0,0,0,0,0.25,no,no,none,0,,no,,,no,no,no,0,0,yes,no,,0,,no,no,no
wpn_ak47_pickup_npc,raw\sound\fly\pickups\weapon\fly_weapon_pickup_00.LN65.pc.snd.wav,,loaded,bus_fx,grp_foley,snp_foley,,30,0,75,75,75,500,500,allon,default,allon,default,2,1,priority,reject,-50,50,15,30,0.25,1,3d,default,nonlooping,volume,1,0,25,250,75,0.25,no,yes,none,0,,no,,,yes,no,no,0,0,yes,no,,0,,no,no,no
wpn_ak47_pickup_npc,raw\sound\fly\pickups\weapon\fly_weapon_pickup_01.LN65.pc.snd.wav,,loaded,bus_fx,grp_foley,snp_foley,,30,0,75,75,75,500,500,allon,default,allon,default,2,1,priority,reject,-50,50,15,30,0.25,1,3d,default,nonlooping,volume,1,0,25,250,75,0.25,no,yes,none,0,,no,,,yes,no,no,0,0,yes,no,,0,,no,no,no
wpn_ak47_pickup_plr,raw\sound\fly\pickups\weapon\fly_weapon_pickup_00.LN65.pc.snd.wav,,loaded,bus_fx,grp_foley,snp_foley,,30,0,75,75,0,5000,5000,allon,default,allon,default,1,8,reject,oldest,-88,84,70,70,0.25,1,2d,default,nonlooping,volume,1,0,0,0,0,0.25,no,yes,none,0,,no,,,yes,no,no,0,0,yes,no,,0,,no,no,no
wpn_ak47_pickup_plr,raw\sound\fly\pickups\weapon\fly_weapon_pickup_01.LN65.pc.snd.wav,,loaded,bus_fx,grp_foley,snp_foley,,30,0,75,75,0,5000,5000,allon,default,allon,default,1,8,reject,oldest,-88,84,70,70,0.25,1,2d,default,nonlooping,volume,1,0,0,0,0,0.25,no,yes,none,0,,no,,,yes,no,no,0,0,yes,no,,0,,no,no,no
wpn_ak47_raise_npc,raw\sound\fly\gear\rattle\fly_cloth_00.LN65.pc.snd.wav,,loaded,bus_fx,grp_foley,snp_foley,,30,0,75,75,75,500,500,allon,default,allon,default,4,8,priority,oldest,-90,90,15,30,0.25,1,3d,default,nonlooping,volume,1,0,25,250,75,0.25,no,yes,none,0,,no,,,yes,no,no,0,0,yes,no,,0,,no,no,no
wpn_ak47_raise_npc,raw\sound\fly\gear\rattle\fly_cloth_01.LN65.pc.snd.wav,,loaded,bus_fx,grp_foley,snp_foley,,30,0,75,75,75,500,500,allon,default,allon,default,4,8,priority,oldest,-90,90,15,30,0.25,1,3d,default,nonlooping,volume,1,0,25,250,75,0.25,no,yes,none,0,,no,,,yes,no,no,0,0,yes,no,,0,,no,no,no
wpn_ak47_raise_npc,raw\sound\fly\gear\rattle\fly_cloth_02.LN65.pc.snd.wav,,loaded,bus_fx,grp_foley,snp_foley,,30,0,75,75,75,500,500,allon,default,allon,default,4,8,priority,oldest,-90,90,15,30,0.25,1,3d,default,nonlooping,volume,1,0,25,250,75,0.25,no,yes,none,0,,no,,,yes,no,no,0,0,yes,no,,0,,no,no,no
wpn_ak47_raise_npc,raw\sound\fly\gear\rattle\fly_cloth_03.LN65.pc.snd.wav,,loaded,bus_fx,grp_foley,snp_foley,,30,0,75,75,75,500,500,allon,default,allon,default,4,8,priority,oldest,-90,90,15,30,0.25,1,3d,default,nonlooping,volume,1,0,25,250,75,0.25,no,yes,none,0,,no,,,yes,no,no,0,0,yes,no,,0,,no,no,no
wpn_ak47_raise_plr,raw\sound\fly\gear\rattle\fly_cloth_00.LN65.pc.snd.wav,,loaded,bus_fx,grp_foley,snp_foley,,30,0,86,89,0,5000,5000,allon,default,allon,default,8,8,priority,oldest,-88,84,70,70,0.25,1,2d,default,nonlooping,volume,1,0,0,0,0,0.25,no,yes,none,0,,no,,,yes,no,no,0,0,yes,no,,0,,no,no,no
wpn_ak47_raise_plr,raw\sound\fly\gear\rattle\fly_cloth_01.LN65.pc.snd.wav,,loaded,bus_fx,grp_foley,snp_foley,,30,0,86,89,0,5000,5000,allon,default,allon,default,8,8,priority,oldest,-88,84,70,70,0.25,1,2d,default,nonlooping,volume,1,0,0,0,0,0.25,no,yes,none,0,,no,,,yes,no,no,0,0,yes,no,,0,,no,no,no
wpn_ak47_raise_plr,raw\sound\fly\gear\rattle\fly_cloth_02.LN65.pc.snd.wav,,loaded,bus_fx,grp_foley,snp_foley,,30,0,86,89,0,5000,5000,allon,default,allon,default,8,8,priority,oldest,-88,84,70,70,0.25,1,2d,default,nonlooping,volume,1,0,0,0,0,0.25,no,yes,none,0,,no,,,yes,no,no,0,0,yes,no,,0,,no,no,no
wpn_ak47_raise_plr,raw\sound\fly\gear\rattle\fly_cloth_03.LN65.pc.snd.wav,,loaded,bus_fx,grp_foley,snp_foley,,30,0,86,89,0,5000,5000,allon,default,allon,default,8,8,priority,oldest,-88,84,70,70,0.25,1,2d,default,nonlooping,volume,1,0,0,0,0,0.25,no,yes,none,0,,no,,,yes,no,no,0,0,yes,no,,0,,no,no,no
wpn_ak47_silencer_fire_npc,raw\sound\wpn\assault\m27\plr\shot\silenced\wpn_m27_sil_shot_plr.LN65.pc.snd.wav,wpn_ak47_silencer_LFE_npc,loaded,bus_fx,grp_weapon,snp_wpn_3p,,0,0,82,82,900,900,901,cosdelay,alloff,cosdelay,default,8,2,priority,oldest,-50,50,40,90,0.25,0.8,3d,default,nonlooping,volume,1,0,0,0,0,0.25,no,no,none,0,,no,,,yes,no,no,0,0,yes,no,,0,,no,no,no
wpn_ak47_silencer_fire_npc_decay,raw\sound\wpn\assault\decay\int\silenced\wpn_aslt_decay_silenced_int.LN65.pc.snd.wav,,loaded,bus_fx,grp_weapon,snp_wpn_3p,,55,0,67,67,50,900,900,allon,default,rcurve1,default,3,1,priority,oldest,-100,100,20,70,0.15,1,3d,default,nonlooping,volume,1,0,0,0,0,0.25,no,no,none,0,,no,ringoff_plr,indoor,yes,no,no,0,0,yes,no,,0,,no,no,no
wpn_ak47_silencer_fire_npc_decay,raw\sound\wpn\pistol\decay\ext\silenced\wpn_pistol_decay_silenced_ext.LN65.pc.snd.wav,,loaded,bus_fx,grp_weapon,snp_wpn_3p,,55,0,77,77,50,900,900,allon,default,rcurve1,default,3,1,priority,oldest,-100,100,20,70,0.15,1,3d,default,nonlooping,volume,1,0,0,0,0,0.25,no,no,none,0,,no,ringoff_plr,outdoor,yes,no,no,0,0,yes,no,,0,,no,no,no
wpn_ak47_silencer_fire_plr,raw\sound\wpn\assault\m27\plr\shot\silenced\wpn_m27_sil_shot_plr.LN65.pc.snd.wav,wpn_ak47_silencer_LFE,loaded,bus_fx,grp_weapon,snp_wpn_1p,,0,0,93,93,0,5000,5000,allon,default,allon,default,3,8,oldest,oldest,-50,50,90,90,0.25,1,2d,default,nonlooping,volume,1,0,0,0,0,0.25,no,no,none,0,,no,,,yes,no,no,0,0,yes,no,,0,,no,no,no
wpn_ak47_silencer_fire_plr_decay,raw\sound\wpn\assault\decay\int\silenced\wpn_aslt_decay_silenced_int.LN65.pc.snd.wav,,loaded,bus_fx,grp_weapon,snp_wpn_1p,,75,0,83,83,0,5000,5000,allon,default,allon,default,3,8,oldest,oldest,-50,50,90,90,0.25,1,2d,default,nonlooping,volume,1,0,0,0,0,0.25,no,no,none,0,,no,ringoff_plr,indoor,yes,no,no,0,0,yes,no,,0,,no,no,no
wpn_ak47_silencer_fire_plr_decay,raw\sound\wpn\pistol\decay\ext\silenced\wpn_pistol_decay_silenced_ext.LN65.pc.snd.wav,,loaded,bus_fx,grp_weapon,snp_wpn_1p,,70,0,83,83,0,5000,5000,allon,default,allon,default,3,8,oldest,oldest,-50,50,90,90,0.25,1,2d,default,nonlooping,volume,1,0,0,0,0,0.25,no,no,none,0,,no,ringoff_plr,outdoor,yes,no,no,0,0,yes,no,,0,,no,no,no
wpn_ak47_silencer_lfe,raw\sound\wpn\smg\mp7\plr\lfe\wpn_mp7_fire_lfe.LN65.pc.snd.wav,wpn_ak47_silencer_fire_plr_decay,loaded,bus_hdrfx,grp_wpn_lfe,snp_wpn_1p,,0,0,86,86,0,5000,5000,allon,default,allon,default,8,2,priority,oldest,0,0,85,90,0.25,1,2d,default,nonlooping,volume,1,0,0,0,0,0.25,no,no,none,0,,no,,,no,no,no,0,0,yes,no,,0,,no,no,no
wpn_ak47_silencer_LFE_npc,raw\sound\wpn\smg\mp7\plr\lfe\wpn_mp7_fire_lfe.LN65.pc.snd.wav,wpn_ak47_silencer_fire_npc_decay,loaded,bus_hdrfx,grp_wpn_lfe,snp_wpn_3p,,0,0,81,81,25,225,225,allon,default,allon,default,3,1,priority,oldest,0,0,40,90,0.25,0.75,3d,default,nonlooping,volume,1,0,0,0,0,0.25,no,no,none,0,,no,,,no,no,no,0,0,yes,no,,0,,no,no,no
wpn_minigun_1straise_npc,raw\sound\fly\gear\rattle\fly_cloth_00.LN65.pc.snd.wav,,loaded,bus_fx,grp_foley,snp_foley,,30,0,75,75,75,500,500,allon,default,allon,default,4,8,priority,oldest,-90,90,15,30,0.25,1,3d,default,nonlooping,volume,1,0,25,250,75,0.25,no,yes,none,0,,no,,,yes,no,no,0,0,yes,no,,0,,no,no,no
wpn_minigun_1straise_npc,raw\sound\fly\gear\rattle\fly_cloth_01.LN65.pc.snd.wav,,loaded,bus_fx,grp_foley,snp_foley,,30,0,75,75,75,500,500,allon,default,allon,default,4,8,priority,oldest,-90,90,15,30,0.25,1,3d,default,nonlooping,volume,1,0,25,250,75,0.25,no,yes,none,0,,no,,,yes,no,no,0,0,yes,no,,0,,no,no,no
wpn_minigun_1straise_npc,raw\sound\fly\gear\rattle\fly_cloth_02.LN65.pc.snd.wav,,loaded,bus_fx,grp_foley,snp_foley,,30,0,75,75,75,500,500,allon,default,allon,default,4,8,priority,oldest,-90,90,15,30,0.25,1,3d,default,nonlooping,volume,1,0,25,250,75,0.25,no,yes,none,0,,no,,,yes,no,no,0,0,yes,no,,0,,no,no,no
wpn_minigun_1straise_npc,raw\sound\fly\gear\rattle\fly_cloth_03.LN65.pc.snd.wav,,loaded,bus_fx,grp_foley,snp_foley,,30,0,75,75,75,500,500,allon,default,allon,default,4,8,priority,oldest,-90,90,15,30,0.25,1,3d,default,nonlooping,volume,1,0,25,250,75,0.25,no,yes,none,0,,no,,,yes,no,no,0,0,yes,no,,0,,no,no,no
wpn_minigun_1straise_plr,raw\sound\fly\gear\rattle\fly_cloth_00.LN65.pc.snd.wav,,loaded,bus_fx,grp_foley,snp_foley,,30,0,86,89,0,5000,5000,allon,default,allon,default,8,8,priority,oldest,-88,84,70,70,0.25,1,2d,default,nonlooping,volume,1,0,0,0,0,0.25,no,yes,none,0,,no,,,yes,no,no,0,0,yes,no,,0,,no,no,no
wpn_minigun_1straise_plr,raw\sound\fly\gear\rattle\fly_cloth_01.LN65.pc.snd.wav,,loaded,bus_fx,grp_foley,snp_foley,,30,0,86,89,0,5000,5000,allon,default,allon,default,8,8,priority,oldest,-88,84,70,70,0.25,1,2d,default,nonlooping,volume,1,0,0,0,0,0.25,no,yes,none,0,,no,,,yes,no,no,0,0,yes,no,,0,,no,no,no
wpn_minigun_1straise_plr,raw\sound\fly\gear\rattle\fly_cloth_02.LN65.pc.snd.wav,,loaded,bus_fx,grp_foley,snp_foley,,30,0,86,89,0,5000,5000,allon,default,allon,default,8,8,priority,oldest,-88,84,70,70,0.25,1,2d,default,nonlooping,volume,1,0,0,0,0,0.25,no,yes,none,0,,no,,,yes,no,no,0,0,yes,no,,0,,no,no,no
wpn_minigun_1straise_plr,raw\sound\fly\gear\rattle\fly_cloth_03.LN65.pc.snd.wav,,loaded,bus_fx,grp_foley,snp_foley,,30,0,86,89,0,5000,5000,allon,default,allon,default,8,8,priority,oldest,-88,84,70,70,0.25,1,2d,default,nonlooping,volume,1,0,0,0,0,0.25,no,yes,none,0,,no,,,yes,no,no,0,0,yes,no,,0,,no,no,no
wpn_minigun_dist_loop_npc,raw\sound\wpn\lmg\minigun\wpn_minigun_dist_loop_npc.LL65.pc.snd.wav,,loaded,bus_fx,grp_weapon,snp_wpn_3p,,80,0,85,85,250,1000,2500,sindelay,default,sindelay,allon,8,1,priority,reject,-300,300,90,40,0.25,1,3d,default,looping,,1,0,0,0,0,0.25,no,no,none,0,,no,,,yes,no,no,0,0,yes,no,,0,,no,no,no
wpn_minigun_dist_loop_ring_npc,raw\sound\wpn\lmg\minigun\wpn_minigun_dist_ring_npc.LN65.pc.snd.wav,,loaded,bus_fx,grp_weapon,snp_wpn_3p,,80,0,85,85,250,1000,2500,sindelay,default,sindelay,allon,8,1,priority,reject,-300,300,90,40,0.25,1,3d,default,nonlooping,,1,0,0,0,0,0.25,no,no,none,0,,no,,,yes,no,no,0,0,yes,no,,0,,no,no,no
wpn_minigun_dryfire_npc,raw\sound\wpn\lmg\dry_fire\npc\dry_fire_00.LN65.pc.snd.wav,,loaded,bus_fx,grp_weapon,snp_wpn_3p,,70,0,85,85,900,900,901,cosdelay,alloff,cosdelay,default,8,2,priority,oldest,-100,100,50,90,0.25,0.8,3d,default,nonlooping,volume pitch,1,0,0,0,0,0.25,no,no,none,0,,no,,,yes,no,no,0,0,yes,no,,0,,no,no,no
wpn_minigun_dryfire_plr,,,loaded,bus_fx,grp_weapon,snp_wpn_1p,,70,0,93,93,0,5000,5000,allon,default,allon,default,2,8,oldest,oldest,0,0,90,90,0.25,1,2d,default,nonlooping,volume,1,0,0,0,0,0.25,no,no,none,0,,no,,,yes,no,no,0,0,yes,no,,0,,no,no,no
wpn_minigun_fire_lfe_ring_plr,raw\sound\wpn\lmg\minigun\wpn_minigun_shot_lfe_ring_plr.LN65.pc.snd.wav,,loaded,bus_hdrfx,grp_wpn_lfe,snp_wpn_1p,,0,0,71,71,0,5000,5000,allon,default,allon,default,8,2,priority,oldest,0,0,85,90,0.25,1,2d,default,nonlooping,volume,1,0,0,0,0,0.25,no,no,none,0,,no,,,no,no,no,0,0,yes,no,,0,,no,no,no
wpn_minigun_fire_loop_lfe_plr,raw\sound\wpn\lmg\minigun\wpn_minigun_shot_loop_lfe_plr.LL65.pc.snd.wav,,loaded,bus_fx,grp_weapon,snp_wpn_1p,,0,0,0,0,0,5000,5000,allon,default,allon,default,1,1,reject,reject,0,0,90,90,0.25,1,2d,default,looping,volume,1,0,0,0,0,0.25,no,no,none,0,,no,,,yes,no,no,0,0,yes,no,,0,,no,no,no
wpn_minigun_fire_loop_npc,raw\sound\wpn\lmg\minigun\dmachine\plr\loop\loop.LL65.pc.snd.wav,,loaded,bus_fx,grp_weapon,snp_wpn_3p,,90,0,74,74,750,2500,2500,cosdelay,alloff,cosdelay,default,8,1,priority,reject,-100,100,50,90,0.25,0.8,3d,default,looping,volume pitch,1,0,0,0,0,0.25,no,no,none,0,,no,,,yes,no,no,0,0,yes,no,,0,,no,no,no
wpn_minigun_fire_loop_plr,raw\sound\wpn\lmg\minigun\dmachine\plr\loop\loop.LL65.pc.snd.wav,wpn_minigun_fire_loop_lfe_plr,loaded,bus_hdrfx,grp_weapon,snp_wpn_1p,,70,0,75,75,0,5000,5000,allon,default,allon,default,1,1,reject,reject,0,0,90,90,0.25,1,2d,default,looping,volume,1,0,0,0,0,0.25,no,no,none,0,,no,,,yes,no,no,0,0,yes,no,,0,,no,no,no
wpn_minigun_fire_loop_ring_npc,raw\sound\wpn\lmg\minigun\wpn_minigun_shot_loop_ring_npc.LN65.pc.snd.wav,wpn_minigun_dist_loop_ring_npc,loaded,bus_fx,grp_weapon,snp_wpn_3p,,70,0,74,74,250,1000,2500,cosdelay,alloff,cosdelay,default,8,1,priority,reject,-100,100,50,90,0.25,0.8,3d,default,nonlooping,volume pitch,1,0,0,0,0,0.25,no,no,none,0,,no,,,yes,no,no,0,0,yes,no,,0,,no,no,no
wpn_minigun_fire_loop_ring_plr,raw\sound\wpn\claw\mini_gun\fire\wpn_claw_fire_stop_npc.LN65.pc.snd.wav,wpn_minigun_fire_lfe_ring_plr,loaded,bus_fx,grp_weapon,snp_wpn_1p,,70,0,75,75,0,5000,5000,allon,default,allon,default,2,8,oldest,oldest,0,0,90,90,0.25,1,2d,default,nonlooping,volume,1,0,0,0,0,0.25,no,no,none,0,,no,,,yes,no,no,0,0,yes,no,,0,,no,no,no
wpn_minigun_loop_npc,raw\sound\wpn\lmg\minigun\dmachine\plr\wpn_minigun_loop_plr.LL65.pc.snd.wav,,loaded,bus_fx,grp_weapon,snp_wpn_3p,,75,0,67,67,250,1000,2500,allon,default,rcurve1,default,10,1,priority,reject,-100,100,50,90,0.35,1,3d,default,looping,volume pitch,1,0,0,0,0,0.25,no,no,none,0,,no,,,yes,no,no,0,0,yes,no,,0,,no,no,no
wpn_minigun_loop_plr,raw\sound\wpn\lmg\minigun\dmachine\plr\wpn_minigun_loop_plr.LL65.pc.snd.wav,,loaded,bus_fx,grp_weapon,snp_wpn_1p,,80,0,69,69,0,5000,5000,allon,default,allon,default,8,8,priority,oldest,0,0,90,90,0.25,1,2d,default,looping,volume,1,0,0,0,0,0.25,no,no,none,0,,no,,,yes,no,no,0,0,yes,no,,0,,no,no,no
wpn_minigun_pickup_npc,raw\sound\fly\pickups\weapon\fly_weapon_pickup_00.LN65.pc.snd.wav,,loaded,bus_fx,grp_foley,snp_foley,,30,0,75,75,75,500,500,allon,default,allon,default,2,1,priority,reject,-50,50,15,30,0.25,1,3d,default,nonlooping,volume,1,0,25,250,75,0.25,no,yes,none,0,,no,,,yes,no,no,0,0,yes,no,,0,,no,no,no
wpn_minigun_pickup_npc,raw\sound\fly\pickups\weapon\fly_weapon_pickup_01.LN65.pc.snd.wav,,loaded,bus_fx,grp_foley,snp_foley,,30,0,75,75,75,500,500,allon,default,allon,default,2,1,priority,reject,-50,50,15,30,0.25,1,3d,default,nonlooping,volume,1,0,25,250,75,0.25,no,yes,none,0,,no,,,yes,no,no,0,0,yes,no,,0,,no,no,no
wpn_minigun_pickup_plr,raw\sound\fly\pickups\weapon\fly_weapon_pickup_00.LN65.pc.snd.wav,,loaded,bus_fx,grp_foley,snp_foley,,30,0,86,89,0,5000,5000,allon,default,allon,default,8,8,priority,oldest,-88,84,70,70,0.25,1,2d,default,nonlooping,volume,1,0,0,0,0,0.25,no,yes,none,0,,no,,,yes,no,no,0,0,yes,no,,0,,no,no,no
wpn_minigun_pickup_plr,raw\sound\fly\pickups\weapon\fly_weapon_pickup_01.LN65.pc.snd.wav,,loaded,bus_fx,grp_foley,snp_foley,,30,0,86,89,0,5000,5000,allon,default,allon,default,8,8,priority,oldest,-88,84,70,70,0.25,1,2d,default,nonlooping,volume,1,0,0,0,0,0.25,no,yes,none,0,,no,,,yes,no,no,0,0,yes,no,,0,,no,no,no
wpn_minigun_raise_npc,raw\sound\wpn\lmg\minigun\foley\fly_minigun_up.LN65.pc.snd.wav,,loaded,bus_fx,grp_foley,snp_foley,,30,0,75,75,75,500,500,allon,default,allon,default,4,8,priority,oldest,-90,90,15,30,0.25,1,3d,default,nonlooping,volume,1,0,25,250,75,0.25,no,yes,none,0,,no,,,yes,no,no,0,0,yes,no,,0,,no,no,no
wpn_minigun_raise_plr,raw\sound\wpn\lmg\minigun\foley\fly_minigun_up.LN65.pc.snd.wav,,loaded,bus_fx,grp_foley,snp_foley,,30,0,86,89,0,5000,5000,allon,default,allon,default,8,8,priority,oldest,-88,84,70,70,0.25,1,2d,default,nonlooping,volume,1,0,0,0,0,0.25,no,yes,none,0,,no,,,yes,no,no,0,0,yes,no,,0,,no,no,no
wpn_minigun_start_npc,raw\sound\wpn\lmg\minigun\dmachine\plr\wpn_minigun_start_plr.LN65.pc.snd.wav,,loaded,bus_fx,grp_weapon,snp_wpn_3p,,75,0,67,67,250,1000,2500,allon,default,rcurve1,default,10,1,priority,reject,-100,100,50,90,0.35,1,3d,default,nonlooping,volume pitch,1,0,0,0,0,0.25,no,no,none,0,,no,,,yes,no,no,0,0,yes,no,,0,,no,no,no
wpn_minigun_start_plr,raw\sound\wpn\lmg\minigun\dmachine\plr\wpn_minigun_start_plr.LN65.pc.snd.wav,,loaded,bus_fx,grp_weapon,snp_wpn_1p,,80,0,70,70,0,5000,5000,allon,default,allon,default,1,1,reject,reject,0,0,90,90,0.25,1,2d,default,nonlooping,volume,1,0,0,0,0,0.25,no,no,none,0,,no,,,yes,no,no,0,0,yes,no,,0,,no,no,no
wpn_minigun_stop_npc,raw\sound\wpn\lmg\minigun\dmachine\plr\wpn_minigun_stop_plr.LN65.pc.snd.wav,,loaded,bus_fx,grp_weapon,snp_wpn_3p,,75,0,67,67,250,1000,2500,allon,default,rcurve1,default,10,1,priority,reject,-100,100,50,90,0.35,1,3d,default,nonlooping,volume pitch,1,0,0,0,0,0.25,no,no,none,0,,no,,,yes,no,no,0,0,yes,no,,0,,no,no,no
wpn_minigun_stop_plr,raw\sound\wpn\lmg\minigun\dmachine\plr\wpn_minigun_stop_plr.LN65.pc.snd.wav,,loaded,bus_fx,grp_weapon,snp_wpn_1p,,80,0,70,70,0,5000,5000,allon,default,allon,default,1,1,reject,reject,0,0,90,90,0.25,1,2d,default,nonlooping,volume,1,0,0,0,0,0.25,no,no,none,0,,no,,,yes,no,no,0,0,yes,no,,0,,no,no,no
wpn_vulcan_1straise_npc,raw\sound\fly\gear\rattle\fly_cloth_00.LN65.pc.snd.wav,,loaded,bus_fx,grp_foley,snp_foley,,30,0,75,75,75,500,500,allon,default,allon,default,4,8,priority,oldest,-90,90,15,30,0.25,1,3d,default,nonlooping,volume,1,0,25,250,75,0.25,no,yes,none,0,,no,,,yes,no,no,0,0,yes,no,,0,,no,no,no
wpn_vulcan_1straise_npc,raw\sound\fly\gear\rattle\fly_cloth_01.LN65.pc.snd.wav,,loaded,bus_fx,grp_foley,snp_foley,,30,0,75,75,75,500,500,allon,default,allon,default,4,8,priority,oldest,-90,90,15,30,0.25,1,3d,default,nonlooping,volume,1,0,25,250,75,0.25,no,yes,none,0,,no,,,yes,no,no,0,0,yes,no,,0,,no,no,no
wpn_vulcan_1straise_npc,raw\sound\fly\gear\rattle\fly_cloth_02.LN65.pc.snd.wav,,loaded,bus_fx,grp_foley,snp_foley,,30,0,75,75,75,500,500,allon,default,allon,default,4,8,priority,oldest,-90,90,15,30,0.25,1,3d,default,nonlooping,volume,1,0,25,250,75,0.25,no,yes,none,0,,no,,,yes,no,no,0,0,yes,no,,0,,no,no,no
wpn_vulcan_1straise_npc,raw\sound\fly\gear\rattle\fly_cloth_03.LN65.pc.snd.wav,,loaded,bus_fx,grp_foley,snp_foley,,30,0,75,75,75,500,500,allon,default,allon,default,4,8,priority,oldest,-90,90,15,30,0.25,1,3d,default,nonlooping,volume,1,0,25,250,75,0.25,no,yes,none,0,,no,,,yes,no,no,0,0,yes,no,,0,,no,no,no
wpn_vulcan_1straise_plr,raw\sound\fly\gear\rattle\fly_cloth_00.LN65.pc.snd.wav,,loaded,bus_fx,grp_foley,snp_foley,,30,0,86,89,0,5000,5000,allon,default,allon,default,8,8,priority,oldest,-88,84,70,70,0.25,1,2d,default,nonlooping,volume,1,0,0,0,0,0.25,no,yes,none,0,,no,,,yes,no,no,0,0,yes,no,,0,,no,no,no
wpn_vulcan_1straise_plr,raw\sound\fly\gear\rattle\fly_cloth_01.LN65.pc.snd.wav,,loaded,bus_fx,grp_foley,snp_foley,,30,0,86,89,0,5000,5000,allon,default,allon,default,8,8,priority,oldest,-88,84,70,70,0.25,1,2d,default,nonlooping,volume,1,0,0,0,0,0.25,no,yes,none,0,,no,,,yes,no,no,0,0,yes,no,,0,,no,no,no
wpn_vulcan_1straise_plr,raw\sound\fly\gear\rattle\fly_cloth_02.LN65.pc.snd.wav,,loaded,bus_fx,grp_foley,snp_foley,,30,0,86,89,0,5000,5000,allon,default,allon,default,8,8,priority,oldest,-88,84,70,70,0.25,1,2d,default,nonlooping,volume,1,0,0,0,0,0.25,no,yes,none,0,,no,,,yes,no,no,0,0,yes,no,,0,,no,no,no
wpn_vulcan_1straise_plr,raw\sound\fly\gear\rattle\fly_cloth_03.LN65.pc.snd.wav,,loaded,bus_fx,grp_foley,snp_foley,,30,0,86,89,0,5000,5000,allon,default,allon,default,8,8,priority,oldest,-88,84,70,70,0.25,1,2d,default,nonlooping,volume,1,0,0,0,0,0.25,no,yes,none,0,,no,,,yes,no,no,0,0,yes,no,,0,,no,no,no
wpn_vulcan_dist_loop_npc,raw\sound\wpn\lmg\vulcan\npc\fire\dist\wpn_vulcan_fire_loop_dist_npc.LL65.pc.snd.wav,,loaded,bus_fx,grp_weapon,snp_wpn_3p,,80,0,85,85,900,6000,12500,sindelay,default,sindelay,allon,8,1,priority,reject,0,0,90,40,0.25,1,3d,default,looping,,1,0,0,0,0,0.25,no,no,none,0,,no,,,yes,no,no,0,200,yes,no,,0,,no,no,no
wpn_vulcan_dist_loop_ring_npc,raw\sound\wpn\lmg\vulcan\npc\fire\dist\wpn_vulcan_fire_stop_dist_npc.LN65.pc.snd.wav,,loaded,bus_fx,grp_weapon,snp_wpn_3p,,80,0,85,85,900,6000,12500,sindelay,default,sindelay,allon,8,1,priority,reject,0,0,90,40,0.25,1,3d,default,nonlooping,,1,0,0,0,0,0.25,no,no,none,0,,no,,,yes,no,no,50,0,yes,no,,0,,no,no,no
wpn_vulcan_dryfire_npc,raw\sound\wpn\lmg\dry_fire\npc\dry_fire_00.LN65.pc.snd.wav,,loaded,bus_fx,grp_weapon,snp_wpn_3p,,70,0,85,85,900,900,901,cosdelay,alloff,cosdelay,default,8,2,priority,oldest,-100,100,50,90,0.25,0.8,3d,default,nonlooping,volume pitch,1,0,0,0,0,0.25,no,no,none,0,,no,,,yes,no,no,0,0,yes,no,,0,,no,no,no
wpn_vulcan_dryfire_plr,,,loaded,bus_fx,grp_weapon,snp_wpn_1p,,70,0,93,93,0,5000,5000,allon,default,allon,default,2,8,oldest,oldest,0,0,90,90,0.25,1,2d,default,nonlooping,volume,1,0,0,0,0,0.25,no,no,none,0,,no,,,yes,no,no,0,0,yes,no,,0,,no,no,no
wpn_vulcan_fire_lfe_ring_plr,raw\sound\wpn\lmg\minigun\wpn_minigun_shot_lfe_ring_plr.LN65.pc.snd.wav,,loaded,bus_hdrfx,grp_wpn_lfe,snp_wpn_1p,,0,0,86,86,0,5000,5000,allon,default,allon,default,1,2,oldest,oldest,0,0,85,90,0.25,1,2d,default,nonlooping,volume,1,0,0,0,0,0.25,no,no,none,0,,no,,,no,no,no,0,0,yes,no,,0,,no,no,no
wpn_vulcan_fire_loop_lfe_plr,raw\sound\wpn\lmg\vulcan\plr\lfe\wpn_vulcan_fire_lfe_plr.LL65.pc.snd.wav,,loaded,bus_hdrfx,grp_wpn_lfe,snp_wpn_1p,,0,0,86,86,0,5000,5000,allon,default,allon,default,8,1,priority,reject,0,0,85,90,0.25,1,2d,default,looping,volume,1,0,0,0,0,0.25,no,no,none,0,,no,,,no,no,no,0,0,yes,no,,0,,no,no,no
wpn_vulcan_fire_loop_npc,raw\sound\wpn\lmg\vulcan\plr\fire\wpn_vulcan_fire_loop_plr.LL65.pc.snd.wav,wpn_vulcan_dist_loop_npc,loaded,bus_fx,grp_weapon,snp_wpn_3p,,70,0,85,85,900,900,901,cosdelay,alloff,cosdelay,default,8,1,priority,reject,0,0,50,90,0.25,0.8,3d,default,looping,volume pitch,1,150,0,0,0,0.25,no,no,none,0,,no,,,yes,no,no,50,200,yes,no,,0,,no,no,no
wpn_vulcan_fire_loop_plr,raw\sound\wpn\lmg\vulcan\plr\fire\wpn_vulcan_fire_loop_plr.LL65.pc.snd.wav,,loaded,bus_fx,grp_weapon,snp_wpn_1p,,70,0,93,93,0,5000,5000,allon,default,allon,default,2,8,oldest,oldest,0,0,90,90,0.25,1,2d,default,looping,volume,1,500,0,0,0,0.25,no,no,none,0,,no,,,yes,no,no,50,200,yes,no,,0,,no,no,no
wpn_vulcan_fire_loop_ring_npc,raw\sound\wpn\lmg\vulcan\plr\fire\wpn_vulcan_fire_stop_plr.LN65.pc.snd.wav,wpn_vulcan_dist_loop_ring_npc,loaded,bus_fx,grp_weapon,snp_wpn_3p,,70,0,85,85,900,900,901,cosdelay,alloff,cosdelay,default,8,1,priority,reject,0,0,50,90,0.25,0.8,3d,default,nonlooping,volume pitch,1,0,0,0,0,0.25,no,no,none,0,,no,,,yes,no,no,0,0,yes,no,,0,,no,no,no
wpn_vulcan_fire_loop_ring_plr,raw\sound\wpn\lmg\vulcan\plr\fire\wpn_vulcan_fire_stop_plr.LN65.pc.snd.wav,,loaded,bus_fx,grp_weapon,snp_wpn_1p,,70,0,93,93,0,5000,5000,allon,default,allon,default,1,8,oldest,oldest,0,0,90,90,0.25,1,2d,default,nonlooping,volume,1,0,0,0,0,0.25,no,no,none,0,,no,,,yes,no,no,50,0,yes,no,,0,,no,no,no
wpn_vulcan_fire_loop_start_npc,raw\sound\wpn\lmg\vulcan\plr\fire\wpn_vulcan_fire_stop_plr.LN65.pc.snd.wav,,loaded,bus_fx,grp_weapon,snp_wpn_3p,,70,0,85,85,900,900,901,cosdelay,alloff,cosdelay,default,8,1,priority,reject,0,0,50,90,0.25,0.8,3d,default,nonlooping,volume pitch,1,0,0,0,0,0.25,no,no,none,0,,no,,,yes,no,no,0,0,yes,no,,0,,no,no,no
wpn_vulcan_fire_loop_start_plr,raw\sound\wpn\lmg\vulcan\plr\fire\wpn_vulcan_fire_start_plr.LN65.pc.snd.wav,,loaded,bus_fx,grp_weapon,snp_wpn_1p,,70,0,93,93,0,5000,5000,allon,default,allon,default,1,8,oldest,oldest,0,0,90,90,0.25,1,2d,default,nonlooping,volume,1,0,0,0,0,0.25,no,no,none,0,,no,,,yes,no,no,0,0,yes,no,,0,,no,no,no
wpn_vulcan_fire_npc_pap,raw\sound\wpn\pap\pap_shot_st.LN65.pc.snd.wav,wpn_vulcan_flux_l_npc_pap,loaded,bus_fx,grp_weapon,snp_wpn_3p,,80,0,82,82,75,1250,1250,allon,default,allon,default,10,3,priority,oldest,-100,100,50,90,0.35,1,3d,default,nonlooping,volume pitch,1,0,0,0,0,0.25,no,no,none,0,,no,,,yes,no,no,0,0,yes,no,,0,,no,no,no
wpn_vulcan_fire_plr_pap,raw\sound\wpn\pap\pap_shot_st.LN65.pc.snd.wav,wpn_vulcan_flux_l_plr_pap,loaded,bus_hdrfx,grp_weapon,snp_wpn_1p,,70,0,87,87,0,5000,5000,allon,default,allon,default,1,8,oldest,oldest,0,0,90,90,0.25,1,2d,default,nonlooping,volume,1,0,0,0,0,0.25,no,no,none,0,,no,,,yes,no,no,0,0,yes,no,,0,,no,no,no
wpn_vulcan_flux_l_npc_pap,raw\sound\wpn\pap\pap_flux_left.LN65.pc.snd.wav,wpn_vulcan_flux_r_npc_pap,loaded,bus_fx,grp_weapon,snp_wpn_3p,,84,0,75,75,25,900,900,allon,default,allon,default,8,4,priority,priority,-34,34,85,90,0.25,1,3d,default,nonlooping,volume pitch,1,0,0,0,0,0.25,no,no,left_shot,4000,,no,,,yes,no,no,0,0,yes,no,,0,,no,no,no
wpn_vulcan_flux_l_plr_pap,raw\sound\wpn\pap\pap_flux_left.LN65.pc.snd.wav,wpn_vulcan_flux_r_plr_pap,loaded,bus_fx,grp_weapon,snp_wpn_3p,,84,0,75,75,25,900,900,allon,default,allon,default,8,4,priority,priority,-34,34,85,90,0.25,1,3d,default,nonlooping,volume pitch,1,0,0,0,0,0.25,no,no,left_shot,4000,,no,,,yes,no,no,0,0,yes,no,,0,,no,no,no
wpn_vulcan_flux_r_npc_pap,raw\sound\wpn\pap\pap_flux_right.LN65.pc.snd.wav,wpn_vulcan_fire_npc,loaded,bus_fx,grp_weapon,snp_wpn_3p,,84,0,75,75,25,900,900,allon,default,allon,default,8,4,priority,priority,-34,34,85,90,0.25,1,3d,default,nonlooping,volume pitch,1,0,0,0,0,0.25,no,no,right_shot,4000,,no,,,yes,no,no,0,0,yes,no,,0,,no,no,no
wpn_vulcan_flux_r_plr_pap,raw\sound\wpn\pap\pap_flux_right.LN65.pc.snd.wav,wpn_vulcan_fire_plr,loaded,bus_fx,grp_weapon,snp_wpn_3p,,84,0,75,75,25,900,900,allon,default,allon,default,8,4,priority,priority,-34,34,85,90,0.25,1,3d,default,nonlooping,volume pitch,1,0,0,0,0,0.25,no,no,right_shot,4000,,no,,,yes,no,no,0,0,yes,no,,0,,no,no,no
wpn_vulcan_loop_npc,raw\sound\wpn\lmg\vulcan\plr\spool\wpn_vulcan_loop_plr.LL65.pc.snd.wav,,loaded,bus_fx,grp_weapon,snp_wpn_3p,,75,0,67,67,200,350,350,allon,default,rcurve1,default,10,1,priority,reject,0,0,50,90,0.35,1,3d,default,looping,volume pitch,1,466,0,0,0,0.25,no,no,none,0,,no,,,yes,no,no,0,0,yes,no,,0,,no,no,no
wpn_vulcan_loop_plr,raw\sound\wpn\lmg\vulcan\plr\spool\wpn_vulcan_loop_plr.LL65.pc.snd.wav,,loaded,bus_fx,grp_weapon,snp_wpn_1p,,10,0,80,80,0,5000,5000,allon,default,allon,default,1,8,reject,oldest,0,0,90,90,0.25,1,2d,default,looping,volume,1,750,0,0,0,0.25,no,no,none,0,,no,,,yes,no,no,50,50,yes,no,,0,,no,no,no
wpn_vulcan_pickup_npc,raw\sound\fly\pickups\weapon\fly_weapon_pickup_00.LN65.pc.snd.wav,,loaded,bus_fx,grp_foley,snp_foley,,30,0,75,75,75,500,500,allon,default,allon,default,2,1,priority,reject,-50,50,15,30,0.25,1,3d,default,nonlooping,volume,1,0,25,250,75,0.25,no,yes,none,0,,no,,,yes,no,no,0,0,yes,no,,0,,no,no,no
wpn_vulcan_pickup_npc,raw\sound\fly\pickups\weapon\fly_weapon_pickup_01.LN65.pc.snd.wav,,loaded,bus_fx,grp_foley,snp_foley,,30,0,75,75,75,500,500,allon,default,allon,default,2,1,priority,reject,-50,50,15,30,0.25,1,3d,default,nonlooping,volume,1,0,25,250,75,0.25,no,yes,none,0,,no,,,yes,no,no,0,0,yes,no,,0,,no,no,no
wpn_vulcan_pickup_plr,raw\sound\fly\pickups\weapon\fly_weapon_pickup_00.LN65.pc.snd.wav,,loaded,bus_fx,grp_foley,snp_foley,,30,0,86,89,0,5000,5000,allon,default,allon,default,8,8,priority,oldest,-88,84,70,70,0.25,1,2d,default,nonlooping,volume,1,0,0,0,0,0.25,no,yes,none,0,,no,,,yes,no,no,0,0,yes,no,,0,,no,no,no
wpn_vulcan_pickup_plr,raw\sound\fly\pickups\weapon\fly_weapon_pickup_01.LN65.pc.snd.wav,,loaded,bus_fx,grp_foley,snp_foley,,30,0,86,89,0,5000,5000,allon,default,allon,default,8,8,priority,oldest,-88,84,70,70,0.25,1,2d,default,nonlooping,volume,1,0,0,0,0,0.25,no,yes,none,0,,no,,,yes,no,no,0,0,yes,no,,0,,no,no,no
wpn_vulcan_raise_npc,raw\sound\wpn\lmg\minigun\foley\fly_minigun_up.LN65.pc.snd.wav,,loaded,bus_fx,grp_foley,snp_foley,,30,0,75,75,75,500,500,allon,default,allon,default,4,8,priority,oldest,-90,90,15,30,0.25,1,3d,default,nonlooping,volume,1,0,25,250,75,0.25,no,yes,none,0,,no,,,yes,no,no,0,0,yes,no,,0,,no,no,no
wpn_vulcan_raise_plr,raw\sound\wpn\lmg\minigun\foley\fly_minigun_up.LN65.pc.snd.wav,,loaded,bus_fx,grp_foley,snp_foley,,30,0,86,89,0,5000,5000,allon,default,allon,default,8,8,priority,oldest,-88,84,70,70,0.25,1,2d,default,nonlooping,volume,1,0,0,0,0,0.25,no,yes,none,0,,no,,,yes,no,no,0,0,yes,no,,0,,no,no,no
wpn_vulcan_start_npc,raw\sound\wpn\lmg\vulcan\plr\spool\wpn_vulcan_start_plr.LN65.pc.snd.wav,,loaded,bus_fx,grp_weapon,snp_wpn_3p,,75,0,67,67,200,350,350,allon,default,rcurve1,default,10,1,priority,reject,0,0,50,90,0.35,1,3d,default,nonlooping,volume pitch,1,0,0,0,0,0.25,no,no,none,0,,no,,,yes,no,no,0,0,yes,no,,0,,no,no,no
wpn_vulcan_start_plr,raw\sound\wpn\lmg\vulcan\plr\spool\wpn_vulcan_start_plr.LN65.pc.snd.wav,,loaded,bus_fx,grp_weapon,snp_wpn_1p,,10,0,80,80,0,5000,5000,allon,default,allon,default,1,8,reject,oldest,0,0,90,90,0.25,1,2d,default,nonlooping,volume,1,0,0,0,0,0.25,no,no,none,0,,no,,,yes,no,no,0,0,yes,no,,0,,no,no,no
wpn_vulcan_stop_npc,raw\sound\wpn\lmg\vulcan\plr\spool\wpn_vulcan_stop_plr.LN65.pc.snd.wav,,loaded,bus_fx,grp_weapon,snp_wpn_3p,,75,0,67,67,200,350,350,allon,default,rcurve1,default,10,1,priority,reject,0,0,50,90,0.35,1,3d,default,nonlooping,volume pitch,1,0,0,0,0,0.25,no,no,none,0,,no,,,yes,no,no,0,0,yes,no,,0,,no,no,no
wpn_vulcan_stop_plr,raw\sound\wpn\lmg\vulcan\plr\spool\wpn_vulcan_stop_plr.LN65.pc.snd.wav,,loaded,bus_fx,grp_weapon,snp_wpn_1p,,10,0,80,80,0,5000,5000,allon,default,allon,default,1,8,reject,oldest,0,0,90,90,0.25,1,2d,default,nonlooping,volume,1,0,0,0,0,0.25,no,no,none,0,,no,,,yes,no,no,300,0,yes,no,,0,,no,no,no
fly_mp40_charge_plr,raw\sound\zmb_blops\wpn\smg\ww2\mp40\foley\fly_mp40_charge.LN65.pc.snd.wav,,loaded,bus_fx,grp_foley,snp_foley,,30,0,86,89,0,5000,5000,allon,default,allon,default,8,8,priority,oldest,-88,84,70,70,0.25,1,2d,default,nonlooping,volume,1,0,0,0,0,0.25,no,yes,none,0,,no,,,yes,no,no,0,0,yes,no,,0,,no,no,no
fly_mp40_mag_in_plr,raw\sound\zmb_blops\wpn\smg\ww2\mp40\foley\fly_mp40_mag_in.LN65.pc.snd.wav,,loaded,bus_fx,grp_foley,snp_foley,,30,0,86,89,0,5000,5000,allon,default,allon,default,8,8,priority,oldest,-88,84,70,70,0.25,1,2d,default,nonlooping,volume,1,0,0,0,0,0.25,no,yes,none,0,,no,,,yes,no,no,0,0,yes,no,,0,,no,no,no
fly_mp40_mag_out_plr,raw\sound\zmb_blops\wpn\smg\ww2\mp40\foley\fly_mp40_mag_out.LN65.pc.snd.wav,,loaded,bus_fx,grp_foley,snp_foley,,30,0,86,89,0,5000,5000,allon,default,allon,default,8,8,priority,oldest,-88,84,70,70,0.25,1,2d,default,nonlooping,volume,1,0,0,0,0,0.25,no,yes,none,0,,no,,,yes,no,no,0,0,yes,no,,0,,no,no,no
wpn_mp40_1straise_npc,raw\sound\fly\gear\rattle\fly_cloth_00.LN65.pc.snd.wav,,loaded,bus_fx,grp_foley,snp_foley,,30,0,75,75,75,500,500,allon,default,allon,default,4,8,priority,oldest,-90,90,15,30,0.25,1,3d,default,nonlooping,volume,1,0,25,250,75,0.25,no,yes,none,0,,no,,,yes,no,no,0,0,yes,no,,0,,no,no,no
wpn_mp40_1straise_npc,raw\sound\fly\gear\rattle\fly_cloth_01.LN65.pc.snd.wav,,loaded,bus_fx,grp_foley,snp_foley,,30,0,75,75,75,500,500,allon,default,allon,default,4,8,priority,oldest,-90,90,15,30,0.25,1,3d,default,nonlooping,volume,1,0,25,250,75,0.25,no,yes,none,0,,no,,,yes,no,no,0,0,yes,no,,0,,no,no,no
wpn_mp40_1straise_npc,raw\sound\fly\gear\rattle\fly_cloth_02.LN65.pc.snd.wav,,loaded,bus_fx,grp_foley,snp_foley,,30,0,75,75,75,500,500,allon,default,allon,default,4,8,priority,oldest,-90,90,15,30,0.25,1,3d,default,nonlooping,volume,1,0,25,250,75,0.25,no,yes,none,0,,no,,,yes,no,no,0,0,yes,no,,0,,no,no,no
wpn_mp40_1straise_npc,raw\sound\fly\gear\rattle\fly_cloth_03.LN65.pc.snd.wav,,loaded,bus_fx,grp_foley,snp_foley,,30,0,75,75,75,500,500,allon,default,allon,default,4,8,priority,oldest,-90,90,15,30,0.25,1,3d,default,nonlooping,volume,1,0,25,250,75,0.25,no,yes,none,0,,no,,,yes,no,no,0,0,yes,no,,0,,no,no,no
wpn_mp40_1straise_plr,raw\sound\fly\gear\rattle\fly_cloth_00.LN65.pc.snd.wav,,loaded,bus_fx,grp_foley,snp_foley,,30,0,86,89,0,5000,5000,allon,default,allon,default,8,8,priority,oldest,-88,84,70,70,0.25,1,2d,default,nonlooping,volume,1,0,0,0,0,0.25,no,yes,none,0,,no,,,yes,no,no,0,0,yes,no,,0,,no,no,no
wpn_mp40_1straise_plr,raw\sound\fly\gear\rattle\fly_cloth_01.LN65.pc.snd.wav,,loaded,bus_fx,grp_foley,snp_foley,,30,0,86,89,0,5000,5000,allon,default,allon,default,8,8,priority,oldest,-88,84,70,70,0.25,1,2d,default,nonlooping,volume,1,0,0,0,0,0.25,no,yes,none,0,,no,,,yes,no,no,0,0,yes,no,,0,,no,no,no
wpn_mp40_1straise_plr,raw\sound\fly\gear\rattle\fly_cloth_02.LN65.pc.snd.wav,,loaded,bus_fx,grp_foley,snp_foley,,30,0,86,89,0,5000,5000,allon,default,allon,default,8,8,priority,oldest,-88,84,70,70,0.25,1,2d,default,nonlooping,volume,1,0,0,0,0,0.25,no,yes,none,0,,no,,,yes,no,no,0,0,yes,no,,0,,no,no,no
wpn_mp40_1straise_plr,raw\sound\fly\gear\rattle\fly_cloth_03.LN65.pc.snd.wav,,loaded,bus_fx,grp_foley,snp_foley,,30,0,86,89,0,5000,5000,allon,default,allon,default,8,8,priority,oldest,-88,84,70,70,0.25,1,2d,default,nonlooping,volume,1,0,0,0,0,0.25,no,yes,none,0,,no,,,yes,no,no,0,0,yes,no,,0,,no,no,no
wpn_mp40_bass_swt,raw\sound\wpn\smg\mp7\plr\lfe\wpn_mp7_fire_lfe.LN65.pc.snd.wav,,loaded,bus_hdrfx,grp_wpn_lfe,snp_wpn_1p,,0,0,86,86,0,5000,5000,allon,default,allon,default,1,2,priority,oldest,0,0,85,90,0.25,1,2d,default,nonlooping,volume,1,0,0,0,0,0.25,no,no,none,0,,no,,,no,no,no,0,0,yes,no,,0,,no,no,no
wpn_mp40_dryfire_npc,raw\sound\zmb_blops\wpn\assault\dry_fire\npc\dry_fire_00.LN65.pc.snd.wav,,loaded,bus_fx,grp_weapon,snp_wpn_3p,,55,0,82,82,900,900,901,cosdelay,alloff,cosdelay,default,8,2,priority,oldest,-125,125,40,90,0.25,0.8,3d,default,nonlooping,volume,1,0,0,0,0,0.25,no,no,none,0,,no,,,yes,no,no,0,0,yes,no,,0,,no,no,no
wpn_mp40_dryfire_plr,raw\sound\zmb_blops\wpn\assault\dry_fire\plr\dry_fire_00.LN65.pc.snd.wav,,loaded,bus_fx,grp_weapon,snp_wpn_1p,,65,0,93,93,0,5000,5000,allon,default,allon,default,3,8,oldest,oldest,0,0,90,90,0.25,1,2d,default,nonlooping,volume,1,0,0,0,0,0.25,no,no,none,0,,no,,,yes,no,no,0,0,yes,no,,0,,no,no,no
wpn_mp40_fire_npc,raw\sound\wpn\assault\mp40\shot\wpn_mp40_fire.LN65.pc.snd.wav,wpn_mp40_fire_npc_dist,loaded,bus_fx,grp_weapon,snp_wpn_3p,,55,0,82,82,900,900,901,cosdelay,alloff,cosdelay,default,8,2,priority,oldest,-125,125,40,90,0.25,0.8,3d,default,nonlooping,volume,1,0,0,0,0,0.25,no,no,none,0,,no,,,yes,no,no,0,0,yes,no,,0,,no,no,no
wpn_mp40_fire_npc_dist,raw\sound\wpn\dist_guns\ass\wpn_assault_dist_00.LN65.pc.snd.wav,wpn_mp40_LFE_npc,loaded,bus_fx,grp_weapon,snp_wpn_3p,,80,0,76,76,100,6000,12500,sindelay,default,sindelay,allon,10,3,oldest,oldest,0,0,90,40,0,1,3d,default,nonlooping,volume pitch,1,0,0,0,0,0.25,no,no,none,0,,no,,,yes,no,no,0,0,yes,no,,0,,no,no,no
wpn_mp40_fire_npc_dist,raw\sound\wpn\dist_guns\ass\wpn_assault_dist_01.LN65.pc.snd.wav,wpn_mp40_LFE_npc,loaded,bus_fx,grp_weapon,snp_wpn_3p,,80,0,76,76,100,6000,12500,sindelay,default,sindelay,allon,10,3,oldest,oldest,0,0,90,40,0,1,3d,default,nonlooping,volume pitch,1,0,0,0,0,0.25,no,no,none,0,,no,,,yes,no,no,0,0,yes,no,,0,,no,no,no
wpn_mp40_fire_npc_dist,raw\sound\wpn\dist_guns\ass\wpn_assault_dist_02.LN65.pc.snd.wav,wpn_mp40_LFE_npc,loaded,bus_fx,grp_weapon,snp_wpn_3p,,80,0,76,76,100,6000,12500,sindelay,default,sindelay,allon,10,3,oldest,oldest,0,0,90,40,0,1,3d,default,nonlooping,volume pitch,1,0,0,0,0,0.25,no,no,none,0,,no,,,yes,no,no,0,0,yes,no,,0,,no,no,no
wpn_mp40_fire_npc_dist,raw\sound\wpn\dist_guns\ass\wpn_assault_dist_03.LN65.pc.snd.wav,wpn_mp40_LFE_npc,loaded,bus_fx,grp_weapon,snp_wpn_3p,,80,0,76,76,100,6000,12500,sindelay,default,sindelay,allon,10,3,oldest,oldest,0,0,90,40,0,1,3d,default,nonlooping,volume pitch,1,0,0,0,0,0.25,no,no,none,0,,no,,,yes,no,no,0,0,yes,no,,0,,no,no,no
wpn_mp40_fire_npc_pap,raw\sound\zmb_blops\wpn\pap\pap_shot_m.LN65.pc.snd.wav,wpn_mp40_flux_l_npc_pap,loaded,bus_fx,grp_weapon,snp_wpn_3p,,80,0,82,82,75,1250,1250,allon,default,allon,default,10,3,priority,oldest,-100,100,50,90,0.35,1,3d,default,nonlooping,volume pitch,1,0,0,0,0,0.25,no,no,none,0,,no,,,yes,no,no,0,0,yes,no,,0,,no,no,no
wpn_mp40_fire_plr,raw\sound\wpn\assault\mp40\shot\wpn_mp40_fire.LN65.pc.snd.wav,wpn_mp40_fire_plr_decay,loaded,bus_fx,grp_weapon,snp_wpn_1p,,65,0,93,93,0,5000,5000,allon,default,allon,default,3,8,oldest,oldest,0,0,90,90,0.25,1,2d,default,nonlooping,volume,1,0,0,0,0,0.25,no,no,none,0,,no,,,yes,no,no,0,0,yes,no,,0,,no,no,no
wpn_mp40_fire_plr_decay,raw\sound\wpn\smg\decay\ext\wpn_smg_decay_ext.LN65.pc.snd.wav,wpn_mp40_bass_swt,loaded,bus_fx,grp_weapon,snp_wpn_1p,,60,0,80,80,0,5000,5000,allon,default,allon,default,3,8,oldest,oldest,-50,50,90,90,0.25,1,2d,default,nonlooping,volume,1,0,0,0,0,0.25,no,no,none,0,,no,ringoff_plr,outdoor,yes,no,no,0,0,yes,no,,0,,no,no,no
wpn_mp40_fire_plr_decay,raw\sound\wpn\smg\decay\int\wpn_smg_decay_int.LN65.pc.snd.wav,wpn_mp40_bass_swt,loaded,bus_fx,grp_weapon,snp_wpn_1p,,60,0,80,80,0,5000,5000,allon,default,allon,default,3,8,oldest,oldest,-50,50,90,90,0.25,1,2d,default,nonlooping,volume,1,0,0,0,0,0.25,no,no,none,0,,no,ringoff_plr,indoor,yes,no,no,0,0,yes,no,,0,,no,no,no
wpn_mp40_fire_plr_pap,raw\sound\zmb_blops\wpn\pap\pap_shot_st.LN65.pc.snd.wav,wpn_mp40_flux_l_plr_pap,loaded,bus_hdrfx,grp_weapon,snp_wpn_1p,,70,0,87,87,0,5000,5000,allon,default,allon,default,1,8,oldest,oldest,0,0,90,90,0.25,1,2d,default,nonlooping,volume,1,0,0,0,0,0.25,no,no,none,0,,no,,,yes,no,no,0,0,yes,no,,0,,no,no,no
wpn_mp40_flux_l_npc_pap,raw\sound\zmb_blops\wpn\pap\pap_flux_left.LN65.pc.snd.wav,wpn_mp40_flux_r_npc_pap,loaded,bus_fx,grp_weapon,snp_wpn_3p,,84,0,75,75,25,900,900,allon,default,allon,default,8,4,priority,priority,-34,34,85,90,0.25,1,3d,default,nonlooping,volume pitch,1,0,0,0,0,0.25,no,no,left_shot,4000,,no,,,yes,no,no,0,0,yes,no,,0,,no,no,no
wpn_mp40_flux_l_plr_pap,raw\sound\zmb_blops\wpn\pap\pap_flux_left.LN65.pc.snd.wav,wpn_mp40_flux_r_plr_pap,loaded,bus_fx,grp_weapon,snp_wpn_3p,,84,0,75,75,25,900,900,allon,default,allon,default,8,4,priority,priority,-34,34,85,90,0.25,1,3d,default,nonlooping,volume pitch,1,0,0,0,0,0.25,no,no,left_shot,4000,,no,,,yes,no,no,0,0,yes,no,,0,,no,no,no
wpn_mp40_flux_r_npc_pap,raw\sound\zmb_blops\wpn\pap\pap_flux_right.LN65.pc.snd.wav,wpn_mp40_fire_npc,loaded,bus_fx,grp_weapon,snp_wpn_3p,,84,0,75,75,25,900,900,allon,default,allon,default,8,4,priority,priority,-34,34,85,90,0.25,1,3d,default,nonlooping,volume pitch,1,0,0,0,0,0.25,no,no,right_shot,4000,,no,,,yes,no,no,0,0,yes,no,,0,,no,no,no
wpn_mp40_flux_r_plr_pap,raw\sound\zmb_blops\wpn\pap\pap_flux_right.LN65.pc.snd.wav,wpn_mp40_fire_plr,loaded,bus_fx,grp_weapon,snp_wpn_3p,,84,0,75,75,25,900,900,allon,default,allon,default,8,4,priority,priority,-34,34,85,90,0.25,1,3d,default,nonlooping,volume pitch,1,0,0,0,0,0.25,no,no,right_shot,4000,,no,,,yes,no,no,0,0,yes,no,,0,,no,no,no
wpn_mp40_LFE_npc,raw\sound\wpn\smg\mp7\plr\lfe\wpn_mp7_fire_lfe.LN65.pc.snd.wav,,loaded,bus_hdrfx,grp_wpn_lfe,snp_wpn_3p,,0,0,81,81,25,225,225,allon,default,allon,default,3,1,priority,oldest,0,0,40,90,0.25,0.75,3d,default,nonlooping,volume,1,0,0,0,0,0.25,no,no,none,0,,no,,,no,no,no,0,0,yes,no,,0,,no,no,no
wpn_mp40_pickup_npc,raw\sound\fly\pickups\weapon\fly_weapon_pickup_00.LN65.pc.snd.wav,,loaded,bus_fx,grp_foley,snp_foley,,30,0,75,75,75,500,500,allon,default,allon,default,2,1,priority,reject,-50,50,15,30,0.25,1,3d,default,nonlooping,volume,1,0,25,250,75,0.25,no,yes,none,0,,no,,,yes,no,no,0,0,yes,no,,0,,no,no,no
wpn_mp40_pickup_npc,raw\sound\fly\pickups\weapon\fly_weapon_pickup_01.LN65.pc.snd.wav,,loaded,bus_fx,grp_foley,snp_foley,,30,0,75,75,75,500,500,allon,default,allon,default,2,1,priority,reject,-50,50,15,30,0.25,1,3d,default,nonlooping,volume,1,0,25,250,75,0.25,no,yes,none,0,,no,,,yes,no,no,0,0,yes,no,,0,,no,no,no
wpn_mp40_pickup_plr,raw\sound\fly\pickups\weapon\fly_weapon_pickup_00.LN65.pc.snd.wav,,loaded,bus_fx,grp_foley,snp_foley,,30,0,75,75,0,5000,5000,allon,default,allon,default,1,8,reject,oldest,-88,84,70,70,0.25,1,2d,default,nonlooping,volume,1,0,0,0,0,0.25,no,yes,none,0,,no,,,yes,no,no,0,0,yes,no,,0,,no,no,no
wpn_mp40_pickup_plr,raw\sound\fly\pickups\weapon\fly_weapon_pickup_01.LN65.pc.snd.wav,,loaded,bus_fx,grp_foley,snp_foley,,30,0,75,75,0,5000,5000,allon,default,allon,default,1,8,reject,oldest,-88,84,70,70,0.25,1,2d,default,nonlooping,volume,1,0,0,0,0,0.25,no,yes,none,0,,no,,,yes,no,no,0,0,yes,no,,0,,no,no,no
wpn_mp40_raise_npc,raw\sound\fly\gear\rattle\fly_cloth_00.LN65.pc.snd.wav,,loaded,bus_fx,grp_foley,snp_foley,,30,0,75,75,75,500,500,allon,default,allon,default,4,8,priority,oldest,-90,90,15,30,0.25,1,3d,default,nonlooping,volume,1,0,25,250,75,0.25,no,yes,none,0,,no,,,yes,no,no,0,0,yes,no,,0,,no,no,no
wpn_mp40_raise_npc,raw\sound\fly\gear\rattle\fly_cloth_01.LN65.pc.snd.wav,,loaded,bus_fx,grp_foley,snp_foley,,30,0,75,75,75,500,500,allon,default,allon,default,4,8,priority,oldest,-90,90,15,30,0.25,1,3d,default,nonlooping,volume,1,0,25,250,75,0.25,no,yes,none,0,,no,,,yes,no,no,0,0,yes,no,,0,,no,no,no
wpn_mp40_raise_npc,raw\sound\fly\gear\rattle\fly_cloth_02.LN65.pc.snd.wav,,loaded,bus_fx,grp_foley,snp_foley,,30,0,75,75,75,500,500,allon,default,allon,default,4,8,priority,oldest,-90,90,15,30,0.25,1,3d,default,nonlooping,volume,1,0,25,250,75,0.25,no,yes,none,0,,no,,,yes,no,no,0,0,yes,no,,0,,no,no,no
wpn_mp40_raise_npc,raw\sound\fly\gear\rattle\fly_cloth_03.LN65.pc.snd.wav,,loaded,bus_fx,grp_foley,snp_foley,,30,0,75,75,75,500,500,allon,default,allon,default,4,8,priority,oldest,-90,90,15,30,0.25,1,3d,default,nonlooping,volume,1,0,25,250,75,0.25,no,yes,none,0,,no,,,yes,no,no,0,0,yes,no,,0,,no,no,no
wpn_mp40_raise_plr,raw\sound\fly\gear\rattle\fly_cloth_00.LN65.pc.snd.wav,,loaded,bus_fx,grp_foley,snp_foley,,30,0,86,89,0,5000,5000,allon,default,allon,default,8,8,priority,oldest,-88,84,70,70,0.25,1,2d,default,nonlooping,volume,1,0,0,0,0,0.25,no,yes,none,0,,no,,,yes,no,no,0,0,yes,no,,0,,no,no,no
wpn_mp40_raise_plr,raw\sound\fly\gear\rattle\fly_cloth_01.LN65.pc.snd.wav,,loaded,bus_fx,grp_foley,snp_foley,,30,0,86,89,0,5000,5000,allon,default,allon,default,8,8,priority,oldest,-88,84,70,70,0.25,1,2d,default,nonlooping,volume,1,0,0,0,0,0.25,no,yes,none,0,,no,,,yes,no,no,0,0,yes,no,,0,,no,no,no
wpn_mp40_raise_plr,raw\sound\fly\gear\rattle\fly_cloth_02.LN65.pc.snd.wav,,loaded,bus_fx,grp_foley,snp_foley,,30,0,86,89,0,5000,5000,allon,default,allon,default,8,8,priority,oldest,-88,84,70,70,0.25,1,2d,default,nonlooping,volume,1,0,0,0,0,0.25,no,yes,none,0,,no,,,yes,no,no,0,0,yes,no,,0,,no,no,no
wpn_mp40_raise_plr,raw\sound\fly\gear\rattle\fly_cloth_03.LN65.pc.snd.wav,,loaded,bus_fx,grp_foley,snp_foley,,30,0,86,89,0,5000,5000,allon,default,allon,default,8,8,priority,oldest,-88,84,70,70,0.25,1,2d,default,nonlooping,volume,1,0,0,0,0,0.25,no,yes,none,0,,no,,,yes,no,no,0,0,yes,no,,0,,no,no,no
wpn_mp40_silencer_bass_swt,,,loaded,bus_fx,grp_weapon,snp_wpn_1p,,0,0,79,79,0,5000,5000,allon,default,allon,default,1,8,oldest,oldest,0,0,90,90,0.25,1,2d,default,nonlooping,volume,1,0,0,0,0,0.25,no,no,none,0,,no,,,yes,no,no,0,0,yes,no,,0,,no,no,no
wpn_mp40_silencer_fire_npc,,wpn_mp40_silencer_fire_sweet_npc,loaded,bus_fx,grp_weapon,snp_wpn_3p,,76,0,82,82,900,900,901,cosdelay,alloff,cosdelay,default,8,2,priority,oldest,-125,125,40,90,0.25,0.8,3d,default,nonlooping,volume,1,0,0,0,0,0.25,no,no,none,0,,no,,,yes,no,no,0,0,yes,no,,0,,no,no,no
wpn_mp40_silencer_fire_plr,,wpn_mp40_silencer_fire_sweet_plr,loaded,bus_fx,grp_weapon,snp_wpn_1p,,78,0,93,93,0,5000,5000,allon,default,allon,default,3,8,oldest,oldest,0,0,90,90,0.25,1,2d,default,nonlooping,volume,1,0,0,0,0,0.25,no,no,none,0,,no,,,yes,no,no,0,0,yes,no,,0,,no,no,no
wpn_mp40_silencer_fire_sweet_npc,,,loaded,bus_fx,grp_weapon,snp_wpn_3p,,76,0,73,73,900,900,901,cosdelay,alloff,cosdelay,default,8,2,priority,oldest,-100,100,40,90,0.25,0.8,3d,default,nonlooping,volume,1,0,0,0,0,0.25,no,no,none,0,,no,,,yes,no,no,0,0,yes,no,,0,,no,no,no
wpn_mp40_silencer_fire_sweet_plr,,wpn_mp40_silencer_bass_swt,loaded,bus_fx,grp_weapon,snp_wpn_1p,,78,0,73,73,0,5000,5000,allon,default,allon,default,3,8,oldest,oldest,-100,100,90,90,0.25,1,2d,default,nonlooping,volume,1,0,0,0,0,0.25,no,no,none,0,,no,,,yes,no,no,0,0,yes,no,,0,,no,no,no
fly_scar_bolt_back,raw\sound\wpn\assault\reload\fly_assault_bb.LN65.pc.snd.wav,,loaded,bus_fx,grp_foley,snp_foley,,30,0,86,89,0,5000,5000,allon,default,allon,default,8,8,priority,oldest,-88,84,70,70,0.25,1,2d,default,nonlooping,volume,1,0,0,0,0,0.25,no,yes,none,0,,no,,,yes,no,no,0,0,yes,no,,0,,no,no,no
fly_scar_bolt_release,raw\sound\wpn\assault\reload\fly_assault_bf.LN65.pc.snd.wav,,loaded,bus_fx,grp_foley,snp_foley,,30,0,86,89,0,5000,5000,allon,default,allon,default,8,8,priority,oldest,-88,84,70,70,0.25,1,2d,default,nonlooping,volume,1,0,0,0,0,0.25,no,yes,none,0,,no,,,yes,no,no,0,0,yes,no,,0,,no,no,no
fly_scar_button,raw\sound\wpn\assault\m16\reload\fly_m16_button.LN65.pc.snd.wav,,loaded,bus_fx,grp_foley,snp_foley,,30,0,86,89,0,5000,5000,allon,default,allon,default,8,8,priority,oldest,-88,84,70,70,0.25,1,2d,default,nonlooping,volume,1,0,0,0,0,0.25,no,yes,none,0,,no,,,yes,no,no,0,0,yes,no,,0,,no,no,no
fly_scar_mag_in,raw\sound\wpn\assault\reload\fly_assault_mag_in.LN65.pc.snd.wav,,loaded,bus_fx,grp_foley,snp_foley,,30,0,86,89,0,5000,5000,allon,default,allon,default,8,8,priority,oldest,-88,84,70,70,0.25,1,2d,default,nonlooping,volume,1,0,0,0,0,0.25,no,yes,none,0,,no,,,yes,no,no,0,0,yes,no,,0,,no,no,no
fly_scar_mag_out,raw\sound\wpn\assault\reload\fly_assault_mag_out.LN65.pc.snd.wav,,loaded,bus_fx,grp_foley,snp_foley,,30,0,86,89,0,5000,5000,allon,default,allon,default,8,8,priority,oldest,-88,84,70,70,0.25,1,2d,default,nonlooping,volume,1,0,0,0,0,0.25,no,yes,none,0,,no,,,yes,no,no,0,0,yes,no,,0,,no,no,no
fly_scar_tap,raw\sound\wpn\assault\m14\reload\fly_m14_tap.LN65.pc.snd.wav,,loaded,bus_fx,grp_foley,snp_foley,,30,0,86,89,0,5000,5000,allon,default,allon,default,8,8,priority,oldest,-88,84,70,70,0.25,1,2d,default,nonlooping,volume,1,0,0,0,0,0.25,no,yes,none,0,,no,,,yes,no,no,0,0,yes,no,,0,,no,no,no
wpn_scar_1straise_npc,raw\sound\fly\gear\rattle\fly_cloth_00.LN65.pc.snd.wav,,loaded,bus_fx,grp_foley,snp_foley,,30,0,75,75,75,500,500,allon,default,allon,default,4,8,priority,oldest,-90,90,15,30,0.25,1,3d,default,nonlooping,volume,1,0,25,250,75,0.25,no,yes,none,0,,no,,,yes,no,no,0,0,yes,no,,0,,no,no,no
wpn_scar_1straise_npc,raw\sound\fly\gear\rattle\fly_cloth_01.LN65.pc.snd.wav,,loaded,bus_fx,grp_foley,snp_foley,,30,0,75,75,75,500,500,allon,default,allon,default,4,8,priority,oldest,-90,90,15,30,0.25,1,3d,default,nonlooping,volume,1,0,25,250,75,0.25,no,yes,none,0,,no,,,yes,no,no,0,0,yes,no,,0,,no,no,no
wpn_scar_1straise_npc,raw\sound\fly\gear\rattle\fly_cloth_02.LN65.pc.snd.wav,,loaded,bus_fx,grp_foley,snp_foley,,30,0,75,75,75,500,500,allon,default,allon,default,4,8,priority,oldest,-90,90,15,30,0.25,1,3d,default,nonlooping,volume,1,0,25,250,75,0.25,no,yes,none,0,,no,,,yes,no,no,0,0,yes,no,,0,,no,no,no
wpn_scar_1straise_npc,raw\sound\fly\gear\rattle\fly_cloth_03.LN65.pc.snd.wav,,loaded,bus_fx,grp_foley,snp_foley,,30,0,75,75,75,500,500,allon,default,allon,default,4,8,priority,oldest,-90,90,15,30,0.25,1,3d,default,nonlooping,volume,1,0,25,250,75,0.25,no,yes,none,0,,no,,,yes,no,no,0,0,yes,no,,0,,no,no,no
wpn_scar_1straise_plr,raw\sound\fly\gear\rattle\long\fly_cloth_00.LN65.pc.snd.wav,,loaded,bus_fx,grp_foley,snp_foley,,30,0,86,89,0,5000,5000,allon,default,allon,default,8,8,priority,oldest,-88,84,70,70,0.25,1,2d,default,nonlooping,volume,1,0,0,0,0,0.25,no,yes,none,0,,no,,,yes,no,no,0,0,yes,no,,0,,no,no,no
wpn_scar_dryfire_npc,raw\sound\wpn\assault\dry_fire\npc\dry_fire_00.LN65.pc.snd.wav,,loaded,bus_fx,grp_weapon,snp_wpn_3p,,55,0,82,82,900,900,901,cosdelay,alloff,cosdelay,default,8,2,priority,oldest,-125,125,40,90,0.25,0.8,3d,default,nonlooping,volume,1,0,0,0,0,0.25,no,no,none,0,,no,,,yes,no,no,0,0,yes,no,,0,,no,no,no
wpn_scar_dryfire_plr,raw\sound\wpn\assault\dry_fire\plr\dry_fire_00.LN65.pc.snd.wav,,loaded,bus_fx,grp_weapon,snp_wpn_1p,,65,0,93,93,0,5000,5000,allon,default,allon,default,3,8,oldest,oldest,0,0,90,90,0.25,1,2d,default,nonlooping,volume,1,0,0,0,0,0.25,no,no,none,0,,no,,,yes,no,no,0,0,yes,no,,0,,no,no,no
wpn_scar_fire_npc,raw\sound\wpn\assault\scar\plr\shot\wpn_scar_shot_plr.LN65.pc.snd.wav,wpn_scar_LFE_npc,loaded,bus_fx,grp_weapon,snp_wpn_3p,,55,0,82,82,900,900,901,cosdelay,alloff,cosdelay,default,8,2,priority,oldest,-125,125,40,90,0.25,0.8,3d,default,nonlooping,volume,1,0,0,0,0,0.25,no,no,none,0,,no,,,yes,no,no,0,0,yes,no,,0,,no,no,no
wpn_scar_fire_npc_decay,raw\sound\wpn\assault\decay\ext\wpn_assault_decay_ext.LN65.pc.snd.wav,,loaded,bus_fx,grp_weapon,snp_wpn_3p,,55,0,77,77,50,900,900,allon,default,rcurve1,default,3,1,priority,oldest,-100,100,20,70,0.15,1,3d,default,nonlooping,volume,1,0,0,0,0,0.25,no,no,none,0,,no,ringoff_plr,outdoor,yes,no,no,0,0,yes,no,,0,,no,no,no
wpn_scar_fire_npc_decay,raw\sound\wpn\assault\decay\int\wpn_assault_decay_int.LN65.pc.snd.wav,,loaded,bus_fx,grp_weapon,snp_wpn_3p,,55,0,67,67,50,900,900,allon,default,rcurve1,default,3,1,priority,oldest,-100,100,20,70,0.15,1,3d,default,nonlooping,volume,1,0,0,0,0,0.25,no,no,none,0,,no,ringoff_plr,indoor,yes,no,no,0,0,yes,no,,0,,no,no,no
wpn_scar_fire_npc_dist,raw\sound\wpn\dist_guns\ass\wpn_assault_dist_00.LN65.pc.snd.wav,wpn_scar_fire_npc_decay,loaded,bus_fx,grp_weapon,snp_wpn_3p,,80,0,81,81,900,6000,12500,sindelay,default,sindelay,allon,8,3,priority,oldest,-300,300,90,40,0,1,3d,default,nonlooping,,1,0,0,0,0,0.25,no,no,none,0,,no,,,yes,no,no,0,0,yes,no,,0,,no,no,no
wpn_scar_fire_npc_dist,raw\sound\wpn\dist_guns\ass\wpn_assault_dist_01.LN65.pc.snd.wav,wpn_scar_fire_npc_decay,loaded,bus_fx,grp_weapon,snp_wpn_3p,,80,0,81,81,900,6000,12500,sindelay,default,sindelay,allon,8,3,priority,oldest,-300,300,90,40,0,1,3d,default,nonlooping,,1,0,0,0,0,0.25,no,no,none,0,,no,,,yes,no,no,0,0,yes,no,,0,,no,no,no
wpn_scar_fire_npc_dist,raw\sound\wpn\dist_guns\ass\wpn_assault_dist_02.LN65.pc.snd.wav,wpn_scar_fire_npc_decay,loaded,bus_fx,grp_weapon,snp_wpn_3p,,80,0,81,81,900,6000,12500,sindelay,default,sindelay,allon,8,3,priority,oldest,-300,300,90,40,0,1,3d,default,nonlooping,,1,0,0,0,0,0.25,no,no,none,0,,no,,,yes,no,no,0,0,yes,no,,0,,no,no,no
wpn_scar_fire_npc_dist,raw\sound\wpn\dist_guns\ass\wpn_assault_dist_03.LN65.pc.snd.wav,wpn_scar_fire_npc_decay,loaded,bus_fx,grp_weapon,snp_wpn_3p,,80,0,81,81,900,6000,12500,sindelay,default,sindelay,allon,8,3,priority,oldest,-300,300,90,40,0,1,3d,default,nonlooping,,1,0,0,0,0,0.25,no,no,none,0,,no,,,yes,no,no,0,0,yes,no,,0,,no,no,no
wpn_scar_fire_npc_pap,raw\sound\wpn\pap\pap_shot_st.LN65.pc.snd.wav,wpn_scar_flux_l_npc_pap,loaded,bus_fx,grp_weapon,snp_wpn_3p,,80,0,82,82,75,1250,1250,allon,default,allon,default,10,3,priority,oldest,-100,100,50,90,0.35,1,3d,default,nonlooping,volume pitch,1,0,0,0,0,0.25,no,no,none,0,,no,,,yes,no,no,0,0,yes,no,,0,,no,no,no
wpn_scar_fire_plr,raw\sound\wpn\assault\scar\plr\shot\wpn_scar_shot_plr.LN65.pc.snd.wav,wpn_scar_lfe,loaded,bus_fx,grp_weapon,snp_wpn_1p,,65,0,95,95,0,5000,5000,allon,default,allon,default,3,8,oldest,oldest,-50,50,90,90,0.25,1,2d,default,nonlooping,volume,1,0,0,0,0,0.25,no,no,none,0,,no,,,yes,no,no,0,0,yes,no,,0,,no,no,no
wpn_scar_fire_plr_decay,raw\sound\wpn\assault\decay\ext\wpn_assault_decay_ext.LN65.pc.snd.wav,,loaded,bus_fx,grp_weapon,snp_wpn_1p,,60,0,83,83,0,5000,5000,allon,default,allon,default,3,8,oldest,oldest,-50,50,90,90,0.25,1,2d,default,nonlooping,volume,1,0,0,0,0,0.25,no,no,none,0,,no,ringoff_plr,outdoor,yes,no,no,0,0,yes,no,,0,,no,no,no
wpn_scar_fire_plr_decay,raw\sound\wpn\assault\decay\int\wpn_assault_decay_int.LN65.pc.snd.wav,,loaded,bus_fx,grp_weapon,snp_wpn_1p,,60,0,83,83,0,5000,5000,allon,default,allon,default,3,8,oldest,oldest,-50,50,90,90,0.25,1,2d,default,nonlooping,volume,1,0,0,0,0,0.25,no,no,none,0,,no,ringoff_plr,indoor,yes,no,no,0,0,yes,no,,0,,no,no,no
wpn_scar_fire_plr_pap,raw\sound\wpn\pap\pap_shot_st.LN65.pc.snd.wav,wpn_scar_flux_l_plr_pap,loaded,bus_hdrfx,grp_weapon,snp_wpn_1p,,70,0,87,87,0,5000,5000,allon,default,allon,default,1,8,oldest,oldest,0,0,90,90,0.25,1,2d,default,nonlooping,volume,1,0,0,0,0,0.25,no,no,none,0,,no,,,yes,no,no,0,0,yes,no,,0,,no,no,no
wpn_scar_flux_l_npc_pap,raw\sound\wpn\pap\pap_flux_left.LN65.pc.snd.wav,wpn_scar_flux_r_npc_pap,loaded,bus_fx,grp_weapon,snp_wpn_3p,,84,0,75,75,25,900,900,allon,default,allon,default,8,4,priority,priority,-34,34,85,90,0.25,1,3d,default,nonlooping,volume pitch,1,0,0,0,0,0.25,no,no,left_shot,4000,,no,,,yes,no,no,0,0,yes,no,,0,,no,no,no
wpn_scar_flux_l_plr_pap,raw\sound\wpn\pap\pap_flux_left.LN65.pc.snd.wav,wpn_scar_flux_r_plr_pap,loaded,bus_fx,grp_weapon,snp_wpn_3p,,84,0,75,75,25,900,900,allon,default,allon,default,8,4,priority,priority,-34,34,85,90,0.25,1,3d,default,nonlooping,volume pitch,1,0,0,0,0,0.25,no,no,left_shot,4000,,no,,,yes,no,no,0,0,yes,no,,0,,no,no,no
wpn_scar_flux_r_npc_pap,raw\sound\wpn\pap\pap_flux_right.LN65.pc.snd.wav,wpn_scar_fire_npc,loaded,bus_fx,grp_weapon,snp_wpn_3p,,84,0,75,75,25,900,900,allon,default,allon,default,8,4,priority,priority,-34,34,85,90,0.25,1,3d,default,nonlooping,volume pitch,1,0,0,0,0,0.25,no,no,right_shot,4000,,no,,,yes,no,no,0,0,yes,no,,0,,no,no,no
wpn_scar_flux_r_plr_pap,raw\sound\wpn\pap\pap_flux_right.LN65.pc.snd.wav,wpn_scar_fire_plr,loaded,bus_fx,grp_weapon,snp_wpn_3p,,84,0,75,75,25,900,900,allon,default,allon,default,8,4,priority,priority,-34,34,85,90,0.25,1,3d,default,nonlooping,volume pitch,1,0,0,0,0,0.25,no,no,right_shot,4000,,no,,,yes,no,no,0,0,yes,no,,0,,no,no,no
wpn_scar_lfe,raw\sound\wpn\smg\mp7\plr\lfe\wpn_mp7_fire_lfe.LN65.pc.snd.wav,wpn_scar_fire_plr_decay,loaded,bus_hdrfx,grp_wpn_lfe,snp_wpn_1p,,0,0,91,91,0,5000,5000,allon,default,allon,default,8,2,priority,oldest,0,0,85,90,0.25,1,2d,default,nonlooping,volume,1,0,0,0,0,0.25,no,no,none,0,,no,,,no,no,no,0,0,yes,no,,0,,no,no,no
wpn_scar_LFE_npc,raw\sound\wpn\smg\mp7\plr\lfe\wpn_mp7_fire_lfe.LN65.pc.snd.wav,wpn_scar_fire_npc_dist,loaded,bus_hdrfx,grp_wpn_lfe,snp_wpn_3p,,0,0,81,81,25,225,225,allon,default,allon,default,3,1,priority,oldest,0,0,40,90,0.25,0.75,3d,default,nonlooping,volume,1,0,0,0,0,0.25,no,no,none,0,,no,,,no,no,no,0,0,yes,no,,0,,no,no,no
wpn_scar_pickup_npc,raw\sound\fly\pickups\weapon\fly_weapon_pickup_00.LN65.pc.snd.wav,,loaded,bus_fx,grp_foley,snp_foley,,30,0,75,75,75,500,500,allon,default,allon,default,2,1,priority,reject,-50,50,15,30,0.25,1,3d,default,nonlooping,volume,1,0,25,250,75,0.25,no,yes,none,0,,no,,,yes,no,no,0,0,yes,no,,0,,no,no,no
wpn_scar_pickup_npc,raw\sound\fly\pickups\weapon\fly_weapon_pickup_01.LN65.pc.snd.wav,,loaded,bus_fx,grp_foley,snp_foley,,30,0,75,75,75,500,500,allon,default,allon,default,2,1,priority,reject,-50,50,15,30,0.25,1,3d,default,nonlooping,volume,1,0,25,250,75,0.25,no,yes,none,0,,no,,,yes,no,no,0,0,yes,no,,0,,no,no,no
wpn_scar_pickup_plr,raw\sound\fly\pickups\weapon\fly_weapon_pickup_00.LN65.pc.snd.wav,,loaded,bus_fx,grp_foley,snp_foley,,30,0,75,75,0,5000,5000,allon,default,allon,default,1,8,reject,oldest,-88,84,70,70,0.25,1,2d,default,nonlooping,volume,1,0,0,0,0,0.25,no,yes,none,0,,no,,,yes,no,no,0,0,yes,no,,0,,no,no,no
wpn_scar_pickup_plr,raw\sound\fly\pickups\weapon\fly_weapon_pickup_01.LN65.pc.snd.wav,,loaded,bus_fx,grp_foley,snp_foley,,30,0,75,75,0,5000,5000,allon,default,allon,default,1,8,reject,oldest,-88,84,70,70,0.25,1,2d,default,nonlooping,volume,1,0,0,0,0,0.25,no,yes,none,0,,no,,,yes,no,no,0,0,yes,no,,0,,no,no,no
wpn_scar_silencer_fire_npc,raw\sound\wpn\assault\m27\plr\shot\silenced\wpn_m27_sil_shot_plr.LN65.pc.snd.wav,wpn_scar_silencer_LFE_npc,loaded,bus_fx,grp_weapon,snp_wpn_3p,,0,0,82,82,900,900,901,cosdelay,alloff,cosdelay,default,8,2,priority,oldest,-50,50,40,90,0.25,0.8,3d,default,nonlooping,volume,1,0,0,0,0,0.25,no,no,none,0,,no,,,yes,no,no,0,0,yes,no,,0,,no,no,no
wpn_scar_silencer_fire_npc_decay,raw\sound\wpn\assault\decay\int\silenced\wpn_aslt_decay_silenced_int.LN65.pc.snd.wav,,loaded,bus_fx,grp_weapon,snp_wpn_3p,,55,0,67,67,50,900,900,allon,default,rcurve1,default,3,1,priority,oldest,-100,100,20,70,0.15,1,3d,default,nonlooping,volume,1,0,0,0,0,0.25,no,no,none,0,,no,ringoff_plr,indoor,yes,no,no,0,0,yes,no,,0,,no,no,no
wpn_scar_silencer_fire_npc_decay,raw\sound\wpn\pistol\decay\ext\silenced\wpn_pistol_decay_silenced_ext.LN65.pc.snd.wav,,loaded,bus_fx,grp_weapon,snp_wpn_3p,,55,0,77,77,50,900,900,allon,default,rcurve1,default,3,1,priority,oldest,-100,100,20,70,0.15,1,3d,default,nonlooping,volume,1,0,0,0,0,0.25,no,no,none,0,,no,ringoff_plr,outdoor,yes,no,no,0,0,yes,no,,0,,no,no,no
wpn_scar_silencer_fire_plr,raw\sound\wpn\assault\m27\plr\shot\silenced\wpn_m27_sil_shot_plr.LN65.pc.snd.wav,wpn_scar_silencer_LFE,loaded,bus_fx,grp_weapon,snp_wpn_1p,,0,0,93,93,0,5000,5000,allon,default,allon,default,3,8,oldest,oldest,-50,50,90,90,0.25,1,2d,default,nonlooping,volume,1,0,0,0,0,0.25,no,no,none,0,,no,,,yes,no,no,0,0,yes,no,,0,,no,no,no
wpn_scar_silencer_fire_plr_decay,raw\sound\wpn\assault\decay\int\silenced\wpn_aslt_decay_silenced_int.LN65.pc.snd.wav,,loaded,bus_fx,grp_weapon,snp_wpn_1p,,75,0,83,83,0,5000,5000,allon,default,allon,default,3,8,oldest,oldest,-50,50,90,90,0.25,1,2d,default,nonlooping,volume,1,0,0,0,0,0.25,no,no,none,0,,no,ringoff_plr,indoor,yes,no,no,0,0,yes,no,,0,,no,no,no
wpn_scar_silencer_fire_plr_decay,raw\sound\wpn\pistol\decay\ext\silenced\wpn_pistol_decay_silenced_ext.LN65.pc.snd.wav,,loaded,bus_fx,grp_weapon,snp_wpn_1p,,70,0,83,83,0,5000,5000,allon,default,allon,default,3,8,oldest,oldest,-50,50,90,90,0.25,1,2d,default,nonlooping,volume,1,0,0,0,0,0.25,no,no,none,0,,no,ringoff_plr,outdoor,yes,no,no,0,0,yes,no,,0,,no,no,no
wpn_scar_silencer_lfe,raw\sound\wpn\smg\mp7\plr\lfe\wpn_mp7_fire_lfe.LN65.pc.snd.wav,wpn_scar_silencer_fire_plr_decay,loaded,bus_hdrfx,grp_wpn_lfe,snp_wpn_1p,,0,0,86,86,0,5000,5000,allon,default,allon,default,8,2,priority,oldest,0,0,85,90,0.25,1,2d,default,nonlooping,volume,1,0,0,0,0,0.25,no,no,none,0,,no,,,no,no,no,0,0,yes,no,,0,,no,no,no
wpn_scar_silencer_LFE_npc,raw\sound\wpn\smg\mp7\plr\lfe\wpn_mp7_fire_lfe.LN65.pc.snd.wav,wpn_scar_silencer_fire_npc_decay,loaded,bus_hdrfx,grp_wpn_lfe,snp_wpn_3p,,0,0,81,81,25,225,225,allon,default,allon,default,3,1,priority,oldest,0,0,40,90,0.25,0.75,3d,default,nonlooping,volume,1,0,0,0,0,0.25,no,no,none,0,,no,,,no,no,no,0,0,yes,no,,0,,no,no,no
fly_mg08_close,raw\sound\wpn\lmg\mk48\foley\fly_mk48_close.LN65.pc.snd.wav,,loaded,bus_fx,grp_foley,snp_foley,,30,0,86,89,0,5000,5000,allon,default,allon,default,8,8,priority,oldest,-88,84,70,70,0.25,1,2d,default,nonlooping,volume,1,0,0,0,0,0.25,no,yes,none,0,,no,,,yes,no,no,0,0,yes,no,,0,,no,no,no
fly_mg08_futz,raw\sound\wpn\lmg\mk48\foley\fly_mk48_futz.LN65.pc.snd.wav,,loaded,bus_fx,grp_foley,snp_foley,,30,0,69,69,0,5000,5000,allon,default,allon,default,8,8,priority,oldest,-88,84,70,70,0.25,1,2d,default,nonlooping,volume,1,0,0,0,0,0.25,no,yes,none,0,,no,,,yes,no,no,0,0,yes,no,,0,,no,no,no
fly_mg08_lift_belt,raw\sound\wpn\lmg\mk48\foley\fly_mk48_lift_belt.LN65.pc.snd.wav,,loaded,bus_fx,grp_foley,snp_foley,,30,0,86,89,0,5000,5000,allon,default,allon,default,8,8,priority,oldest,-88,84,70,70,0.25,1,2d,default,nonlooping,volume,1,0,0,0,0,0.25,no,yes,none,0,,no,,,yes,no,no,0,0,yes,no,,0,,no,no,no
fly_mg08_mag_in,raw\sound\wpn\lmg\mk48\foley\fly_mk48_mag_in.LN65.pc.snd.wav,,loaded,bus_fx,grp_foley,snp_foley,,30,0,69,69,0,5000,5000,allon,default,allon,default,8,8,priority,oldest,-88,84,70,70,0.25,1,2d,default,nonlooping,volume,1,0,0,0,0,0.25,no,yes,none,0,,no,,,yes,no,no,0,0,yes,no,,0,,no,no,no
fly_mg08_mag_out,raw\sound\wpn\lmg\mk48\foley\fly_mk48_mag_out.LN65.pc.snd.wav,,loaded,bus_fx,grp_foley,snp_foley,,30,0,69,69,0,5000,5000,allon,default,allon,default,8,8,priority,oldest,-88,84,70,70,0.25,1,2d,default,nonlooping,volume,1,0,0,0,0,0.25,no,yes,none,0,,no,,,yes,no,no,0,0,yes,no,,0,,no,no,no
fly_mg08_open,raw\sound\wpn\lmg\mk48\foley\fly_mk48_open.LN65.pc.snd.wav,,loaded,bus_fx,grp_foley,snp_foley,,30,0,86,89,0,5000,5000,allon,default,allon,default,8,8,priority,oldest,-88,84,70,70,0.25,1,2d,default,nonlooping,volume,1,0,0,0,0,0.25,no,yes,none,0,,no,,,yes,no,no,0,0,yes,no,,0,,no,no,no
fly_mg08_pull,raw\sound\wpn\lmg\mk48\foley\fly_mk48_pull.LN65.pc.snd.wav,,loaded,bus_fx,grp_foley,snp_foley,,30,0,86,89,0,5000,5000,allon,default,allon,default,8,8,priority,oldest,-88,84,70,70,0.25,1,2d,default,nonlooping,volume,1,0,0,0,0,0.25,no,yes,none,0,,no,,,yes,no,no,0,0,yes,no,,0,,no,no,no
fly_mg08_release,raw\sound\wpn\lmg\mk48\foley\fly_mk48_release.LN65.pc.snd.wav,,loaded,bus_fx,grp_foley,snp_foley,,30,0,86,89,0,5000,5000,allon,default,allon,default,8,8,priority,oldest,-88,84,70,70,0.25,1,2d,default,nonlooping,volume,1,0,0,0,0,0.25,no,yes,none,0,,no,,,yes,no,no,0,0,yes,no,,0,,no,no,no
fly_mg08_seat_belt,raw\sound\wpn\lmg\mk48\foley\fly_mk48_seat_belt.LN65.pc.snd.wav,,loaded,bus_fx,grp_foley,snp_foley,,30,0,86,89,0,5000,5000,allon,default,allon,default,8,8,priority,oldest,-88,84,70,70,0.25,1,2d,default,nonlooping,volume,1,0,0,0,0,0.25,no,yes,none,0,,no,,,yes,no,no,0,0,yes,no,,0,,no,no,no
fly_mg08_start,raw\sound\wpn\lmg\mk48\foley\fly_mk48_start.LN65.pc.snd.wav,,loaded,bus_fx,grp_foley,snp_foley,,30,0,86,89,0,5000,5000,allon,default,allon,default,8,8,priority,oldest,-88,84,70,70,0.25,1,2d,default,nonlooping,volume,1,0,0,0,0,0.25,no,yes,none,0,,no,,,yes,no,no,0,0,yes,no,,0,,no,no,no
wpn_mg08_1straise_npc,raw\sound\fly\gear\rattle\fly_cloth_00.LN65.pc.snd.wav,,loaded,bus_fx,grp_foley,snp_foley,,30,0,75,75,75,500,500,allon,default,allon,default,4,8,priority,oldest,-90,90,15,30,0.25,1,3d,default,nonlooping,volume,1,0,25,250,75,0.25,no,yes,none,0,,no,,,yes,no,no,0,0,yes,no,,0,,no,no,no
wpn_mg08_1straise_npc,raw\sound\fly\gear\rattle\fly_cloth_01.LN65.pc.snd.wav,,loaded,bus_fx,grp_foley,snp_foley,,30,0,75,75,75,500,500,allon,default,allon,default,4,8,priority,oldest,-90,90,15,30,0.25,1,3d,default,nonlooping,volume,1,0,25,250,75,0.25,no,yes,none,0,,no,,,yes,no,no,0,0,yes,no,,0,,no,no,no
wpn_mg08_1straise_npc,raw\sound\fly\gear\rattle\fly_cloth_02.LN65.pc.snd.wav,,loaded,bus_fx,grp_foley,snp_foley,,30,0,75,75,75,500,500,allon,default,allon,default,4,8,priority,oldest,-90,90,15,30,0.25,1,3d,default,nonlooping,volume,1,0,25,250,75,0.25,no,yes,none,0,,no,,,yes,no,no,0,0,yes,no,,0,,no,no,no
wpn_mg08_1straise_npc,raw\sound\fly\gear\rattle\fly_cloth_03.LN65.pc.snd.wav,,loaded,bus_fx,grp_foley,snp_foley,,30,0,75,75,75,500,500,allon,default,allon,default,4,8,priority,oldest,-90,90,15,30,0.25,1,3d,default,nonlooping,volume,1,0,25,250,75,0.25,no,yes,none,0,,no,,,yes,no,no,0,0,yes,no,,0,,no,no,no
wpn_mg08_1straise_plr,raw\sound\fly\gear\rattle\fly_cloth_00.LN65.pc.snd.wav,,loaded,bus_fx,grp_foley,snp_foley,,30,0,86,89,0,5000,5000,allon,default,allon,default,8,8,priority,oldest,-88,84,70,70,0.25,1,2d,default,nonlooping,volume,1,0,0,0,0,0.25,no,yes,none,0,,no,,,yes,no,no,0,0,yes,no,,0,,no,no,no
wpn_mg08_1straise_plr,raw\sound\fly\gear\rattle\fly_cloth_01.LN65.pc.snd.wav,,loaded,bus_fx,grp_foley,snp_foley,,30,0,86,89,0,5000,5000,allon,default,allon,default,8,8,priority,oldest,-88,84,70,70,0.25,1,2d,default,nonlooping,volume,1,0,0,0,0,0.25,no,yes,none,0,,no,,,yes,no,no,0,0,yes,no,,0,,no,no,no
wpn_mg08_1straise_plr,raw\sound\fly\gear\rattle\fly_cloth_02.LN65.pc.snd.wav,,loaded,bus_fx,grp_foley,snp_foley,,30,0,86,89,0,5000,5000,allon,default,allon,default,8,8,priority,oldest,-88,84,70,70,0.25,1,2d,default,nonlooping,volume,1,0,0,0,0,0.25,no,yes,none,0,,no,,,yes,no,no,0,0,yes,no,,0,,no,no,no
wpn_mg08_1straise_plr,raw\sound\fly\gear\rattle\fly_cloth_03.LN65.pc.snd.wav,,loaded,bus_fx,grp_foley,snp_foley,,30,0,86,89,0,5000,5000,allon,default,allon,default,8,8,priority,oldest,-88,84,70,70,0.25,1,2d,default,nonlooping,volume,1,0,0,0,0,0.25,no,yes,none,0,,no,,,yes,no,no,0,0,yes,no,,0,,no,no,no
wpn_mg08_dryfire_npc,raw\sound\wpn\lmg\dry_fire\npc\dry_fire_00.LN65.pc.snd.wav,,loaded,bus_fx,grp_weapon,snp_wpn_3p,,70,0,85,85,900,900,901,cosdelay,alloff,cosdelay,default,8,2,priority,oldest,-100,100,50,90,0.25,0.8,3d,default,nonlooping,volume pitch,1,0,0,0,0,0.25,no,no,none,0,,no,,,yes,no,no,0,0,yes,no,,0,,no,no,no
wpn_mg08_dryfire_plr,raw\sound\wpn\lmg\dry_fire\plr\dry_fire_00.LN65.pc.snd.wav,,loaded,bus_fx,grp_weapon,snp_wpn_1p,,70,0,93,93,0,5000,5000,allon,default,allon,default,2,8,oldest,oldest,0,0,90,90,0.25,1,2d,default,nonlooping,volume,1,0,0,0,0,0.25,no,no,none,0,,no,,,yes,no,no,0,0,yes,no,,0,,no,no,no
wpn_mg08_fire_npc,raw\sound\wpn\lmg\mg08\plr\shot\wpn_mg08_shot_plr.LN65.pc.snd.wav,wpn_mg08_LFE_npc,loaded,bus_fx,grp_weapon,snp_wpn_3p,,70,0,85,85,900,900,901,cosdelay,alloff,cosdelay,default,8,2,priority,oldest,-25,25,50,90,0.25,0.8,3d,default,nonlooping,volume pitch,1,0,0,0,0,0.25,no,no,none,0,,no,,,yes,no,no,0,0,yes,no,,0,,no,no,no
wpn_mg08_fire_npc_decay,raw\sound\wpn\assault\decay\ext\wpn_assault_decay_ext.LN65.pc.snd.wav,,loaded,bus_fx,grp_weapon,snp_wpn_3p,,55,0,77,77,50,900,900,allon,default,rcurve1,default,3,1,priority,oldest,-100,100,20,70,0.15,1,3d,default,nonlooping,volume,1,0,0,0,0,0.25,no,no,none,0,,no,ringoff_plr,outdoor,yes,no,no,0,0,yes,no,,0,,no,no,no
wpn_mg08_fire_npc_decay,raw\sound\wpn\assault\decay\int\wpn_assault_decay_int.LN65.pc.snd.wav,,loaded,bus_fx,grp_weapon,snp_wpn_3p,,55,0,67,67,50,900,900,allon,default,rcurve1,default,3,1,priority,oldest,-100,100,20,70,0.15,1,3d,default,nonlooping,volume,1,0,0,0,0,0.25,no,no,none,0,,no,ringoff_plr,indoor,yes,no,no,0,0,yes,no,,0,,no,no,no
wpn_mg08_fire_npc_dist,raw\sound\wpn\dist_guns\lmg\wpn_lmg_dist_00.LN65.pc.snd.wav,wpn_mg08_fire_npc_decay,loaded,bus_fx,grp_weapon,snp_wpn_3p,,80,0,85,85,900,6000,12500,sindelay,default,sindelay,allon,8,3,priority,oldest,-300,300,90,40,0.25,1,3d,default,nonlooping,,1,0,0,0,0,0.25,no,no,none,0,,no,,,yes,no,no,0,0,yes,no,,0,,no,no,no
wpn_mg08_fire_npc_dist,raw\sound\wpn\dist_guns\lmg\wpn_lmg_dist_01.LN65.pc.snd.wav,wpn_mg08_fire_npc_decay,loaded,bus_fx,grp_weapon,snp_wpn_3p,,80,0,85,85,900,6000,12500,sindelay,default,sindelay,allon,8,3,priority,oldest,-300,300,90,40,0.25,1,3d,default,nonlooping,,1,0,0,0,0,0.25,no,no,none,0,,no,,,yes,no,no,0,0,yes,no,,0,,no,no,no
wpn_mg08_fire_npc_dist,raw\sound\wpn\dist_guns\lmg\wpn_lmg_dist_02.LN65.pc.snd.wav,wpn_mg08_fire_npc_decay,loaded,bus_fx,grp_weapon,snp_wpn_3p,,80,0,85,85,900,6000,12500,sindelay,default,sindelay,allon,8,3,priority,oldest,-300,300,90,40,0.25,1,3d,default,nonlooping,,1,0,0,0,0,0.25,no,no,none,0,,no,,,yes,no,no,0,0,yes,no,,0,,no,no,no
wpn_mg08_fire_npc_pap,raw\sound\wpn\pap\pap_shot_st.LN65.pc.snd.wav,wpn_mg08_flux_l_npc_pap,loaded,bus_fx,grp_weapon,snp_wpn_3p,,80,0,82,82,75,1250,1250,allon,default,allon,default,10,3,priority,oldest,-100,100,50,90,0.35,1,3d,default,nonlooping,volume pitch,1,0,0,0,0,0.25,no,no,none,0,,no,,,yes,no,no,0,0,yes,no,,0,,no,no,no
wpn_mg08_fire_plr,raw\sound\wpn\lmg\mg08\plr\shot\wpn_mg08_shot_plr.LN65.pc.snd.wav,wpn_mg08_lfe,loaded,bus_fx,grp_weapon,snp_wpn_1p,,70,0,93,93,0,5000,5000,allon,default,allon,default,2,8,oldest,oldest,-25,25,90,90,0.25,1,2d,default,nonlooping,volume,1,0,0,0,0,0.25,no,no,none,0,,no,,,yes,no,no,0,0,yes,no,,0,,no,no,no
wpn_mg08_fire_plr_decay,raw\sound\wpn\assault\decay\ext\wpn_assault_decay_ext.LN65.pc.snd.wav,,loaded,bus_fx,grp_weapon,snp_wpn_1p,,55,0,75,75,0,5000,5000,allon,default,allon,default,3,8,oldest,oldest,-50,50,90,90,0.25,1,2d,default,nonlooping,volume,1,0,0,0,0,0.25,no,no,none,0,,no,ringoff_plr,outdoor,yes,no,no,0,0,yes,no,,0,,no,no,no
wpn_mg08_fire_plr_decay,raw\sound\wpn\assault\decay\int\wpn_assault_decay_int.LN65.pc.snd.wav,,loaded,bus_fx,grp_weapon,snp_wpn_1p,,55,0,75,75,0,5000,5000,allon,default,allon,default,3,8,oldest,oldest,-50,50,90,90,0.25,1,2d,default,nonlooping,volume,1,0,0,0,0,0.25,no,no,none,0,,no,ringoff_plr,indoor,yes,no,no,0,0,yes,no,,0,,no,no,no
wpn_mg08_fire_plr_pap,raw\sound\wpn\pap\pap_shot_st.LN65.pc.snd.wav,wpn_mg08_flux_l_plr_pap,loaded,bus_hdrfx,grp_weapon,snp_wpn_1p,,70,0,87,87,0,5000,5000,allon,default,allon,default,1,8,oldest,oldest,0,0,90,90,0.25,1,2d,default,nonlooping,volume,1,0,0,0,0,0.25,no,no,none,0,,no,,,yes,no,no,0,0,yes,no,,0,,no,no,no
wpn_mg08_flux_l_npc_pap,raw\sound\wpn\pap\pap_flux_left.LN65.pc.snd.wav,wpn_mg08_flux_r_npc_pap,loaded,bus_fx,grp_weapon,snp_wpn_3p,,84,0,75,75,25,900,900,allon,default,allon,default,8,4,priority,priority,-34,34,85,90,0.25,1,3d,default,nonlooping,volume pitch,1,0,0,0,0,0.25,no,no,left_shot,4000,,no,,,yes,no,no,0,0,yes,no,,0,,no,no,no
wpn_mg08_flux_l_plr_pap,raw\sound\wpn\pap\pap_flux_left.LN65.pc.snd.wav,wpn_mg08_flux_r_plr_pap,loaded,bus_fx,grp_weapon,snp_wpn_3p,,84,0,75,75,25,900,900,allon,default,allon,default,8,4,priority,priority,-34,34,85,90,0.25,1,3d,default,nonlooping,volume pitch,1,0,0,0,0,0.25,no,no,left_shot,4000,,no,,,yes,no,no,0,0,yes,no,,0,,no,no,no
wpn_mg08_flux_r_npc_pap,raw\sound\wpn\pap\pap_flux_right.LN65.pc.snd.wav,wpn_mg08_fire_npc,loaded,bus_fx,grp_weapon,snp_wpn_3p,,84,0,75,75,25,900,900,allon,default,allon,default,8,4,priority,priority,-34,34,85,90,0.25,1,3d,default,nonlooping,volume pitch,1,0,0,0,0,0.25,no,no,right_shot,4000,,no,,,yes,no,no,0,0,yes,no,,0,,no,no,no
wpn_mg08_flux_r_plr_pap,raw\sound\wpn\pap\pap_flux_right.LN65.pc.snd.wav,wpn_mg08_fire_plr,loaded,bus_fx,grp_weapon,snp_wpn_3p,,84,0,75,75,25,900,900,allon,default,allon,default,8,4,priority,priority,-34,34,85,90,0.25,1,3d,default,nonlooping,volume pitch,1,0,0,0,0,0.25,no,no,right_shot,4000,,no,,,yes,no,no,0,0,yes,no,,0,,no,no,no
wpn_mg08_lfe,raw\sound\wpn\smg\mp7\plr\lfe\wpn_mp7_fire_lfe.LN65.pc.snd.wav,wpn_mg08_fire_plr_decay,loaded,bus_hdrfx,grp_wpn_lfe,snp_wpn_1p,,0,0,86,86,0,5000,5000,allon,default,allon,default,8,2,priority,oldest,0,0,85,90,0.25,1,2d,default,nonlooping,volume,1,0,0,0,0,0.25,no,no,none,0,,no,,,no,no,no,0,0,yes,no,,0,,no,no,no
wpn_mg08_LFE_npc,raw\sound\wpn\smg\mp7\plr\lfe\wpn_mp7_fire_lfe.LN65.pc.snd.wav,wpn_mg08_fire_npc_dist,loaded,bus_hdrfx,grp_wpn_lfe,snp_wpn_3p,,0,0,80,80,125,550,550,allon,default,allon,default,3,1,priority,oldest,0,0,40,90,0.25,0.75,3d,default,nonlooping,volume,1,0,0,0,0,0.25,no,no,none,0,,no,,,no,no,no,0,0,yes,no,,0,,no,no,no
wpn_mg08_pickup_npc,raw\sound\fly\pickups\weapon\fly_weapon_pickup_00.LN65.pc.snd.wav,,loaded,bus_fx,grp_foley,snp_foley,,30,0,75,75,75,500,500,allon,default,allon,default,2,1,priority,reject,-50,50,15,30,0.25,1,3d,default,nonlooping,volume,1,0,25,250,75,0.25,no,yes,none,0,,no,,,yes,no,no,0,0,yes,no,,0,,no,no,no
wpn_mg08_pickup_npc,raw\sound\fly\pickups\weapon\fly_weapon_pickup_01.LN65.pc.snd.wav,,loaded,bus_fx,grp_foley,snp_foley,,30,0,75,75,75,500,500,allon,default,allon,default,2,1,priority,reject,-50,50,15,30,0.25,1,3d,default,nonlooping,volume,1,0,25,250,75,0.25,no,yes,none,0,,no,,,yes,no,no,0,0,yes,no,,0,,no,no,no
wpn_mg08_pickup_plr,raw\sound\fly\pickups\weapon\fly_weapon_pickup_00.LN65.pc.snd.wav,,loaded,bus_fx,grp_foley,snp_foley,,30,0,75,75,0,5000,5000,allon,default,allon,default,1,8,reject,oldest,-88,84,70,70,0.25,1,2d,default,nonlooping,volume,1,0,0,0,0,0.25,no,yes,none,0,,no,,,yes,no,no,0,0,yes,no,,0,,no,no,no
wpn_mg08_pickup_plr,raw\sound\fly\pickups\weapon\fly_weapon_pickup_01.LN65.pc.snd.wav,,loaded,bus_fx,grp_foley,snp_foley,,30,0,75,75,0,5000,5000,allon,default,allon,default,1,8,reject,oldest,-88,84,70,70,0.25,1,2d,default,nonlooping,volume,1,0,0,0,0,0.25,no,yes,none,0,,no,,,yes,no,no,0,0,yes,no,,0,,no,no,no
wpn_mg08_raise_npc,raw\sound\fly\gear\rattle\fly_cloth_00.LN65.pc.snd.wav,,loaded,bus_fx,grp_foley,snp_foley,,30,0,75,75,75,500,500,allon,default,allon,default,4,8,priority,oldest,-90,90,15,30,0.25,1,3d,default,nonlooping,volume,1,0,25,250,75,0.25,no,yes,none,0,,no,,,yes,no,no,0,0,yes,no,,0,,no,no,no
wpn_mg08_raise_npc,raw\sound\fly\gear\rattle\fly_cloth_01.LN65.pc.snd.wav,,loaded,bus_fx,grp_foley,snp_foley,,30,0,75,75,75,500,500,allon,default,allon,default,4,8,priority,oldest,-90,90,15,30,0.25,1,3d,default,nonlooping,volume,1,0,25,250,75,0.25,no,yes,none,0,,no,,,yes,no,no,0,0,yes,no,,0,,no,no,no
wpn_mg08_raise_npc,raw\sound\fly\gear\rattle\fly_cloth_02.LN65.pc.snd.wav,,loaded,bus_fx,grp_foley,snp_foley,,30,0,75,75,75,500,500,allon,default,allon,default,4,8,priority,oldest,-90,90,15,30,0.25,1,3d,default,nonlooping,volume,1,0,25,250,75,0.25,no,yes,none,0,,no,,,yes,no,no,0,0,yes,no,,0,,no,no,no
wpn_mg08_raise_npc,raw\sound\fly\gear\rattle\fly_cloth_03.LN65.pc.snd.wav,,loaded,bus_fx,grp_foley,snp_foley,,30,0,75,75,75,500,500,allon,default,allon,default,4,8,priority,oldest,-90,90,15,30,0.25,1,3d,default,nonlooping,volume,1,0,25,250,75,0.25,no,yes,none,0,,no,,,yes,no,no,0,0,yes,no,,0,,no,no,no
wpn_mg08_raise_plr,raw\sound\fly\gear\rattle\fly_cloth_00.LN65.pc.snd.wav,,loaded,bus_fx,grp_foley,snp_foley,,30,0,86,89,0,5000,5000,allon,default,allon,default,8,8,priority,oldest,-88,84,70,70,0.25,1,2d,default,nonlooping,volume,1,0,0,0,0,0.25,no,yes,none,0,,no,,,yes,no,no,0,0,yes,no,,0,,no,no,no
wpn_mg08_raise_plr,raw\sound\fly\gear\rattle\fly_cloth_01.LN65.pc.snd.wav,,loaded,bus_fx,grp_foley,snp_foley,,30,0,86,89,0,5000,5000,allon,default,allon,default,8,8,priority,oldest,-88,84,70,70,0.25,1,2d,default,nonlooping,volume,1,0,0,0,0,0.25,no,yes,none,0,,no,,,yes,no,no,0,0,yes,no,,0,,no,no,no
wpn_mg08_raise_plr,raw\sound\fly\gear\rattle\fly_cloth_02.LN65.pc.snd.wav,,loaded,bus_fx,grp_foley,snp_foley,,30,0,86,89,0,5000,5000,allon,default,allon,default,8,8,priority,oldest,-88,84,70,70,0.25,1,2d,default,nonlooping,volume,1,0,0,0,0,0.25,no,yes,none,0,,no,,,yes,no,no,0,0,yes,no,,0,,no,no,no
wpn_mg08_raise_plr,raw\sound\fly\gear\rattle\fly_cloth_03.LN65.pc.snd.wav,,loaded,bus_fx,grp_foley,snp_foley,,30,0,86,89,0,5000,5000,allon,default,allon,default,8,8,priority,oldest,-88,84,70,70,0.25,1,2d,default,nonlooping,volume,1,0,0,0,0,0.25,no,yes,none,0,,no,,,yes,no,no,0,0,yes,no,,0,,no,no,no
fly_ksg_mag_in,raw\sound\wpn\shotgun\srm1216\foley\fly_srm1216_mag_in.LN65.pc.snd.wav,,loaded,bus_fx,grp_foley,snp_foley,,30,0,86,89,0,5000,5000,allon,default,allon,default,8,8,priority,oldest,-88,84,70,70,0.25,1,2d,default,nonlooping,volume,1,0,0,0,0,0.25,no,yes,none,0,,no,,,yes,no,no,0,0,yes,no,,0,,no,no,no
fly_ksg_mag_out,raw\sound\wpn\shotgun\srm1216\foley\fly_srm1216_mag_out.LN65.pc.snd.wav,,loaded,bus_fx,grp_foley,snp_foley,,30,0,86,89,0,5000,5000,allon,default,allon,default,8,8,priority,oldest,-88,84,70,70,0.25,1,2d,default,nonlooping,volume,1,0,0,0,0,0.25,no,yes,none,0,,no,,,yes,no,no,0,0,yes,no,,0,,no,no,no
fly_ksg_pull,raw\sound\wpn\shotgun\reload\fly_shotgun_pump_back.LN65.pc.snd.wav,,loaded,bus_fx,grp_foley,snp_foley,,30,0,86,89,0,5000,5000,allon,default,allon,default,8,8,priority,oldest,-88,84,70,70,0.25,1,2d,default,nonlooping,volume,1,0,0,0,0,0.25,no,yes,none,0,,no,,,yes,no,no,0,0,yes,no,,0,,no,no,no
fly_ksg_release,raw\sound\wpn\shotgun\reload\fly_shotgun_pump_forward.LN65.pc.snd.wav,,loaded,bus_fx,grp_foley,snp_foley,,30,0,86,89,0,5000,5000,allon,default,allon,default,8,8,priority,oldest,-88,84,70,70,0.25,1,2d,default,nonlooping,volume,1,0,0,0,0,0.25,no,yes,none,0,,no,,,yes,no,no,0,0,yes,no,,0,,no,no,no
fly_ksg_shell_in,raw\sound\wpn\shotgun\foley\load\load_00.LN65.pc.snd.wav,,loaded,bus_fx,grp_foley,snp_foley,,30,0,86,89,0,5000,5000,allon,default,allon,default,8,8,priority,oldest,-88,84,70,70,0.25,1,2d,default,nonlooping,volume,1,0,0,0,0,0.25,no,yes,none,0,,no,,,yes,no,no,0,0,yes,no,,0,,no,no,no
fly_ksg_shell_in,raw\sound\wpn\shotgun\foley\load\load_01.LN65.pc.snd.wav,,loaded,bus_fx,grp_foley,snp_foley,,30,0,86,89,0,5000,5000,allon,default,allon,default,8,8,priority,oldest,-88,84,70,70,0.25,1,2d,default,nonlooping,volume,1,0,0,0,0,0.25,no,yes,none,0,,no,,,yes,no,no,0,0,yes,no,,0,,no,no,no
fly_ksg_shell_in,raw\sound\wpn\shotgun\foley\load\load_02.LN65.pc.snd.wav,,loaded,bus_fx,grp_foley,snp_foley,,30,0,86,89,0,5000,5000,allon,default,allon,default,8,8,priority,oldest,-88,84,70,70,0.25,1,2d,default,nonlooping,volume,1,0,0,0,0,0.25,no,yes,none,0,,no,,,yes,no,no,0,0,yes,no,,0,,no,no,no
fly_ksg_shell_in,raw\sound\wpn\shotgun\foley\load\load_03.LN65.pc.snd.wav,,loaded,bus_fx,grp_foley,snp_foley,,30,0,86,89,0,5000,5000,allon,default,allon,default,8,8,priority,oldest,-88,84,70,70,0.25,1,2d,default,nonlooping,volume,1,0,0,0,0,0.25,no,yes,none,0,,no,,,yes,no,no,0,0,yes,no,,0,,no,no,no
fly_ksg_shell_in,raw\sound\wpn\shotgun\foley\load\load_04.LN65.pc.snd.wav,,loaded,bus_fx,grp_foley,snp_foley,,30,0,86,89,0,5000,5000,allon,default,allon,default,8,8,priority,oldest,-88,84,70,70,0.25,1,2d,default,nonlooping,volume,1,0,0,0,0,0.25,no,yes,none,0,,no,,,yes,no,no,0,0,yes,no,,0,,no,no,no
fly_ksg_shell_in,raw\sound\wpn\shotgun\foley\load\load_05.LN65.pc.snd.wav,,loaded,bus_fx,grp_foley,snp_foley,,30,0,86,89,0,5000,5000,allon,default,allon,default,8,8,priority,oldest,-88,84,70,70,0.25,1,2d,default,nonlooping,volume,1,0,0,0,0,0.25,no,yes,none,0,,no,,,yes,no,no,0,0,yes,no,,0,,no,no,no
fly_ksg_twist,raw\sound\wpn\shotgun\srm1216\foley\fly_srm1216_twist.LN65.pc.snd.wav,,loaded,bus_fx,grp_foley,snp_foley,,30,0,86,89,0,5000,5000,allon,default,allon,default,8,8,priority,oldest,-88,84,70,70,0.25,1,2d,default,nonlooping,volume,1,0,0,0,0,0.25,no,yes,none,0,,no,,,yes,no,no,0,0,yes,no,,0,,no,no,no
wpn_ksg_dryfire_npc,raw\sound\wpn\shotgun\dry_fire\npc\dry_fire_00.LN65.pc.snd.wav,,loaded,bus_fx,grp_weapon,snp_wpn_3p,,55,0,88,88,900,900,900,cosdelay,alloff,cosdelay,default,6,2,priority,oldest,-88,84,50,90,0.25,0.8,3d,default,nonlooping,volume,1,0,0,0,0,0.25,no,no,none,0,,no,,,yes,no,no,0,0,yes,no,,0,,no,no,no
wpn_ksg_dryfire_plr,raw\sound\wpn\shotgun\dry_fire\plr\dry_fire_00.LN65.pc.snd.wav,,loaded,bus_fx,grp_weapon,snp_wpn_1p,,65,0,94,94,0,5000,5000,allon,default,allon,default,8,2,priority,oldest,-100,100,90,90,0.25,1,2d,default,nonlooping,volume,1,0,0,0,0,0.25,no,no,none,0,,no,,,yes,no,no,0,0,yes,no,,0,,no,no,no
wpn_ksg_fire_npc,raw\sound\wpn\shotgun\ksg\plr\shot\wpn_ksg_fire_plr.LN65.pc.snd.wav,wpn_ksg_npc_LFE,loaded,bus_fx,grp_weapon,snp_wpn_3p,,55,0,88,88,900,900,900,cosdelay,alloff,cosdelay,default,6,2,priority,oldest,-88,84,50,90,0.25,0.8,3d,default,nonlooping,volume,1,0,0,0,0,0.25,no,no,none,0,,no,,,yes,no,no,0,0,yes,no,,0,,no,no,no
wpn_ksg_fire_npc_decay,raw\sound\wpn\assault\decay\ext\wpn_assault_decay_ext.LN65.pc.snd.wav,,loaded,bus_fx,grp_weapon,snp_wpn_3p,,55,0,77,77,50,900,900,allon,default,rcurve1,default,3,1,priority,oldest,-100,100,20,70,0.15,1,3d,default,nonlooping,volume,1,0,0,0,0,0.25,no,no,none,0,,no,ringoff_plr,outdoor,yes,no,no,0,0,yes,no,,0,,no,no,no
wpn_ksg_fire_npc_decay,raw\sound\wpn\shotgun\decay\int\wpn_shotgun_decay_int.LN65.pc.snd.wav,,loaded,bus_fx,grp_weapon,snp_wpn_3p,,55,0,67,67,50,900,900,allon,default,rcurve1,default,3,1,priority,oldest,-100,100,20,70,0.15,1,3d,default,nonlooping,volume,1,0,0,0,0,0.25,no,no,none,0,,no,ringoff_plr,indoor,yes,no,no,0,0,yes,no,,0,,no,no,no
wpn_ksg_fire_npc_pap,raw\sound\wpn\pap\pap_shot_st.LN65.pc.snd.wav,wpn_ksg_flux_l_npc_pap,loaded,bus_fx,grp_weapon,snp_wpn_3p,,80,0,82,82,75,1250,1250,allon,default,allon,default,10,3,priority,oldest,-100,100,50,90,0.35,1,3d,default,nonlooping,volume pitch,1,0,0,0,0,0.25,no,no,none,0,,no,,,yes,no,no,0,0,yes,no,,0,,no,no,no
wpn_ksg_fire_plr,raw\sound\wpn\shotgun\ksg\plr\shot\wpn_ksg_fire_plr.LN65.pc.snd.wav,wpn_ksg_LFE,loaded,bus_fx,grp_weapon,snp_wpn_1p,,65,0,94,94,0,5000,5000,allon,default,allon,default,8,2,priority,oldest,-100,100,90,90,0.25,1,2d,default,nonlooping,volume,1,0,0,0,0,0.25,no,no,none,0,,no,,,yes,no,no,0,0,yes,no,,0,,no,no,no
wpn_ksg_fire_plr_decay,raw\sound\wpn\assault\decay\ext\wpn_assault_decay_ext.LN65.pc.snd.wav,,loaded,bus_fx,grp_weapon,snp_wpn_1p,,60,0,83,83,0,5000,5000,allon,default,allon,default,3,8,oldest,oldest,-50,50,90,90,0.25,1,2d,default,nonlooping,volume,1,0,0,0,0,0.25,no,no,none,0,,no,ringoff_plr,outdoor,yes,no,no,0,0,yes,no,,0,,no,no,no
wpn_ksg_fire_plr_decay,raw\sound\wpn\shotgun\decay\int\wpn_shotgun_decay_int.LN65.pc.snd.wav,,loaded,bus_fx,grp_weapon,snp_wpn_1p,,60,0,83,83,0,5000,5000,allon,default,allon,default,3,8,oldest,oldest,-50,50,90,90,0.25,1,2d,default,nonlooping,volume,1,0,0,0,0,0.25,no,no,none,0,,no,ringoff_plr,indoor,yes,no,no,0,0,yes,no,,0,,no,no,no
wpn_ksg_fire_plr_pap,raw\sound\wpn\pap\pap_shot_st.LN65.pc.snd.wav,wpn_ksg_flux_l_plr_pap,loaded,bus_hdrfx,grp_weapon,snp_wpn_1p,,70,0,87,87,0,5000,5000,allon,default,allon,default,1,8,oldest,oldest,0,0,90,90,0.25,1,2d,default,nonlooping,volume,1,0,0,0,0,0.25,no,no,none,0,,no,,,yes,no,no,0,0,yes,no,,0,,no,no,no
wpn_ksg_flux_l_npc_pap,raw\sound\wpn\pap\pap_flux_left.LN65.pc.snd.wav,wpn_ksg_flux_r_npc_pap,loaded,bus_fx,grp_weapon,snp_wpn_3p,,84,0,75,75,25,900,900,allon,default,allon,default,8,4,priority,priority,-34,34,85,90,0.25,1,3d,default,nonlooping,volume pitch,1,0,0,0,0,0.25,no,no,left_shot,4000,,no,,,yes,no,no,0,0,yes,no,,0,,no,no,no
wpn_ksg_flux_l_plr_pap,raw\sound\wpn\pap\pap_flux_left.LN65.pc.snd.wav,wpn_ksg_flux_r_plr_pap,loaded,bus_fx,grp_weapon,snp_wpn_3p,,84,0,75,75,25,900,900,allon,default,allon,default,8,4,priority,priority,-34,34,85,90,0.25,1,3d,default,nonlooping,volume pitch,1,0,0,0,0,0.25,no,no,left_shot,4000,,no,,,yes,no,no,0,0,yes,no,,0,,no,no,no
wpn_ksg_flux_r_npc_pap,raw\sound\wpn\pap\pap_flux_right.LN65.pc.snd.wav,wpn_ksg_fire_npc,loaded,bus_fx,grp_weapon,snp_wpn_3p,,84,0,75,75,25,900,900,allon,default,allon,default,8,4,priority,priority,-34,34,85,90,0.25,1,3d,default,nonlooping,volume pitch,1,0,0,0,0,0.25,no,no,right_shot,4000,,no,,,yes,no,no,0,0,yes,no,,0,,no,no,no
wpn_ksg_flux_r_plr_pap,raw\sound\wpn\pap\pap_flux_right.LN65.pc.snd.wav,wpn_ksg_fire_plr,loaded,bus_fx,grp_weapon,snp_wpn_3p,,84,0,75,75,25,900,900,allon,default,allon,default,8,4,priority,priority,-34,34,85,90,0.25,1,3d,default,nonlooping,volume pitch,1,0,0,0,0,0.25,no,no,right_shot,4000,,no,,,yes,no,no,0,0,yes,no,,0,,no,no,no
wpn_ksg_LFE,raw\sound\wpn\shotgun\srm1216\lfe\wpn_srm1216_lfe.LN65.pc.snd.wav,wpn_ksg_fire_plr_decay,loaded,bus_hdrfx,grp_wpn_lfe,snp_wpn_1p,,0,0,86,86,0,5000,5000,allon,default,allon,default,8,2,priority,oldest,0,0,85,90,0.25,1,2d,default,nonlooping,volume,1,0,0,0,0,0.25,no,no,none,0,,no,,,no,no,no,0,0,yes,no,,0,,no,no,no
wpn_ksg_npc_dist,raw\sound\wpn\dist_guns\sht\wpn_shotgun_dist_00.LN65.pc.snd.wav,wpn_ksg_fire_npc_decay,loaded,bus_fx,grp_weapon,snp_wpn_3p,,80,0,88,88,900,6000,12500,sindelay,default,sindelay,allon,6,3,priority,oldest,-300,300,90,40,0.25,1,3d,default,nonlooping,volume pitch,1,0,0,0,0,0.25,no,no,none,0,,no,,,yes,no,no,0,0,yes,no,,0,,no,no,no
wpn_ksg_npc_dist,raw\sound\wpn\dist_guns\sht\wpn_shotgun_dist_01.LN65.pc.snd.wav,wpn_ksg_fire_npc_decay,loaded,bus_fx,grp_weapon,snp_wpn_3p,,80,0,88,88,900,6000,12500,sindelay,default,sindelay,allon,6,3,priority,oldest,-300,300,90,40,0.25,1,3d,default,nonlooping,volume pitch,1,0,0,0,0,0.25,no,no,none,0,,no,,,yes,no,no,0,0,yes,no,,0,,no,no,no
wpn_ksg_npc_LFE,raw\sound\wpn\shotgun\srm1216\lfe\wpn_srm1216_lfe.LN65.pc.snd.wav,wpn_ksg_npc_dist,loaded,bus_hdrfx,grp_wpn_lfe,snp_wpn_3p,,0,0,81,81,25,225,225,allon,default,allon,default,3,1,priority,oldest,0,0,40,90,0.25,0.75,3d,default,nonlooping,volume,1,0,0,0,0,0.25,no,no,none,0,,no,,,no,no,no,0,0,yes,no,,0,,no,no,no
wpn_ksg_silencer_fire_npc,raw\sound\wpn\shotgun\saiga12\plr\shot\silenced\wpn_saiga12_sil_shot_plr.LN65.pc.snd.wav,wpn_ksg_silencer_LFE_npc,loaded,bus_fx,grp_weapon,snp_wpn_3p,,0,0,82,82,900,900,901,cosdelay,alloff,cosdelay,default,8,2,priority,oldest,-50,50,40,90,0.25,0.8,3d,default,nonlooping,volume,1,0,0,0,0,0.25,no,no,none,0,,no,,,yes,no,no,0,0,yes,no,,0,,no,no,no
wpn_ksg_silencer_fire_npc_decay,raw\sound\wpn\assault\decay\int\silenced\wpn_aslt_decay_silenced_int.LN65.pc.snd.wav,,loaded,bus_fx,grp_weapon,snp_wpn_3p,,55,0,67,67,50,900,900,allon,default,rcurve1,default,3,1,priority,oldest,-100,100,20,70,0.15,1,3d,default,nonlooping,volume,1,0,0,0,0,0.25,no,no,none,0,,no,ringoff_plr,indoor,yes,no,no,0,0,yes,no,,0,,no,no,no
wpn_ksg_silencer_fire_npc_decay,raw\sound\wpn\pistol\decay\ext\silenced\wpn_pistol_decay_silenced_ext.LN65.pc.snd.wav,,loaded,bus_fx,grp_weapon,snp_wpn_3p,,55,0,77,77,50,900,900,allon,default,rcurve1,default,3,1,priority,oldest,-100,100,20,70,0.15,1,3d,default,nonlooping,volume,1,0,0,0,0,0.25,no,no,none,0,,no,ringoff_plr,outdoor,yes,no,no,0,0,yes,no,,0,,no,no,no
wpn_ksg_silencer_fire_plr,raw\sound\wpn\shotgun\saiga12\plr\shot\silenced\wpn_saiga12_sil_shot_plr.LN65.pc.snd.wav,wpn_ksg_silencer_LFE,loaded,bus_fx,grp_weapon,snp_wpn_1p,,0,0,93,93,0,5000,5000,allon,default,allon,default,3,8,oldest,oldest,-50,50,90,90,0.25,1,2d,default,nonlooping,volume,1,0,0,0,0,0.25,no,no,none,0,,no,,,yes,no,no,0,0,yes,no,,0,,no,no,no
wpn_ksg_silencer_fire_plr_decay,raw\sound\wpn\assault\decay\int\silenced\wpn_aslt_decay_silenced_int.LN65.pc.snd.wav,,loaded,bus_fx,grp_weapon,snp_wpn_1p,,75,0,83,83,0,5000,5000,allon,default,allon,default,3,8,oldest,oldest,-50,50,90,90,0.25,1,2d,default,nonlooping,volume,1,0,0,0,0,0.25,no,no,none,0,,no,ringoff_plr,indoor,yes,no,no,0,0,yes,no,,0,,no,no,no
wpn_ksg_silencer_fire_plr_decay,raw\sound\wpn\pistol\decay\ext\silenced\wpn_pistol_decay_silenced_ext.LN65.pc.snd.wav,,loaded,bus_fx,grp_weapon,snp_wpn_1p,,70,0,83,83,0,5000,5000,allon,default,allon,default,3,8,oldest,oldest,-50,50,90,90,0.25,1,2d,default,nonlooping,volume,1,0,0,0,0,0.25,no,no,none,0,,no,ringoff_plr,outdoor,yes,no,no,0,0,yes,no,,0,,no,no,no
wpn_ksg_silencer_lfe,raw\sound\wpn\smg\mp7\plr\lfe\wpn_mp7_fire_lfe.LN65.pc.snd.wav,wpn_ksg_silencer_fire_plr_decay,loaded,bus_hdrfx,grp_wpn_lfe,snp_wpn_1p,,0,0,86,86,0,5000,5000,allon,default,allon,default,8,2,priority,oldest,0,0,85,90,0.25,1,2d,default,nonlooping,volume,1,0,0,0,0,0.25,no,no,none,0,,no,,,no,no,no,0,0,yes,no,,0,,no,no,no
wpn_ksg_silencer_LFE_npc,raw\sound\wpn\smg\mp7\plr\lfe\wpn_mp7_fire_lfe.LN65.pc.snd.wav,wpn_ksg_silencer_fire_npc_decay,loaded,bus_hdrfx,grp_wpn_lfe,snp_wpn_3p,,0,0,81,81,25,225,225,allon,default,allon,default,3,1,priority,oldest,0,0,40,90,0.25,0.75,3d,default,nonlooping,volume,1,0,0,0,0,0.25,no,no,none,0,,no,,,no,no,no,0,0,yes,no,,0,,no,no,no
fly_ballista_bolt_back,raw\sound\wpn\sniper\reload\fly_sniper_bb.LN65.pc.snd.wav,prj_brass_impact_plr_large_dirt,loaded,bus_fx,grp_foley,snp_foley,,30,0,86,89,0,5000,5000,allon,default,allon,default,8,8,priority,oldest,-88,84,70,70,0.25,1,2d,default,nonlooping,volume,1,0,0,0,0,0.25,no,yes,none,0,,no,,,yes,no,no,0,0,yes,no,,0,,no,no,no
fly_ballista_bolt_down,raw\sound\wpn\sniper\reload\fly_sniper_bd.LN65.pc.snd.wav,,loaded,bus_fx,grp_foley,snp_foley,,30,0,86,89,0,5000,5000,allon,default,allon,default,8,8,priority,oldest,-88,84,70,70,0.25,1,2d,default,nonlooping,volume,1,0,0,0,0,0.25,no,yes,none,0,,no,,,yes,no,no,0,0,yes,no,,0,,no,no,no
fly_ballista_bolt_forward,raw\sound\wpn\sniper\reload\fly_sniper_bf.LN65.pc.snd.wav,,loaded,bus_fx,grp_foley,snp_foley,,30,0,86,89,0,5000,5000,allon,default,allon,default,8,8,priority,oldest,-88,84,70,70,0.25,1,2d,default,nonlooping,volume,1,0,0,0,0,0.25,no,yes,none,0,,no,,,yes,no,no,0,0,yes,no,,0,,no,no,no
fly_ballista_bolt_up,raw\sound\wpn\sniper\reload\fly_sniper_bu.LN65.pc.snd.wav,,loaded,bus_fx,grp_foley,snp_foley,,30,0,86,89,0,5000,5000,allon,default,allon,default,8,8,priority,oldest,-88,84,70,70,0.25,1,2d,default,nonlooping,volume,1,0,0,0,0,0.25,no,yes,none,0,,no,,,yes,no,no,0,0,yes,no,,0,,no,no,no
fly_ballista_dial_sight,raw\sound\wpn\rocket\m202\foley\fly_m202_flip_sight.LN65.pc.snd.wav,,loaded,bus_fx,grp_foley,snp_foley,,30,0,86,89,0,5000,5000,allon,default,allon,default,8,8,priority,oldest,-88,84,70,70,0.25,1,2d,default,nonlooping,volume,1,0,0,0,0,0.25,no,yes,none,0,,no,,,yes,no,no,0,0,yes,no,,0,,no,no,no
fly_ballista_mag_in,raw\sound\wpn\sniper\reload\fly_sniper_mag_in.LN65.pc.snd.wav,,loaded,bus_fx,grp_foley,snp_foley,,30,0,86,89,0,5000,5000,allon,default,allon,default,8,8,priority,oldest,-88,84,70,70,0.25,1,2d,default,nonlooping,volume,1,0,0,0,0,0.25,no,yes,none,0,,no,,,yes,no,no,0,0,yes,no,,0,,no,no,no
fly_ballista_mag_out,raw\sound\wpn\sniper\reload\fly_sniper_mag_out.LN65.pc.snd.wav,,loaded,bus_fx,grp_foley,snp_foley,,30,0,86,89,0,5000,5000,allon,default,allon,default,8,8,priority,oldest,-88,84,70,70,0.25,1,2d,default,nonlooping,volume,1,0,0,0,0,0.25,no,yes,none,0,,no,,,yes,no,no,0,0,yes,no,,0,,no,no,no
fly_ballista_tap,raw\sound\wpn\assault\m14\reload\fly_m14_tap.LN65.pc.snd.wav,,loaded,bus_fx,grp_foley,snp_foley,,30,0,86,89,0,5000,5000,allon,default,allon,default,8,8,priority,oldest,-88,84,70,70,0.25,1,2d,default,nonlooping,volume,1,0,0,0,0,0.25,no,yes,none,0,,no,,,yes,no,no,0,0,yes,no,,0,,no,no,no
wpn_ballista_1straise_plr,raw\sound\fly\gear\rattle\fly_cloth_00.LN65.pc.snd.wav,,loaded,bus_fx,grp_foley,snp_foley,,30,0,86,89,0,5000,5000,allon,default,allon,default,8,8,priority,oldest,-88,84,70,70,0.25,1,2d,default,nonlooping,volume,1,0,0,0,0,0.25,no,yes,none,0,,no,,,yes,no,no,0,0,yes,no,,0,,no,no,no
wpn_ballista_1straise_plr,raw\sound\fly\gear\rattle\fly_cloth_01.LN65.pc.snd.wav,,loaded,bus_fx,grp_foley,snp_foley,,30,0,86,89,0,5000,5000,allon,default,allon,default,8,8,priority,oldest,-88,84,70,70,0.25,1,2d,default,nonlooping,volume,1,0,0,0,0,0.25,no,yes,none,0,,no,,,yes,no,no,0,0,yes,no,,0,,no,no,no
wpn_ballista_1straise_plr,raw\sound\fly\gear\rattle\fly_cloth_02.LN65.pc.snd.wav,,loaded,bus_fx,grp_foley,snp_foley,,30,0,86,89,0,5000,5000,allon,default,allon,default,8,8,priority,oldest,-88,84,70,70,0.25,1,2d,default,nonlooping,volume,1,0,0,0,0,0.25,no,yes,none,0,,no,,,yes,no,no,0,0,yes,no,,0,,no,no,no
wpn_ballista_1straise_plr,raw\sound\fly\gear\rattle\fly_cloth_03.LN65.pc.snd.wav,,loaded,bus_fx,grp_foley,snp_foley,,30,0,86,89,0,5000,5000,allon,default,allon,default,8,8,priority,oldest,-88,84,70,70,0.25,1,2d,default,nonlooping,volume,1,0,0,0,0,0.25,no,yes,none,0,,no,,,yes,no,no,0,0,yes,no,,0,,no,no,no
wpn_ballista_dryfire_npc,raw\sound\wpn\sniper\dry_fire\plr\dry_fire_00.LN65.pc.snd.wav,,loaded,bus_fx,grp_weapon,snp_wpn_3p,,65,0,88,88,900,900,901,cosdelay,alloff,cosdelay,default,6,2,priority,oldest,-88,84,20,90,0.25,0.8,3d,default,nonlooping,volume pitch,1,0,0,0,0,0.25,no,no,none,0,,no,,,yes,no,no,0,0,yes,no,,0,,no,no,no
wpn_ballista_dryfire_plr,raw\sound\wpn\sniper\dry_fire\plr\dry_fire_00.LN65.pc.snd.wav,,loaded,bus_fx,grp_weapon,snp_wpn_1p,,70,0,88,88,0,5000,5000,allon,default,allon,default,2,8,oldest,oldest,0,0,90,90,0.25,1,2d,default,nonlooping,volume,1,0,0,0,0,0.25,no,no,none,0,,no,,,yes,no,no,0,0,yes,no,,0,,no,no,no
wpn_ballista_fire_dist,raw\sound\wpn\dist_guns\rif\wpn_rif_dist_00.LN65.pc.snd.wav,wpn_ballista_fire_npc_decay,loaded,bus_fx,grp_weapon,snp_wpn_3p,,80,0,85,85,900,6000,12500,sindelay,default,sindelay,allon,6,3,priority,oldest,-300,300,90,40,0.25,1,3d,default,nonlooping,,1,0,0,0,0,0.25,no,no,none,0,,no,,,yes,no,no,0,0,yes,no,,0,,no,no,no
wpn_ballista_fire_dist,raw\sound\wpn\dist_guns\rif\wpn_rif_dist_01.LN65.pc.snd.wav,wpn_ballista_fire_npc_decay,loaded,bus_fx,grp_weapon,snp_wpn_3p,,80,0,85,85,900,6000,12500,sindelay,default,sindelay,allon,6,3,priority,oldest,-300,300,90,40,0.25,1,3d,default,nonlooping,,1,0,0,0,0,0.25,no,no,none,0,,no,,,yes,no,no,0,0,yes,no,,0,,no,no,no
wpn_ballista_fire_npc,raw\sound\wpn\sniper\ballista\plr\shot\wpn_ballista_fire_plr.LN65.pc.snd.wav,wpn_ballista_lfe_npc,loaded,bus_fx,grp_weapon,snp_wpn_3p,,65,0,92,92,900,900,901,cosdelay,alloff,cosdelay,default,6,2,priority,oldest,-88,84,20,90,0.25,0.8,3d,default,nonlooping,volume pitch,1,0,0,0,0,0.25,no,no,none,0,,no,,,yes,no,no,0,0,yes,no,,0,,no,no,no
wpn_ballista_fire_npc_decay,raw\sound\wpn\sniper\decay\ext\wpn_sniper_decay_ext.LN65.pc.snd.wav,wpn_ballista_flux_npc_l,loaded,bus_fx,grp_weapon,snp_wpn_3p,,55,0,80,80,50,900,900,allon,default,rcurve1,default,3,1,priority,oldest,-100,100,20,70,0.15,1,3d,default,nonlooping,volume,1,0,0,0,0,0.25,no,no,none,0,,no,ringoff_plr,outdoor,yes,no,no,0,0,yes,no,,0,,no,no,no
wpn_ballista_fire_npc_decay,raw\sound\wpn\sniper\decay\int\wpn_rifle_decay_int.LN65.pc.snd.wav,wpn_ballista_flux_npc_l,loaded,bus_fx,grp_weapon,snp_wpn_3p,,55,0,80,80,50,900,900,allon,default,rcurve1,default,3,1,priority,oldest,-100,100,20,70,0.15,1,3d,default,nonlooping,volume,1,0,0,0,0,0.25,no,no,none,0,,no,ringoff_plr,indoor,yes,no,no,0,0,yes,no,,0,,no,no,no
wpn_ballista_fire_plr,raw\sound\wpn\sniper\ballista\plr\shot\wpn_ballista_fire_plr.LN65.pc.snd.wav,wpn_ballista_lfe,loaded,bus_fx,grp_weapon,snp_wpn_1p,,70,0,92,92,0,5000,5000,allon,default,allon,default,2,8,oldest,oldest,0,0,90,90,0.25,1,2d,default,nonlooping,volume,1,0,0,0,0,0.25,no,no,none,0,,no,,,yes,no,no,0,0,yes,no,,0,,no,no,no
wpn_ballista_fire_plr_decay,raw\sound\wpn\sniper\decay\ext\wpn_sniper_decay_ext.LN65.pc.snd.wav,wpn_ballista_flux_plr_l,loaded,bus_fx,grp_weapon,snp_wpn_1p,,55,0,85,85,0,5000,5000,allon,default,allon,default,3,8,oldest,oldest,-50,50,90,90,0.25,1,2d,default,nonlooping,volume,1,0,0,0,0,0.25,no,no,none,0,,no,ringoff_plr,outdoor,yes,no,no,0,0,yes,no,,0,,no,no,no
wpn_ballista_fire_plr_decay,raw\sound\wpn\sniper\decay\int\wpn_rifle_decay_int.LN65.pc.snd.wav,wpn_ballista_flux_plr_l,loaded,bus_fx,grp_weapon,snp_wpn_1p,,55,0,85,85,0,5000,5000,allon,default,allon,default,3,8,oldest,oldest,-50,50,90,90,0.25,1,2d,default,nonlooping,volume,1,0,0,0,0,0.25,no,no,none,0,,no,ringoff_plr,indoor,yes,no,no,0,0,yes,no,,0,,no,no,no
wpn_ballista_flux_npc_l,raw\sound\wpn\sniper\sniper_flux\wpn_sniper_flux_l.LN65.pc.snd.wav,wpn_ballista_flux_npc_r,loaded,bus_fx,grp_weapon,snp_wpn_3p,,60,0,78,81,25,7500,10000,allon,default,allon,default,8,8,oldest,oldest,-300,300,20,90,0.25,1,3d,default,nonlooping,volume pitch,1,250,25,250,80,0.2,no,no,left_shot,7000,,no,,,yes,no,no,0,0,yes,no,,0,,no,no,no
wpn_ballista_flux_npc_r,raw\sound\wpn\sniper\sniper_flux\wpn_sniper_flux_r.LN65.pc.snd.wav,,loaded,bus_fx,grp_weapon,snp_wpn_3p,,60,0,78,81,25,7500,10000,allon,default,allon,default,8,8,oldest,oldest,-300,300,20,90,0.25,1,3d,default,nonlooping,volume pitch,1,250,25,250,80,0.2,no,no,right_shot,7000,,no,,,yes,no,no,0,0,yes,no,,0,,no,no,no
wpn_ballista_flux_plr_l,raw\sound\wpn\sniper\sniper_flux\wpn_sniper_flux_l.LN65.pc.snd.wav,wpn_ballista_flux_plr_r,loaded,bus_fx,grp_weapon,snp_wpn_3p,,60,0,68,71,50,4000,4250,allon,default,allon,default,8,8,oldest,oldest,-300,300,20,90,0.25,1,3d,default,nonlooping,volume pitch,1,250,25,250,80,0.2,no,no,left_shot,7000,,no,ringoff_plr,outdoor,yes,no,no,0,0,yes,no,,0,,no,no,no
wpn_ballista_flux_plr_r,raw\sound\wpn\sniper\sniper_flux\wpn_sniper_flux_r.LN65.pc.snd.wav,,loaded,bus_fx,grp_weapon,snp_wpn_3p,,60,0,68,71,50,4000,4250,allon,default,allon,default,8,8,oldest,oldest,-300,300,20,90,0.25,1,3d,default,nonlooping,volume pitch,1,250,25,250,80,0.2,no,no,right_shot,7000,,no,ringoff_plr,outdoor,yes,no,no,0,0,yes,no,,0,,no,no,no
wpn_ballista_lfe,raw\sound\wpn\sniper\dsr\plr\lfe\wpn_dsr_fire_lfe.LN65.pc.snd.wav,wpn_ballista_fire_plr_decay,loaded,bus_hdrfx,grp_wpn_lfe,snp_wpn_1p,,0,0,86,86,0,5000,5000,allon,default,allon,default,8,2,priority,oldest,0,0,85,90,0.25,1,2d,default,nonlooping,volume,1,0,0,0,0,0.25,no,no,none,0,,no,,,no,no,no,0,0,yes,no,,0,,no,no,no
wpn_ballista_lfe_npc,raw\sound\wpn\sniper\dsr\plr\lfe\wpn_dsr_fire_lfe.LN65.pc.snd.wav,wpn_ballista_fire_dist,loaded,bus_hdrfx,grp_wpn_lfe,snp_wpn_3p,,0,0,81,81,25,225,225,allon,default,allon,default,3,1,priority,oldest,0,0,40,90,0.25,0.75,3d,default,nonlooping,volume,1,0,0,0,0,0.25,no,no,none,0,,no,,,no,no,no,0,0,yes,no,,0,,no,no,no
wpn_ballista_pickup_plr,raw\sound\fly\pickups\weapon\fly_weapon_pickup_00.LN65.pc.snd.wav,,loaded,bus_fx,grp_foley,snp_foley,,30,0,75,75,0,5000,5000,allon,default,allon,default,1,8,reject,oldest,-88,84,70,70,0.25,1,2d,default,nonlooping,volume,1,0,0,0,0,0.25,no,yes,none,0,,no,,,yes,no,no,0,0,yes,no,,0,,no,no,no
wpn_ballista_pickup_plr,raw\sound\fly\pickups\weapon\fly_weapon_pickup_01.LN65.pc.snd.wav,,loaded,bus_fx,grp_foley,snp_foley,,30,0,75,75,0,5000,5000,allon,default,allon,default,1,8,reject,oldest,-88,84,70,70,0.25,1,2d,default,nonlooping,volume,1,0,0,0,0,0.25,no,yes,none,0,,no,,,yes,no,no,0,0,yes,no,,0,,no,no,no
wpn_ballista_raise_plr,raw\sound\fly\gear\rattle\fly_cloth_00.LN65.pc.snd.wav,,loaded,bus_fx,grp_foley,snp_foley,,30,0,86,89,0,5000,5000,allon,default,allon,default,8,8,priority,oldest,-88,84,70,70,0.25,1,2d,default,nonlooping,volume,1,0,0,0,0,0.25,no,yes,none,0,,no,,,yes,no,no,0,0,yes,no,,0,,no,no,no
wpn_ballista_raise_plr,raw\sound\fly\gear\rattle\fly_cloth_01.LN65.pc.snd.wav,,loaded,bus_fx,grp_foley,snp_foley,,30,0,86,89,0,5000,5000,allon,default,allon,default,8,8,priority,oldest,-88,84,70,70,0.25,1,2d,default,nonlooping,volume,1,0,0,0,0,0.25,no,yes,none,0,,no,,,yes,no,no,0,0,yes,no,,0,,no,no,no
wpn_ballista_raise_plr,raw\sound\fly\gear\rattle\fly_cloth_02.LN65.pc.snd.wav,,loaded,bus_fx,grp_foley,snp_foley,,30,0,86,89,0,5000,5000,allon,default,allon,default,8,8,priority,oldest,-88,84,70,70,0.25,1,2d,default,nonlooping,volume,1,0,0,0,0,0.25,no,yes,none,0,,no,,,yes,no,no,0,0,yes,no,,0,,no,no,no
wpn_ballista_raise_plr,raw\sound\fly\gear\rattle\fly_cloth_03.LN65.pc.snd.wav,,loaded,bus_fx,grp_foley,snp_foley,,30,0,86,89,0,5000,5000,allon,default,allon,default,8,8,priority,oldest,-88,84,70,70,0.25,1,2d,default,nonlooping,volume,1,0,0,0,0,0.25,no,yes,none,0,,no,,,yes,no,no,0,0,yes,no,,0,,no,no,no
wpn_ballista_silencer_fire_npc,raw\sound\wpn\sniper\ballista\plr\shot\silenced\wpn_ballista_sil_shot_plr.LN65.pc.snd.wav,wpn_ballista_silencer_LFE_npc,loaded,bus_fx,grp_weapon,snp_wpn_3p,,0,0,82,82,900,900,901,cosdelay,alloff,cosdelay,default,8,2,priority,oldest,-50,50,40,90,0.25,0.8,3d,default,nonlooping,volume,1,0,0,0,0,0.25,no,no,none,0,,no,,,yes,no,no,0,0,yes,no,,0,,no,no,no
wpn_ballista_silencer_fire_npc_decay,raw\sound\wpn\assault\decay\int\silenced\wpn_aslt_decay_silenced_int.LN65.pc.snd.wav,,loaded,bus_fx,grp_weapon,snp_wpn_3p,,55,0,67,67,50,900,900,allon,default,rcurve1,default,3,1,priority,oldest,-100,100,20,70,0.15,1,3d,default,nonlooping,volume,1,0,0,0,0,0.25,no,no,none,0,,no,ringoff_plr,indoor,yes,no,no,0,0,yes,no,,0,,no,no,no
wpn_ballista_silencer_fire_npc_decay,raw\sound\wpn\pistol\decay\ext\silenced\wpn_pistol_decay_silenced_ext.LN65.pc.snd.wav,,loaded,bus_fx,grp_weapon,snp_wpn_3p,,55,0,77,77,50,900,900,allon,default,rcurve1,default,3,1,priority,oldest,-100,100,20,70,0.15,1,3d,default,nonlooping,volume,1,0,0,0,0,0.25,no,no,none,0,,no,ringoff_plr,outdoor,yes,no,no,0,0,yes,no,,0,,no,no,no
wpn_ballista_silencer_fire_plr,raw\sound\wpn\sniper\ballista\plr\shot\silenced\wpn_ballista_sil_shot_plr.LN65.pc.snd.wav,wpn_ballista_silencer_LFE,loaded,bus_fx,grp_weapon,snp_wpn_1p,,0,0,93,93,0,5000,5000,allon,default,allon,default,3,8,oldest,oldest,-50,50,90,90,0.25,1,2d,default,nonlooping,volume,1,0,0,0,0,0.25,no,no,none,0,,no,,,yes,no,no,0,0,yes,no,,0,,no,no,no
wpn_ballista_silencer_fire_plr_decay,raw\sound\wpn\assault\decay\int\silenced\wpn_aslt_decay_silenced_int.LN65.pc.snd.wav,,loaded,bus_fx,grp_weapon,snp_wpn_1p,,75,0,83,83,0,5000,5000,allon,default,allon,default,3,8,oldest,oldest,-50,50,90,90,0.25,1,2d,default,nonlooping,volume,1,0,0,0,0,0.25,no,no,none,0,,no,ringoff_plr,indoor,yes,no,no,0,0,yes,no,,0,,no,no,no
wpn_ballista_silencer_fire_plr_decay,raw\sound\wpn\pistol\decay\ext\silenced\wpn_pistol_decay_silenced_ext.LN65.pc.snd.wav,,loaded,bus_fx,grp_weapon,snp_wpn_1p,,70,0,83,83,0,5000,5000,allon,default,allon,default,3,8,oldest,oldest,-50,50,90,90,0.25,1,2d,default,nonlooping,volume,1,0,0,0,0,0.25,no,no,none,0,,no,ringoff_plr,outdoor,yes,no,no,0,0,yes,no,,0,,no,no,no
wpn_ballista_silencer_lfe,raw\sound\wpn\smg\mp7\plr\lfe\wpn_mp7_fire_lfe.LN65.pc.snd.wav,wpn_ballista_silencer_fire_plr_decay,loaded,bus_hdrfx,grp_wpn_lfe,snp_wpn_1p,,0,0,86,86,0,5000,5000,allon,default,allon,default,8,2,priority,oldest,0,0,85,90,0.25,1,2d,default,nonlooping,volume,1,0,0,0,0,0.25,no,no,none,0,,no,,,no,no,no,0,0,yes,no,,0,,no,no,no
wpn_ballista_silencer_LFE_npc,raw\sound\wpn\smg\mp7\plr\lfe\wpn_mp7_fire_lfe.LN65.pc.snd.wav,wpn_ballista_silencer_fire_npc_decay,loaded,bus_hdrfx,grp_wpn_lfe,snp_wpn_3p,,0,0,81,81,25,225,225,allon,default,allon,default,3,1,priority,oldest,0,0,40,90,0.25,0.75,3d,default,nonlooping,volume,1,0,0,0,0,0.25,no,no,none,0,,no,,,no,no,no,0,0,yes,no,,0,,no,no,no
fly_mc96_futz,,,loaded,bus_hdrfx,grp_hdrfx,snp_hdrfx,,60,0,79,79,450,1775,1775,allon,default,allon,default,8,8,priority,oldest,0,0,95,100,0.25,1,3d,default,nonlooping,volume,1,0,0,0,0,0,no,no,none,0,,no,,,no,no,no,0,0,yes,no,,0,,no,no,no
fly_mc96_hammer,raw\sound\wpn\pistol\reloads\fly_pistol_hammer.LN65.pc.snd.wav,,loaded,bus_fx,grp_foley,snp_foley,,30,0,86,89,0,5000,5000,allon,default,allon,default,8,8,priority,oldest,-88,84,70,70,0.25,1,2d,default,nonlooping,volume,1,0,0,0,0,0.25,no,yes,none,0,,no,,,yes,no,no,0,0,yes,no,,0,,no,no,no
fly_mc96_mag_in,raw\sound\wpn\pistol\reloads\fly_pistol_mag_in.LN65.pc.snd.wav,,loaded,bus_fx,grp_foley,snp_foley,,30,0,86,89,0,5000,5000,allon,default,allon,default,8,8,priority,oldest,-88,84,70,70,0.25,1,2d,default,nonlooping,volume,1,0,0,0,0,0.25,no,yes,none,0,,no,,,yes,no,no,0,0,yes,no,,0,,no,no,no
fly_mc96_mag_out,raw\sound\wpn\pistol\reloads\fly_pistol_mag_out.LN65.pc.snd.wav,,loaded,bus_fx,grp_foley,snp_foley,,30,0,86,89,0,5000,5000,allon,default,allon,default,8,8,priority,oldest,-88,84,70,70,0.25,1,2d,default,nonlooping,volume,1,0,0,0,0,0.25,no,yes,none,0,,no,,,yes,no,no,0,0,yes,no,,0,,no,no,no
fly_mc96_slide_back,raw\sound\wpn\pistol\reloads\fly_pistol_sb.LN65.pc.snd.wav,,loaded,bus_fx,grp_foley,snp_foley,,30,0,86,89,0,5000,5000,allon,default,allon,default,8,8,priority,oldest,-88,84,70,70,0.25,1,2d,default,nonlooping,volume,1,0,0,0,0,0.25,no,yes,none,0,,no,,,yes,no,no,0,0,yes,no,,0,,no,no,no
fly_mc96_slide_forward,raw\sound\wpn\pistol\reloads\fly_pistol_sf.LN65.pc.snd.wav,,loaded,bus_fx,grp_foley,snp_foley,,30,0,86,89,0,5000,5000,allon,default,allon,default,8,8,priority,oldest,-88,84,70,70,0.25,1,2d,default,nonlooping,volume,1,0,0,0,0,0.25,no,yes,none,0,,no,,,yes,no,no,0,0,yes,no,,0,,no,no,no
wpn_mc96_1straise_npc,raw\sound\fly\gear\rattle\fly_cloth_00.LN65.pc.snd.wav,,loaded,bus_fx,grp_foley,snp_foley,,30,0,75,75,75,500,500,allon,default,allon,default,4,8,priority,oldest,-90,90,15,30,0.25,1,3d,default,nonlooping,volume,1,0,25,250,75,0.25,no,yes,none,0,,no,,,yes,no,no,0,0,yes,no,,0,,no,no,no
wpn_mc96_1straise_npc,raw\sound\fly\gear\rattle\fly_cloth_01.LN65.pc.snd.wav,,loaded,bus_fx,grp_foley,snp_foley,,30,0,75,75,75,500,500,allon,default,allon,default,4,8,priority,oldest,-90,90,15,30,0.25,1,3d,default,nonlooping,volume,1,0,25,250,75,0.25,no,yes,none,0,,no,,,yes,no,no,0,0,yes,no,,0,,no,no,no
wpn_mc96_1straise_npc,raw\sound\fly\gear\rattle\fly_cloth_02.LN65.pc.snd.wav,,loaded,bus_fx,grp_foley,snp_foley,,30,0,75,75,75,500,500,allon,default,allon,default,4,8,priority,oldest,-90,90,15,30,0.25,1,3d,default,nonlooping,volume,1,0,25,250,75,0.25,no,yes,none,0,,no,,,yes,no,no,0,0,yes,no,,0,,no,no,no
wpn_mc96_1straise_npc,raw\sound\fly\gear\rattle\fly_cloth_03.LN65.pc.snd.wav,,loaded,bus_fx,grp_foley,snp_foley,,30,0,75,75,75,500,500,allon,default,allon,default,4,8,priority,oldest,-90,90,15,30,0.25,1,3d,default,nonlooping,volume,1,0,25,250,75,0.25,no,yes,none,0,,no,,,yes,no,no,0,0,yes,no,,0,,no,no,no
wpn_mc96_1straise_plr,raw\sound\fly\gear\rattle\fly_cloth_00.LN65.pc.snd.wav,,loaded,bus_fx,grp_foley,snp_foley,,30,0,86,89,0,5000,5000,allon,default,allon,default,8,8,priority,oldest,-88,84,70,70,0.25,1,2d,default,nonlooping,volume,1,0,0,0,0,0.25,no,yes,none,0,,no,,,yes,no,no,0,0,yes,no,,0,,no,no,no
wpn_mc96_1straise_plr,raw\sound\fly\gear\rattle\fly_cloth_01.LN65.pc.snd.wav,,loaded,bus_fx,grp_foley,snp_foley,,30,0,86,89,0,5000,5000,allon,default,allon,default,8,8,priority,oldest,-88,84,70,70,0.25,1,2d,default,nonlooping,volume,1,0,0,0,0,0.25,no,yes,none,0,,no,,,yes,no,no,0,0,yes,no,,0,,no,no,no
wpn_mc96_1straise_plr,raw\sound\fly\gear\rattle\fly_cloth_02.LN65.pc.snd.wav,,loaded,bus_fx,grp_foley,snp_foley,,30,0,86,89,0,5000,5000,allon,default,allon,default,8,8,priority,oldest,-88,84,70,70,0.25,1,2d,default,nonlooping,volume,1,0,0,0,0,0.25,no,yes,none,0,,no,,,yes,no,no,0,0,yes,no,,0,,no,no,no
wpn_mc96_1straise_plr,raw\sound\fly\gear\rattle\fly_cloth_03.LN65.pc.snd.wav,,loaded,bus_fx,grp_foley,snp_foley,,30,0,86,89,0,5000,5000,allon,default,allon,default,8,8,priority,oldest,-88,84,70,70,0.25,1,2d,default,nonlooping,volume,1,0,0,0,0,0.25,no,yes,none,0,,no,,,yes,no,no,0,0,yes,no,,0,,no,no,no
wpn_mc96_dryfire_npc,raw\sound\wpn\smg\dry_fire\plr\dry_fire_plr.LN65.pc.snd.wav,,loaded,bus_fx,grp_weapon,snp_wpn_3p,,55,0,85,85,900,900,900,cosdelay,alloff,cosdelay,default,6,2,priority,oldest,-281,281,20,90,0.25,0.8,3d,default,nonlooping,volume,1,0,0,0,0,0.25,no,no,none,0,,no,,,yes,no,no,0,0,yes,no,,0,,no,no,no
wpn_mc96_dryfire_plr,raw\sound\wpn\smg\dry_fire\plr\dry_fire_plr.LN65.pc.snd.wav,,loaded,bus_fx,grp_weapon,snp_wpn_1p,,65,0,90,90,0,5000,5000,allon,default,allon,default,2,8,oldest,oldest,0,0,90,90,0.25,1,2d,default,nonlooping,volume,1,0,0,0,0,0.25,no,no,none,0,,no,,,yes,no,no,0,0,yes,no,,0,,no,no,no
wpn_mc96_fire_npc,raw\sound\wpn\pistol\mauser\shot\wpn_mauser_fire.LN65.pc.snd.wav,wpn_mc96_fire_npc_dist,loaded,bus_fx,grp_weapon,snp_wpn_3p,,55,0,93,93,900,900,900,cosdelay,alloff,cosdelay,default,6,2,priority,oldest,-25,25,20,90,0.25,0.8,3d,default,nonlooping,,1,0,0,0,0,0.3,no,no,none,0,,no,,,yes,no,no,0,0,yes,no,,0,,no,no,no
wpn_mc96_fire_npc_decay,raw\sound\wpn\pistol\decay\ext\wpn_pistol_decay_ext.LN65.pc.snd.wav,,loaded,bus_fx,grp_weapon,snp_wpn_3p,,55,0,75,75,50,900,900,allon,default,rcurve1,default,10,1,reject,oldest,-100,100,20,70,0.15,1,3d,default,nonlooping,volume,1,0,0,0,0,0.25,no,no,none,0,,no,ringoff_plr,outdoor,yes,no,no,0,0,yes,no,,0,,no,no,no
wpn_mc96_fire_npc_decay,raw\sound\wpn\pistol\decay\int\wpn_pistol_decay_int.LN65.pc.snd.wav,,loaded,bus_fx,grp_weapon,snp_wpn_3p,,55,0,75,75,50,900,900,allon,default,rcurve1,default,10,1,reject,oldest,-100,100,20,70,0.15,1,3d,default,nonlooping,volume,1,0,0,0,0,0.25,no,no,none,0,,no,ringoff_plr,indoor,yes,no,no,0,0,yes,no,,0,,no,no,no
wpn_mc96_fire_npc_dist,raw\sound\wpn\dist_guns\pis\wpn_pistol_dist_00.LN65.pc.snd.wav,wpn_mc96_LFE_npc,loaded,bus_fx,grp_weapon,snp_wpn_3p,,80,0,81,81,900,6000,12500,sindelay,default,sindelay,allon,6,2,priority,oldest,-300,300,90,40,0.25,1,3d,default,nonlooping,,1,0,0,0,0,0.25,no,no,none,0,,no,,,yes,no,no,0,0,yes,no,,0,,no,no,no
wpn_mc96_fire_npc_dist,raw\sound\wpn\dist_guns\pis\wpn_pistol_dist_01.LN65.pc.snd.wav,wpn_mc96_LFE_npc,loaded,bus_fx,grp_weapon,snp_wpn_3p,,80,0,81,81,900,6000,12500,sindelay,default,sindelay,allon,6,2,priority,oldest,-300,300,90,40,0.25,1,3d,default,nonlooping,,1,0,0,0,0,0.25,no,no,none,0,,no,,,yes,no,no,0,0,yes,no,,0,,no,no,no
wpn_mc96_fire_npc_dist,raw\sound\wpn\dist_guns\pis\wpn_pistol_dist_02.LN65.pc.snd.wav,wpn_mc96_LFE_npc,loaded,bus_fx,grp_weapon,snp_wpn_3p,,80,0,81,81,900,6000,12500,sindelay,default,sindelay,allon,6,2,priority,oldest,-300,300,90,40,0.25,1,3d,default,nonlooping,,1,0,0,0,0,0.25,no,no,none,0,,no,,,yes,no,no,0,0,yes,no,,0,,no,no,no
wpn_mc96_fire_npc_pap,raw\sound\wpn\pap\pap_shot_st.LN65.pc.snd.wav,wpn_mc96_flux_l_npc_pap,loaded,bus_fx,grp_weapon,snp_wpn_3p,,80,0,82,82,75,1250,1250,allon,default,allon,default,10,3,priority,oldest,-100,100,50,90,0.35,1,3d,default,nonlooping,volume pitch,1,0,0,0,0,0.25,no,no,none,0,,no,,,yes,no,no,0,0,yes,no,,0,,no,no,no
wpn_mc96_fire_plr,raw\sound\wpn\pistol\mauser\shot\wpn_mauser_fire.LN65.pc.snd.wav,wpn_mc96_LFE,loaded,bus_fx,grp_weapon,snp_wpn_1p,,65,0,93,93,0,5000,5000,allon,default,allon,default,2,8,oldest,oldest,-25,25,90,90,0.25,1,2d,default,nonlooping,volume,1,0,0,0,0,0.25,no,no,none,0,,no,,,yes,no,no,0,0,yes,no,,0,,no,no,no
wpn_mc96_fire_plr_decay,raw\sound\wpn\pistol\decay\ext\wpn_pistol_decay_ext.LN65.pc.snd.wav,,loaded,bus_fx,grp_weapon,snp_wpn_1p,,65,0,80,80,0,5000,5000,allon,default,allon,default,3,8,oldest,oldest,-50,50,90,90,0.25,1,2d,default,nonlooping,volume,1,0,0,0,0,0.25,no,no,none,0,,no,ringoff_plr,outdoor,yes,no,no,0,0,yes,no,,0,,no,no,no
wpn_mc96_fire_plr_decay,raw\sound\wpn\pistol\decay\int\wpn_pistol_decay_int.LN65.pc.snd.wav,,loaded,bus_fx,grp_weapon,snp_wpn_1p,,65,0,80,80,0,5000,5000,allon,default,allon,default,3,8,oldest,oldest,-50,50,90,90,0.25,1,2d,default,nonlooping,volume,1,0,0,0,0,0.25,no,no,none,0,,no,ringoff_plr,indoor,yes,no,no,0,0,yes,no,,0,,no,no,no
wpn_mc96_fire_plr_lh,raw\sound\wpn\pistol\fnp45\plr\shot\wpn_fnp45_fire_plr.LN65.pc.snd.wav,wpn_mc96_LFE,loaded,bus_fx,grp_weapon,snp_wpn_1p,,65,0,90,90,0,5000,5000,allon,default,allon,default,2,8,oldest,oldest,0,0,90,90,0.25,1,2d,default,nonlooping,volume,1,0,0,0,0,0.25,no,no,none,0,,no,,,yes,no,no,0,0,yes,no,,0,,no,no,no
wpn_mc96_fire_plr_pap,raw\sound\wpn\pap\pap_shot_st.LN65.pc.snd.wav,wpn_mc96_flux_l_plr_pap,loaded,bus_hdrfx,grp_weapon,snp_wpn_1p,,70,0,87,87,0,5000,5000,allon,default,allon,default,1,8,oldest,oldest,0,0,90,90,0.25,1,2d,default,nonlooping,volume,1,0,0,0,0,0.25,no,no,none,0,,no,,,yes,no,no,0,0,yes,no,,0,,no,no,no
wpn_mc96_fire_plr_rh,raw\sound\wpn\pistol\fnp45\plr\shot\wpn_fnp45_fire_plr.LN65.pc.snd.wav,wpn_mc96_LFE,loaded,bus_fx,grp_weapon,snp_wpn_1p,,65,0,90,90,0,5000,5000,allon,default,allon,default,2,8,oldest,oldest,0,0,90,90,0.25,1,2d,default,nonlooping,volume,1,0,0,0,0,0.25,no,no,none,0,,no,,,yes,no,no,0,0,yes,no,,0,,no,no,no
wpn_mc96_flux_l_npc_pap,raw\sound\wpn\pap\pap_flux_left.LN65.pc.snd.wav,wpn_mc96_flux_r_npc_pap,loaded,bus_fx,grp_weapon,snp_wpn_3p,,84,0,75,75,25,900,900,allon,default,allon,default,8,4,priority,priority,-34,34,85,90,0.25,1,3d,default,nonlooping,volume pitch,1,0,0,0,0,0.25,no,no,left_shot,4000,,no,,,yes,no,no,0,0,yes,no,,0,,no,no,no
wpn_mc96_flux_l_plr_pap,raw\sound\wpn\pap\pap_flux_left.LN65.pc.snd.wav,wpn_mc96_flux_r_plr_pap,loaded,bus_fx,grp_weapon,snp_wpn_3p,,84,0,75,75,25,900,900,allon,default,allon,default,8,4,priority,priority,-34,34,85,90,0.25,1,3d,default,nonlooping,volume pitch,1,0,0,0,0,0.25,no,no,left_shot,4000,,no,,,yes,no,no,0,0,yes,no,,0,,no,no,no
wpn_mc96_flux_r_npc_pap,raw\sound\wpn\pap\pap_flux_right.LN65.pc.snd.wav,wpn_mc96_fire_npc,loaded,bus_fx,grp_weapon,snp_wpn_3p,,84,0,75,75,25,900,900,allon,default,allon,default,8,4,priority,priority,-34,34,85,90,0.25,1,3d,default,nonlooping,volume pitch,1,0,0,0,0,0.25,no,no,right_shot,4000,,no,,,yes,no,no,0,0,yes,no,,0,,no,no,no
wpn_mc96_flux_r_plr_pap,raw\sound\wpn\pap\pap_flux_right.LN65.pc.snd.wav,wpn_mc96_fire_plr,loaded,bus_fx,grp_weapon,snp_wpn_3p,,84,0,75,75,25,900,900,allon,default,allon,default,8,4,priority,priority,-34,34,85,90,0.25,1,3d,default,nonlooping,volume pitch,1,0,0,0,0,0.25,no,no,right_shot,4000,,no,,,yes,no,no,0,0,yes,no,,0,,no,no,no
wpn_mc96_LFE,raw\sound\wpn\smg\mp7\plr\lfe\wpn_mp7_fire_lfe.LN65.pc.snd.wav,wpn_mc96_fire_plr_decay,loaded,bus_hdrfx,grp_wpn_lfe,snp_wpn_1p,,0,0,86,86,0,5000,5000,allon,default,allon,default,2,2,priority,oldest,0,0,85,90,0.25,1,2d,default,nonlooping,volume,1,0,0,0,0,0.25,no,no,none,0,,no,,,no,no,no,0,0,yes,no,,0,,no,no,no
wpn_mc96_LFE_npc,raw\sound\wpn\smg\mp7\plr\lfe\wpn_mp7_fire_lfe.LN65.pc.snd.wav,wpn_mc96_fire_npc_decay,loaded,bus_hdrfx,grp_wpn_lfe,snp_wpn_3p,,0,0,81,81,25,225,225,allon,default,allon,default,3,2,priority,oldest,0,0,40,90,0.25,0.75,3d,default,nonlooping,volume,1,0,0,0,0,0.25,no,no,none,0,,no,,,no,no,no,0,0,yes,no,,0,,no,no,no
wpn_mc96_pickup_npc,raw\sound\fly\pickups\weapon\fly_weapon_pickup_00.LN65.pc.snd.wav,,loaded,bus_fx,grp_foley,snp_foley,,30,0,75,75,75,500,500,allon,default,allon,default,2,1,priority,reject,-50,50,15,30,0.25,1,3d,default,nonlooping,volume,1,0,25,250,75,0.25,no,yes,none,0,,no,,,yes,no,no,0,0,yes,no,,0,,no,no,no
wpn_mc96_pickup_npc,raw\sound\fly\pickups\weapon\fly_weapon_pickup_01.LN65.pc.snd.wav,,loaded,bus_fx,grp_foley,snp_foley,,30,0,75,75,75,500,500,allon,default,allon,default,2,1,priority,reject,-50,50,15,30,0.25,1,3d,default,nonlooping,volume,1,0,25,250,75,0.25,no,yes,none,0,,no,,,yes,no,no,0,0,yes,no,,0,,no,no,no
wpn_mc96_pickup_plr,raw\sound\fly\pickups\weapon\fly_weapon_pickup_00.LN65.pc.snd.wav,,loaded,bus_fx,grp_foley,snp_foley,,30,0,75,75,0,5000,5000,allon,default,allon,default,1,8,reject,oldest,-88,84,70,70,0.25,1,2d,default,nonlooping,volume,1,0,0,0,0,0.25,no,yes,none,0,,no,,,yes,no,no,0,0,yes,no,,0,,no,no,no
wpn_mc96_pickup_plr,raw\sound\fly\pickups\weapon\fly_weapon_pickup_01.LN65.pc.snd.wav,,loaded,bus_fx,grp_foley,snp_foley,,30,0,75,75,0,5000,5000,allon,default,allon,default,1,8,reject,oldest,-88,84,70,70,0.25,1,2d,default,nonlooping,volume,1,0,0,0,0,0.25,no,yes,none,0,,no,,,yes,no,no,0,0,yes,no,,0,,no,no,no
wpn_mc96_raise_npc,raw\sound\fly\gear\rattle\fly_cloth_00.LN65.pc.snd.wav,,loaded,bus_fx,grp_foley,snp_foley,,30,0,75,75,75,500,500,allon,default,allon,default,4,8,priority,oldest,-90,90,15,30,0.25,1,3d,default,nonlooping,volume,1,0,25,250,75,0.25,no,yes,none,0,,no,,,yes,no,no,0,0,yes,no,,0,,no,no,no
wpn_mc96_raise_npc,raw\sound\fly\gear\rattle\fly_cloth_01.LN65.pc.snd.wav,,loaded,bus_fx,grp_foley,snp_foley,,30,0,75,75,75,500,500,allon,default,allon,default,4,8,priority,oldest,-90,90,15,30,0.25,1,3d,default,nonlooping,volume,1,0,25,250,75,0.25,no,yes,none,0,,no,,,yes,no,no,0,0,yes,no,,0,,no,no,no
wpn_mc96_raise_npc,raw\sound\fly\gear\rattle\fly_cloth_02.LN65.pc.snd.wav,,loaded,bus_fx,grp_foley,snp_foley,,30,0,75,75,75,500,500,allon,default,allon,default,4,8,priority,oldest,-90,90,15,30,0.25,1,3d,default,nonlooping,volume,1,0,25,250,75,0.25,no,yes,none,0,,no,,,yes,no,no,0,0,yes,no,,0,,no,no,no
wpn_mc96_raise_npc,raw\sound\fly\gear\rattle\fly_cloth_03.LN65.pc.snd.wav,,loaded,bus_fx,grp_foley,snp_foley,,30,0,75,75,75,500,500,allon,default,allon,default,4,8,priority,oldest,-90,90,15,30,0.25,1,3d,default,nonlooping,volume,1,0,25,250,75,0.25,no,yes,none,0,,no,,,yes,no,no,0,0,yes,no,,0,,no,no,no
wpn_mc96_raise_plr,raw\sound\fly\gear\rattle\fly_cloth_00.LN65.pc.snd.wav,,loaded,bus_fx,grp_foley,snp_foley,,30,0,86,89,0,5000,5000,allon,default,allon,default,8,8,priority,oldest,-88,84,70,70,0.25,1,2d,default,nonlooping,volume,1,0,0,0,0,0.25,no,yes,none,0,,no,,,yes,no,no,0,0,yes,no,,0,,no,no,no
wpn_mc96_raise_plr,raw\sound\fly\gear\rattle\fly_cloth_01.LN65.pc.snd.wav,,loaded,bus_fx,grp_foley,snp_foley,,30,0,86,89,0,5000,5000,allon,default,allon,default,8,8,priority,oldest,-88,84,70,70,0.25,1,2d,default,nonlooping,volume,1,0,0,0,0,0.25,no,yes,none,0,,no,,,yes,no,no,0,0,yes,no,,0,,no,no,no
wpn_mc96_raise_plr,raw\sound\fly\gear\rattle\fly_cloth_02.LN65.pc.snd.wav,,loaded,bus_fx,grp_foley,snp_foley,,30,0,86,89,0,5000,5000,allon,default,allon,default,8,8,priority,oldest,-88,84,70,70,0.25,1,2d,default,nonlooping,volume,1,0,0,0,0,0.25,no,yes,none,0,,no,,,yes,no,no,0,0,yes,no,,0,,no,no,no
wpn_mc96_raise_plr,raw\sound\fly\gear\rattle\fly_cloth_03.LN65.pc.snd.wav,,loaded,bus_fx,grp_foley,snp_foley,,30,0,86,89,0,5000,5000,allon,default,allon,default,8,8,priority,oldest,-88,84,70,70,0.25,1,2d,default,nonlooping,volume,1,0,0,0,0,0.25,no,yes,none,0,,no,,,yes,no,no,0,0,yes,no,,0,,no,no,no
wpn_mc96_silencer_fire_npc,,wpn_mc96_silencer_LFE_npc,loaded,bus_fx,grp_weapon,snp_wpn_3p,,0,0,85,85,900,900,900,cosdelay,alloff,cosdelay,default,6,2,priority,oldest,-50,50,20,90,0.25,0.8,3d,default,nonlooping,volume,1,0,0,0,0,0.25,no,no,none,0,,no,,,yes,no,no,0,0,yes,no,,0,,no,no,no
wpn_mc96_silencer_fire_npc_decay,,,loaded,bus_fx,grp_weapon,snp_wpn_3p,,55,0,75,75,50,900,900,allon,default,rcurve1,default,10,1,reject,oldest,-100,100,20,70,0.15,1,3d,default,nonlooping,volume,1,0,0,0,0,0.25,no,no,none,0,,no,ringoff_plr,outdoor,yes,no,no,0,0,yes,no,,0,,no,no,no
wpn_mc96_silencer_fire_plr,,wpn_mc96_silencer_LFE,loaded,bus_fx,grp_weapon,snp_wpn_1p,,0,0,90,90,0,5000,5000,allon,default,allon,default,2,8,oldest,oldest,-25,-25,90,90,0.25,1,2d,default,nonlooping,volume,1,0,0,0,0,0.25,no,no,none,0,,no,,,yes,no,no,0,0,yes,no,,0,,no,no,no
wpn_mc96_silencer_fire_plr_decay,,,loaded,bus_fx,grp_weapon,snp_wpn_1p,,75,0,80,80,0,5000,5000,allon,default,allon,default,3,8,oldest,oldest,-50,50,90,90,0.25,1,2d,default,nonlooping,volume,1,0,0,0,0,0.25,no,no,none,0,,no,ringoff_plr,outdoor,yes,no,no,0,0,yes,no,,0,,no,no,no
wpn_mc96_silencer_LFE,,wpn_mc96_silencer_fire_plr_decay,loaded,bus_hdrfx,grp_wpn_lfe,snp_wpn_1p,,0,0,86,86,0,5000,5000,allon,default,allon,default,2,2,priority,oldest,0,0,85,90,0.25,1,2d,default,nonlooping,volume,1,0,0,0,0,0.25,no,no,none,0,,no,,,no,no,no,0,0,yes,no,,0,,no,no,no
wpn_mc96_silencer_LFE_npc,,wpn_mc96_silencer_fire_npc_decay,loaded,bus_hdrfx,grp_wpn_lfe,snp_wpn_3p,,0,0,81,81,25,225,225,allon,default,allon,default,2,1,priority,oldest,0,0,40,90,0.25,0.75,3d,default,nonlooping,volume,1,0,0,0,0,0.25,no,no,none,0,,no,,,no,no,no,0,0,yes,no,,0,,no,no,no
fly_hk416_bolt_back,raw\sound\wpn\assault\reload\fly_assault_bb.LN65.pc.snd.wav,,loaded,bus_fx,grp_foley,snp_foley,,30,0,86,89,0,5000,5000,allon,default,allon,default,8,8,priority,oldest,-88,84,70,70,0.25,1,2d,default,nonlooping,volume,1,0,0,0,0,0.25,no,yes,none,0,,no,,,yes,no,no,0,0,yes,no,,0,,no,no,no
fly_hk416_bolt_release,raw\sound\wpn\assault\reload\fly_assault_bf.LN65.pc.snd.wav,,loaded,bus_fx,grp_foley,snp_foley,,30,0,86,89,0,5000,5000,allon,default,allon,default,8,8,priority,oldest,-88,84,70,70,0.25,1,2d,default,nonlooping,volume,1,0,0,0,0,0.25,no,yes,none,0,,no,,,yes,no,no,0,0,yes,no,,0,,no,no,no
fly_hk416_button,raw\sound\wpn\assault\m16\reload\fly_m16_button.LN65.pc.snd.wav,,loaded,bus_fx,grp_foley,snp_foley,,30,0,86,89,0,5000,5000,allon,default,allon,default,8,8,priority,oldest,-88,84,70,70,0.25,1,2d,default,nonlooping,volume,1,0,0,0,0,0.25,no,yes,none,0,,no,,,yes,no,no,0,0,yes,no,,0,,no,no,no
fly_hk416_charge,raw\sound\wpn\assault\reload\fly_assault_charge.LN65.pc.snd.wav,,loaded,bus_fx,grp_foley,snp_foley,,30,0,86,89,0,5000,5000,allon,default,allon,default,8,8,priority,oldest,-88,84,70,70,0.25,1,2d,default,nonlooping,volume,1,0,0,0,0,0.25,no,yes,none,0,,no,,,yes,no,no,0,0,yes,no,,0,,no,no,no
fly_hk416_mag_in,raw\sound\wpn\assault\reload\fly_assault_mag_in.LN65.pc.snd.wav,,loaded,bus_fx,grp_foley,snp_foley,,30,0,86,89,0,5000,5000,allon,default,allon,default,8,8,priority,oldest,-88,84,70,70,0.25,1,2d,default,nonlooping,volume,1,0,0,0,0,0.25,no,yes,none,0,,no,,,yes,no,no,0,0,yes,no,,0,,no,no,no
fly_hk416_mag_out,raw\sound\wpn\assault\reload\fly_assault_mag_out.LN65.pc.snd.wav,,loaded,bus_fx,grp_foley,snp_foley,,30,0,86,89,0,5000,5000,allon,default,allon,default,8,8,priority,oldest,-88,84,70,70,0.25,1,2d,default,nonlooping,volume,1,0,0,0,0,0.25,no,yes,none,0,,no,,,yes,no,no,0,0,yes,no,,0,,no,no,no
wpn_hk416_1straise_npc,raw\sound\fly\gear\rattle\fly_cloth_00.LN65.pc.snd.wav,,loaded,bus_fx,grp_foley,snp_foley,,30,0,75,75,75,500,500,allon,default,allon,default,4,8,priority,oldest,-90,90,15,30,0.25,1,3d,default,nonlooping,volume,1,0,25,250,75,0.25,no,yes,none,0,,no,,,yes,no,no,0,0,yes,no,,0,,no,no,no
wpn_hk416_1straise_npc,raw\sound\fly\gear\rattle\fly_cloth_01.LN65.pc.snd.wav,,loaded,bus_fx,grp_foley,snp_foley,,30,0,75,75,75,500,500,allon,default,allon,default,4,8,priority,oldest,-90,90,15,30,0.25,1,3d,default,nonlooping,volume,1,0,25,250,75,0.25,no,yes,none,0,,no,,,yes,no,no,0,0,yes,no,,0,,no,no,no
wpn_hk416_1straise_npc,raw\sound\fly\gear\rattle\fly_cloth_02.LN65.pc.snd.wav,,loaded,bus_fx,grp_foley,snp_foley,,30,0,75,75,75,500,500,allon,default,allon,default,4,8,priority,oldest,-90,90,15,30,0.25,1,3d,default,nonlooping,volume,1,0,25,250,75,0.25,no,yes,none,0,,no,,,yes,no,no,0,0,yes,no,,0,,no,no,no
wpn_hk416_1straise_npc,raw\sound\fly\gear\rattle\fly_cloth_03.LN65.pc.snd.wav,,loaded,bus_fx,grp_foley,snp_foley,,30,0,75,75,75,500,500,allon,default,allon,default,4,8,priority,oldest,-90,90,15,30,0.25,1,3d,default,nonlooping,volume,1,0,25,250,75,0.25,no,yes,none,0,,no,,,yes,no,no,0,0,yes,no,,0,,no,no,no
wpn_hk416_1straise_plr,raw\sound\fly\gear\rattle\long\fly_cloth_00.LN65.pc.snd.wav,,loaded,bus_fx,grp_foley,snp_foley,,30,0,86,89,0,5000,5000,allon,default,allon,default,8,8,priority,oldest,-88,84,70,70,0.25,1,2d,default,nonlooping,volume,1,0,0,0,0,0.25,no,yes,none,0,,no,,,yes,no,no,0,0,yes,no,,0,,no,no,no
wpn_hk416_dryfire_npc,raw\sound\wpn\assault\dry_fire\npc\dry_fire_00.LN65.pc.snd.wav,,loaded,bus_fx,grp_weapon,snp_wpn_3p,,55,0,82,82,900,900,901,cosdelay,alloff,cosdelay,default,8,2,priority,oldest,-125,125,40,90,0.25,0.8,3d,default,nonlooping,volume,1,0,0,0,0,0.25,no,no,none,0,,no,,,yes,no,no,0,0,yes,no,,0,,no,no,no
wpn_hk416_dryfire_plr,raw\sound\wpn\assault\dry_fire\plr\dry_fire_00.LN65.pc.snd.wav,,loaded,bus_fx,grp_weapon,snp_wpn_1p,,65,0,93,93,0,5000,5000,allon,default,allon,default,3,8,oldest,oldest,0,0,90,90,0.25,1,2d,default,nonlooping,volume,1,0,0,0,0,0.25,no,no,none,0,,no,,,yes,no,no,0,0,yes,no,,0,,no,no,no
wpn_hk416_fire_npc,raw\sound\wpn\assault\m27\plr\shot\wpn_m27_shot_plr.LN65.pc.snd.wav,wpn_hk416_LFE_npc,loaded,bus_fx,grp_weapon,snp_wpn_3p,,55,0,82,82,900,900,901,cosdelay,alloff,cosdelay,default,8,2,priority,oldest,-25,25,40,90,0.25,0.8,3d,default,nonlooping,volume,1,0,0,0,0,0.25,no,no,none,0,,no,,,yes,no,no,0,0,yes,no,,0,,no,no,no
wpn_hk416_fire_npc_decay,raw\sound\wpn\assault\decay\ext\wpn_assault_decay_ext.LN65.pc.snd.wav,,loaded,bus_fx,grp_weapon,snp_wpn_3p,,55,0,77,77,50,900,900,allon,default,rcurve1,default,3,1,priority,oldest,-100,100,20,70,0.15,1,3d,default,nonlooping,volume,1,0,0,0,0,0.25,no,no,none,0,,no,ringoff_plr,outdoor,yes,no,no,0,0,yes,no,,0,,no,no,no
wpn_hk416_fire_npc_decay,raw\sound\wpn\assault\decay\int\wpn_assault_decay_int.LN65.pc.snd.wav,,loaded,bus_fx,grp_weapon,snp_wpn_3p,,55,0,67,67,50,900,900,allon,default,rcurve1,default,3,1,priority,oldest,-100,100,20,70,0.15,1,3d,default,nonlooping,volume,1,0,0,0,0,0.25,no,no,none,0,,no,ringoff_plr,indoor,yes,no,no,0,0,yes,no,,0,,no,no,no
wpn_hk416_fire_npc_dist,raw\sound\wpn\dist_guns\ass\wpn_assault_dist_00.LN65.pc.snd.wav,wpn_hk416_fire_npc_decay,loaded,bus_fx,grp_weapon,snp_wpn_3p,,80,0,81,81,900,6000,12500,sindelay,default,sindelay,allon,8,3,priority,oldest,-300,300,90,40,0,1,3d,default,nonlooping,,1,0,0,0,0,0.25,no,no,none,0,,no,,,yes,no,no,0,0,yes,no,,0,,no,no,no
wpn_hk416_fire_npc_dist,raw\sound\wpn\dist_guns\ass\wpn_assault_dist_01.LN65.pc.snd.wav,wpn_hk416_fire_npc_decay,loaded,bus_fx,grp_weapon,snp_wpn_3p,,80,0,81,81,900,6000,12500,sindelay,default,sindelay,allon,8,3,priority,oldest,-300,300,90,40,0,1,3d,default,nonlooping,,1,0,0,0,0,0.25,no,no,none,0,,no,,,yes,no,no,0,0,yes,no,,0,,no,no,no
wpn_hk416_fire_npc_dist,raw\sound\wpn\dist_guns\ass\wpn_assault_dist_02.LN65.pc.snd.wav,wpn_hk416_fire_npc_decay,loaded,bus_fx,grp_weapon,snp_wpn_3p,,80,0,81,81,900,6000,12500,sindelay,default,sindelay,allon,8,3,priority,oldest,-300,300,90,40,0,1,3d,default,nonlooping,,1,0,0,0,0,0.25,no,no,none,0,,no,,,yes,no,no,0,0,yes,no,,0,,no,no,no
wpn_hk416_fire_npc_dist,raw\sound\wpn\dist_guns\ass\wpn_assault_dist_03.LN65.pc.snd.wav,wpn_hk416_fire_npc_decay,loaded,bus_fx,grp_weapon,snp_wpn_3p,,80,0,81,81,900,6000,12500,sindelay,default,sindelay,allon,8,3,priority,oldest,-300,300,90,40,0,1,3d,default,nonlooping,,1,0,0,0,0,0.25,no,no,none,0,,no,,,yes,no,no,0,0,yes,no,,0,,no,no,no
wpn_hk416_fire_npc_pap,raw\sound\wpn\pap\pap_shot_st.LN65.pc.snd.wav,wpn_hk416_flux_l_npc_pap,loaded,bus_fx,grp_weapon,snp_wpn_3p,,80,0,82,82,75,1250,1250,allon,default,allon,default,10,3,priority,oldest,-100,100,50,90,0.35,1,3d,default,nonlooping,volume pitch,1,0,0,0,0,0.25,no,no,none,0,,no,,,yes,no,no,0,0,yes,no,,0,,no,no,no
wpn_hk416_fire_plr,raw\sound\wpn\assault\m27\plr\shot\wpn_m27_shot_plr.LN65.pc.snd.wav,wpn_hk416_lfe,loaded,bus_fx,grp_weapon,snp_wpn_1p,,65,0,93,93,0,5000,5000,allon,default,allon,default,3,8,oldest,oldest,-25,25,90,90,0.25,1,2d,default,nonlooping,volume,1,0,0,0,0,0.25,no,no,none,0,,no,,,yes,no,no,0,0,yes,no,,0,,no,no,no
wpn_hk416_fire_plr_decay,raw\sound\wpn\assault\decay\ext\wpn_assault_decay_ext.LN65.pc.snd.wav,,loaded,bus_fx,grp_weapon,snp_wpn_1p,,60,0,83,83,0,5000,5000,allon,default,allon,default,3,8,oldest,oldest,-25,25,90,90,0.25,1,2d,default,nonlooping,volume,1,0,0,0,0,0.25,no,no,none,0,,no,ringoff_plr,outdoor,yes,no,no,0,0,yes,no,,0,,no,no,no
wpn_hk416_fire_plr_decay,raw\sound\wpn\assault\decay\int\wpn_assault_decay_int.LN65.pc.snd.wav,,loaded,bus_fx,grp_weapon,snp_wpn_1p,,60,0,83,83,0,5000,5000,allon,default,allon,default,3,8,oldest,oldest,-25,25,90,90,0.25,1,2d,default,nonlooping,volume,1,0,0,0,0,0.25,no,no,none,0,,no,ringoff_plr,indoor,yes,no,no,0,0,yes,no,,0,,no,no,no
wpn_hk416_fire_plr_pap,raw\sound\wpn\pap\pap_shot_st.LN65.pc.snd.wav,wpn_hk416_flux_l_plr_pap,loaded,bus_hdrfx,grp_weapon,snp_wpn_1p,,70,0,87,87,0,5000,5000,allon,default,allon,default,1,8,oldest,oldest,0,0,90,90,0.25,1,2d,default,nonlooping,volume,1,0,0,0,0,0.25,no,no,none,0,,no,,,yes,no,no,0,0,yes,no,,0,,no,no,no
wpn_hk416_flux_l_npc_pap,raw\sound\wpn\pap\pap_flux_left.LN65.pc.snd.wav,wpn_hk416_flux_r_npc_pap,loaded,bus_fx,grp_weapon,snp_wpn_3p,,84,0,75,75,25,900,900,allon,default,allon,default,8,4,priority,priority,-34,34,85,90,0.25,1,3d,default,nonlooping,volume pitch,1,0,0,0,0,0.25,no,no,left_shot,4000,,no,,,yes,no,no,0,0,yes,no,,0,,no,no,no
wpn_hk416_flux_l_plr_pap,raw\sound\wpn\pap\pap_flux_left.LN65.pc.snd.wav,wpn_hk416_flux_r_plr_pap,loaded,bus_fx,grp_weapon,snp_wpn_3p,,84,0,75,75,25,900,900,allon,default,allon,default,8,4,priority,priority,-34,34,85,90,0.25,1,3d,default,nonlooping,volume pitch,1,0,0,0,0,0.25,no,no,left_shot,4000,,no,,,yes,no,no,0,0,yes,no,,0,,no,no,no
wpn_hk416_flux_r_npc_pap,raw\sound\wpn\pap\pap_flux_right.LN65.pc.snd.wav,wpn_hk416_fire_npc,loaded,bus_fx,grp_weapon,snp_wpn_3p,,84,0,75,75,25,900,900,allon,default,allon,default,8,4,priority,priority,-34,34,85,90,0.25,1,3d,default,nonlooping,volume pitch,1,0,0,0,0,0.25,no,no,right_shot,4000,,no,,,yes,no,no,0,0,yes,no,,0,,no,no,no
wpn_hk416_flux_r_plr_pap,raw\sound\wpn\pap\pap_flux_right.LN65.pc.snd.wav,wpn_hk416_fire_plr,loaded,bus_fx,grp_weapon,snp_wpn_3p,,84,0,75,75,25,900,900,allon,default,allon,default,8,4,priority,priority,-34,34,85,90,0.25,1,3d,default,nonlooping,volume pitch,1,0,0,0,0,0.25,no,no,right_shot,4000,,no,,,yes,no,no,0,0,yes,no,,0,,no,no,no
wpn_hk416_lfe,raw\sound\wpn\smg\mp7\plr\lfe\wpn_mp7_fire_lfe.LN65.pc.snd.wav,wpn_hk416_fire_plr_decay,loaded,bus_hdrfx,grp_wpn_lfe,snp_wpn_1p,,0,0,86,86,0,5000,5000,allon,default,allon,default,8,2,priority,oldest,0,0,85,90,0.25,1,2d,default,nonlooping,volume,1,0,0,0,0,0.25,no,no,none,0,,no,,,no,no,no,0,0,yes,no,,0,,no,no,no
wpn_hk416_LFE_npc,raw\sound\wpn\smg\mp7\plr\lfe\wpn_mp7_fire_lfe.LN65.pc.snd.wav,wpn_hk416_fire_npc_dist,loaded,bus_hdrfx,grp_wpn_lfe,snp_wpn_3p,,0,0,81,81,25,225,225,allon,default,allon,default,3,1,priority,oldest,0,0,40,90,0.25,0.75,3d,default,nonlooping,volume,1,0,0,0,0,0.25,no,no,none,0,,no,,,no,no,no,0,0,yes,no,,0,,no,no,no
wpn_hk416_pickup_npc,raw\sound\fly\pickups\weapon\fly_weapon_pickup_00.LN65.pc.snd.wav,,loaded,bus_fx,grp_foley,snp_foley,,30,0,75,75,75,500,500,allon,default,allon,default,2,1,priority,reject,-50,50,15,30,0.25,1,3d,default,nonlooping,volume,1,0,25,250,75,0.25,no,yes,none,0,,no,,,yes,no,no,0,0,yes,no,,0,,no,no,no
wpn_hk416_pickup_npc,raw\sound\fly\pickups\weapon\fly_weapon_pickup_01.LN65.pc.snd.wav,,loaded,bus_fx,grp_foley,snp_foley,,30,0,75,75,75,500,500,allon,default,allon,default,2,1,priority,reject,-50,50,15,30,0.25,1,3d,default,nonlooping,volume,1,0,25,250,75,0.25,no,yes,none,0,,no,,,yes,no,no,0,0,yes,no,,0,,no,no,no
wpn_hk416_pickup_plr,raw\sound\fly\pickups\weapon\fly_weapon_pickup_00.LN65.pc.snd.wav,,loaded,bus_fx,grp_foley,snp_foley,,30,0,75,75,0,5000,5000,allon,default,allon,default,1,8,reject,oldest,-88,84,70,70,0.25,1,2d,default,nonlooping,volume,1,0,0,0,0,0.25,no,yes,none,0,,no,,,yes,no,no,0,0,yes,no,,0,,no,no,no
wpn_hk416_pickup_plr,raw\sound\fly\pickups\weapon\fly_weapon_pickup_01.LN65.pc.snd.wav,,loaded,bus_fx,grp_foley,snp_foley,,30,0,75,75,0,5000,5000,allon,default,allon,default,1,8,reject,oldest,-88,84,70,70,0.25,1,2d,default,nonlooping,volume,1,0,0,0,0,0.25,no,yes,none,0,,no,,,yes,no,no,0,0,yes,no,,0,,no,no,no
wpn_hk416_silencer_fire_npc,raw\sound\wpn\assault\m27\plr\shot\silenced\wpn_m27_sil_shot_plr.LN65.pc.snd.wav,wpn_hk416_silencer_LFE_npc,loaded,bus_fx,grp_weapon,snp_wpn_3p,,0,0,82,82,900,900,901,cosdelay,alloff,cosdelay,default,8,2,priority,oldest,-50,50,40,90,0.25,0.8,3d,default,nonlooping,volume,1,0,0,0,0,0.25,no,no,none,0,,no,,,yes,no,no,0,0,yes,no,,0,,no,no,no
wpn_hk416_silencer_fire_npc_decay,raw\sound\wpn\assault\decay\int\silenced\wpn_aslt_decay_silenced_int.LN65.pc.snd.wav,,loaded,bus_fx,grp_weapon,snp_wpn_3p,,55,0,67,67,50,900,900,allon,default,rcurve1,default,3,1,priority,oldest,-100,100,20,70,0.15,1,3d,default,nonlooping,volume,1,0,0,0,0,0.25,no,no,none,0,,no,ringoff_plr,indoor,yes,no,no,0,0,yes,no,,0,,no,no,no
wpn_hk416_silencer_fire_npc_decay,raw\sound\wpn\pistol\decay\ext\silenced\wpn_pistol_decay_silenced_ext.LN65.pc.snd.wav,,loaded,bus_fx,grp_weapon,snp_wpn_3p,,55,0,77,77,50,900,900,allon,default,rcurve1,default,3,1,priority,oldest,-100,100,20,70,0.15,1,3d,default,nonlooping,volume,1,0,0,0,0,0.25,no,no,none,0,,no,ringoff_plr,outdoor,yes,no,no,0,0,yes,no,,0,,no,no,no
wpn_hk416_silencer_fire_plr,raw\sound\wpn\assault\m27\plr\shot\silenced\wpn_m27_sil_shot_plr.LN65.pc.snd.wav,wpn_hk416_silencer_LFE,loaded,bus_fx,grp_weapon,snp_wpn_1p,,0,0,93,93,0,5000,5000,allon,default,allon,default,3,8,oldest,oldest,-50,50,90,90,0.25,1,2d,default,nonlooping,volume,1,0,0,0,0,0.25,no,no,none,0,,no,,,yes,no,no,0,0,yes,no,,0,,no,no,no
wpn_hk416_silencer_fire_plr_decay,raw\sound\wpn\assault\decay\int\silenced\wpn_aslt_decay_silenced_int.LN65.pc.snd.wav,,loaded,bus_fx,grp_weapon,snp_wpn_1p,,75,0,83,83,0,5000,5000,allon,default,allon,default,3,8,oldest,oldest,-50,50,90,90,0.25,1,2d,default,nonlooping,volume,1,0,0,0,0,0.25,no,no,none,0,,no,ringoff_plr,indoor,yes,no,no,0,0,yes,no,,0,,no,no,no
wpn_hk416_silencer_fire_plr_decay,raw\sound\wpn\pistol\decay\ext\silenced\wpn_pistol_decay_silenced_ext.LN65.pc.snd.wav,,loaded,bus_fx,grp_weapon,snp_wpn_1p,,70,0,83,83,0,5000,5000,allon,default,allon,default,3,8,oldest,oldest,-50,50,90,90,0.25,1,2d,default,nonlooping,volume,1,0,0,0,0,0.25,no,no,none,0,,no,ringoff_plr,outdoor,yes,no,no,0,0,yes,no,,0,,no,no,no
wpn_hk416_silencer_lfe,raw\sound\wpn\smg\mp7\plr\lfe\wpn_mp7_fire_lfe.LN65.pc.snd.wav,wpn_hk416_silencer_fire_plr_decay,loaded,bus_hdrfx,grp_wpn_lfe,snp_wpn_1p,,0,0,86,86,0,5000,5000,allon,default,allon,default,8,2,priority,oldest,0,0,85,90,0.25,1,2d,default,nonlooping,volume,1,0,0,0,0,0.25,no,no,none,0,,no,,,no,no,no,0,0,yes,no,,0,,no,no,no
wpn_hk416_silencer_LFE_npc,raw\sound\wpn\smg\mp7\plr\lfe\wpn_mp7_fire_lfe.LN65.pc.snd.wav,wpn_hk416_silencer_fire_npc_decay,loaded,bus_hdrfx,grp_wpn_lfe,snp_wpn_3p,,0,0,81,81,25,225,225,allon,default,allon,default,3,1,priority,oldest,0,0,40,90,0.25,0.75,3d,default,nonlooping,volume,1,0,0,0,0,0.25,no,no,none,0,,no,,,no,no,no,0,0,yes,no,,0,,no,no,no
fly_pdw57_button,raw\sound\wpn\assault\m16\reload\fly_m16_button.LN65.pc.snd.wav,,loaded,bus_fx,grp_foley,snp_foley,,30,0,86,89,0,5000,5000,allon,default,allon,default,8,8,priority,oldest,-88,84,70,70,0.25,1,2d,default,nonlooping,volume,1,0,0,0,0,0.25,no,yes,none,0,,no,,,yes,no,no,0,0,yes,no,,0,,no,no,no
fly_pdw57_charge,raw\sound\wpn\assault\m16\reload\fly_m16_charge.LN65.pc.snd.wav,,loaded,bus_fx,grp_foley,snp_foley,,30,0,86,89,0,5000,5000,allon,default,allon,default,8,8,priority,oldest,-88,84,70,70,0.25,1,2d,default,nonlooping,volume,1,0,0,0,0,0.25,no,yes,none,0,,no,,,yes,no,no,0,0,yes,no,,0,,no,no,no
fly_pdw57_futz,raw\sound\wpn\assault\m16\reload\fly_m16_futz.LN65.pc.snd.wav,,loaded,bus_fx,grp_foley,snp_foley,,30,0,86,89,0,5000,5000,allon,default,allon,default,8,8,priority,oldest,-88,84,70,70,0.25,1,2d,default,nonlooping,volume,1,0,0,0,0,0.25,no,yes,none,0,,no,,,yes,no,no,0,0,yes,no,,0,,no,no,no
fly_pdw57_mag_in,raw\sound\wpn\assault\m16\reload\fly_m16_mag_in.LN65.pc.snd.wav,,loaded,bus_fx,grp_foley,snp_foley,,30,0,86,89,0,5000,5000,allon,default,allon,default,8,8,priority,oldest,-88,84,70,70,0.25,1,2d,default,nonlooping,volume,1,0,0,0,0,0.25,no,yes,none,0,,no,,,yes,no,no,0,0,yes,no,,0,,no,no,no
fly_pdw57_mag_out,raw\sound\wpn\assault\m16\reload\fly_m16_mag_out.LN65.pc.snd.wav,,loaded,bus_fx,grp_foley,snp_foley,,30,0,86,89,0,5000,5000,allon,default,allon,default,8,8,priority,oldest,-88,84,70,70,0.25,1,2d,default,nonlooping,volume,1,0,0,0,0,0.25,no,yes,none,0,,no,,,yes,no,no,0,0,yes,no,,0,,no,no,no
fly_pdw57_npc_mag_in,raw\sound\wpn\assault\m16\reload\fly_m16_mag_in.LN65.pc.snd.wav,,loaded,bus_fx,grp_foley,snp_foley,,30,0,75,75,75,500,500,allon,default,allon,default,4,8,priority,oldest,-90,90,15,30,0.25,1,3d,default,nonlooping,volume,1,0,25,250,75,0.25,no,yes,none,0,,no,,,yes,no,no,0,0,yes,no,,0,,no,no,no
fly_pdw57_npc_mag_out,raw\sound\wpn\assault\m16\reload\fly_m16_mag_out.LN65.pc.snd.wav,,loaded,bus_fx,grp_foley,snp_foley,,30,0,75,75,75,500,500,allon,default,allon,default,4,8,priority,oldest,-90,90,15,30,0.25,1,3d,default,nonlooping,volume,1,0,25,250,75,0.25,no,yes,none,0,,no,,,yes,no,no,0,0,yes,no,,0,,no,no,no
fly_pdw57_npc_pull_charge,raw\sound\wpn\smg\spectre\reload\fly_spectre_pull_charge.LN65.pc.snd.wav,,loaded,bus_fx,grp_foley,snp_foley,,30,0,75,75,75,500,500,allon,default,allon,default,4,8,priority,oldest,-90,90,15,30,0.25,1,3d,default,nonlooping,volume,1,0,25,250,75,0.25,no,yes,none,0,,no,,,yes,no,no,0,0,yes,no,,0,,no,no,no
fly_pdw57_pull_charge,raw\sound\wpn\smg\spectre\reload\fly_spectre_pull_charge.LN65.pc.snd.wav,,loaded,bus_fx,grp_foley,snp_foley,,30,0,86,89,0,5000,5000,allon,default,allon,default,8,8,priority,oldest,-88,84,70,70,0.25,1,2d,default,nonlooping,volume,1,0,0,0,0,0.25,no,yes,none,0,,no,,,yes,no,no,0,0,yes,no,,0,,no,no,no
wpn_pdw57_1straise_npc,raw\sound\fly\gear\rattle\fly_cloth_00.LN65.pc.snd.wav,,loaded,bus_fx,grp_foley,snp_foley,,30,0,75,75,75,500,500,allon,default,allon,default,4,8,priority,oldest,-90,90,15,30,0.25,1,3d,default,nonlooping,volume,1,0,25,250,75,0.25,no,yes,none,0,,no,,,yes,no,no,0,0,yes,no,,0,,no,no,no
wpn_pdw57_1straise_npc,raw\sound\fly\gear\rattle\fly_cloth_01.LN65.pc.snd.wav,,loaded,bus_fx,grp_foley,snp_foley,,30,0,75,75,75,500,500,allon,default,allon,default,4,8,priority,oldest,-90,90,15,30,0.25,1,3d,default,nonlooping,volume,1,0,25,250,75,0.25,no,yes,none,0,,no,,,yes,no,no,0,0,yes,no,,0,,no,no,no
wpn_pdw57_1straise_npc,raw\sound\fly\gear\rattle\fly_cloth_02.LN65.pc.snd.wav,,loaded,bus_fx,grp_foley,snp_foley,,30,0,75,75,75,500,500,allon,default,allon,default,4,8,priority,oldest,-90,90,15,30,0.25,1,3d,default,nonlooping,volume,1,0,25,250,75,0.25,no,yes,none,0,,no,,,yes,no,no,0,0,yes,no,,0,,no,no,no
wpn_pdw57_1straise_npc,raw\sound\fly\gear\rattle\fly_cloth_03.LN65.pc.snd.wav,,loaded,bus_fx,grp_foley,snp_foley,,30,0,75,75,75,500,500,allon,default,allon,default,4,8,priority,oldest,-90,90,15,30,0.25,1,3d,default,nonlooping,volume,1,0,25,250,75,0.25,no,yes,none,0,,no,,,yes,no,no,0,0,yes,no,,0,,no,no,no
wpn_pdw57_1straise_plr,raw\sound\fly\gear\rattle\long\fly_cloth_00.LN65.pc.snd.wav,,loaded,bus_fx,grp_foley,snp_foley,,30,0,86,89,0,5000,5000,allon,default,allon,default,8,8,priority,oldest,-88,84,70,70,0.25,1,2d,default,nonlooping,volume,1,0,0,0,0,0.25,no,yes,none,0,,no,,,yes,no,no,0,0,yes,no,,0,,no,no,no
wpn_pdw57_dryfire_npc,raw\sound\wpn\assault\dry_fire\npc\dry_fire_00.LN65.pc.snd.wav,,loaded,bus_fx,grp_weapon,snp_wpn_3p,,55,0,87,87,900,900,900,cosdelay,alloff,cosdelay,default,8,3,priority,oldest,-150,150,20,90,0.25,0.8,3d,default,nonlooping,volume,1,0,0,0,0,0.25,no,no,none,0,,no,,,yes,no,no,0,0,yes,no,,0,,no,no,no
wpn_pdw57_dryfire_plr,raw\sound\wpn\assault\dry_fire\plr\dry_fire_00.LN65.pc.snd.wav,,loaded,bus_fx,grp_weapon,snp_wpn_1p,,65,0,93,93,0,5000,5000,allon,default,allon,default,2,8,oldest,oldest,-80,80,90,90,0.25,1,2d,default,nonlooping,volume,1,0,0,0,0,0.25,no,no,none,0,,no,,,yes,no,no,0,0,yes,no,,0,,no,no,no
wpn_pdw57_fire_npc,raw\sound\wpn\assault\pdw_57\plr\shot\wpn_pdw57_fire_plr.LN65.pc.snd.wav,wpn_pdw57_LFE_npc,loaded,bus_fx,grp_weapon,snp_wpn_3p,,55,0,87,87,900,900,900,cosdelay,alloff,cosdelay,default,8,3,priority,oldest,-150,150,20,90,0.25,0.8,3d,default,nonlooping,volume,1,0,0,0,0,0.25,no,no,none,0,,no,,,yes,no,no,0,0,yes,no,,0,,no,no,no
wpn_pdw57_fire_npc_decay,raw\sound\wpn\smg\decay\ext\wpn_smg_decay_ext.LN65.pc.snd.wav,,loaded,bus_fx,grp_weapon,snp_wpn_3p,,55,0,77,77,50,900,900,allon,default,rcurve1,default,3,1,priority,oldest,-100,100,20,70,0.15,1,3d,default,nonlooping,volume,1,0,0,0,0,0.25,no,no,none,0,,no,ringoff_plr,outdoor,yes,no,no,0,0,yes,no,,0,,no,no,no
wpn_pdw57_fire_npc_decay,raw\sound\wpn\smg\decay\int\wpn_smg_decay_int.LN65.pc.snd.wav,,loaded,bus_fx,grp_weapon,snp_wpn_3p,,55,0,67,67,50,900,900,allon,default,rcurve1,default,3,1,priority,oldest,-100,100,20,70,0.15,1,3d,default,nonlooping,volume,1,0,0,0,0,0.25,no,no,none,0,,no,ringoff_plr,indoor,yes,no,no,0,0,yes,no,,0,,no,no,no
wpn_pdw57_fire_npc_dist,raw\sound\wpn\dist_guns\smg\wpn_smg_dist_00.LN65.pc.snd.wav,wpn_pdw57_fire_npc_decay,loaded,bus_fx,grp_weapon,snp_wpn_3p,,80,0,81,81,900,6000,12500,sindelay,default,sindelay,allon,8,3,priority,oldest,-300,300,90,40,0.25,1,3d,default,nonlooping,,1,0,0,0,0,0.25,no,no,none,0,,no,,,yes,no,no,0,0,yes,no,,0,,no,no,no
wpn_pdw57_fire_npc_dist,raw\sound\wpn\dist_guns\smg\wpn_smg_dist_01.LN65.pc.snd.wav,wpn_pdw57_fire_npc_decay,loaded,bus_fx,grp_weapon,snp_wpn_3p,,80,0,81,81,900,6000,12500,sindelay,default,sindelay,allon,8,3,priority,oldest,-300,300,90,40,0.25,1,3d,default,nonlooping,,1,0,0,0,0,0.25,no,no,none,0,,no,,,yes,no,no,0,0,yes,no,,0,,no,no,no
wpn_pdw57_fire_npc_dist,raw\sound\wpn\dist_guns\smg\wpn_smg_dist_02.LN65.pc.snd.wav,wpn_pdw57_fire_npc_decay,loaded,bus_fx,grp_weapon,snp_wpn_3p,,80,0,81,81,900,6000,12500,sindelay,default,sindelay,allon,8,3,priority,oldest,-300,300,90,40,0.25,1,3d,default,nonlooping,,1,0,0,0,0,0.25,no,no,none,0,,no,,,yes,no,no,0,0,yes,no,,0,,no,no,no
wpn_pdw57_fire_npc_pap,raw\sound\wpn\pap\pap_shot_st.LN65.pc.snd.wav,wpn_pdw57_flux_l_npc_pap,loaded,bus_fx,grp_weapon,snp_wpn_3p,,80,0,82,82,75,1250,1250,allon,default,allon,default,10,3,priority,oldest,-100,100,50,90,0.35,1,3d,default,nonlooping,volume pitch,1,0,0,0,0,0.25,no,no,none,0,,no,,,yes,no,no,0,0,yes,no,,0,,no,no,no
wpn_pdw57_fire_plr,raw\sound\wpn\assault\pdw_57\plr\shot\wpn_pdw57_fire_plr.LN65.pc.snd.wav,wpn_pdw57_LFE,loaded,bus_fx,grp_weapon,snp_wpn_1p,,65,0,93,93,0,5000,5000,allon,default,allon,default,2,8,oldest,oldest,-80,80,90,90,0.25,1,2d,default,nonlooping,volume,1,0,0,0,0,0.25,no,no,none,0,,no,,,yes,no,no,0,0,yes,no,,0,,no,no,no
wpn_pdw57_fire_plr_decay,raw\sound\wpn\smg\decay\ext\wpn_smg_decay_ext.LN65.pc.snd.wav,,loaded,bus_fx,grp_weapon,snp_wpn_1p,,60,0,80,80,0,5000,5000,allon,default,allon,default,3,8,oldest,oldest,-50,50,90,90,0.25,1,2d,default,nonlooping,volume,1,0,0,0,0,0.25,no,no,none,0,,no,ringoff_plr,outdoor,yes,no,no,0,0,yes,no,,0,,no,no,no
wpn_pdw57_fire_plr_decay,raw\sound\wpn\smg\decay\int\wpn_smg_decay_int.LN65.pc.snd.wav,,loaded,bus_fx,grp_weapon,snp_wpn_1p,,60,0,80,80,0,5000,5000,allon,default,allon,default,3,8,oldest,oldest,-50,50,90,90,0.25,1,2d,default,nonlooping,volume,1,0,0,0,0,0.25,no,no,none,0,,no,ringoff_plr,indoor,yes,no,no,0,0,yes,no,,0,,no,no,no
wpn_pdw57_fire_plr_pap,raw\sound\wpn\pap\pap_shot_st.LN65.pc.snd.wav,wpn_pdw57_flux_l_plr_pap,loaded,bus_hdrfx,grp_weapon,snp_wpn_1p,,70,0,87,87,0,5000,5000,allon,default,allon,default,1,8,oldest,oldest,0,0,90,90,0.25,1,2d,default,nonlooping,volume,1,0,0,0,0,0.25,no,no,none,0,,no,,,yes,no,no,0,0,yes,no,,0,,no,no,no
wpn_pdw57_flux_l_npc_pap,raw\sound\wpn\pap\pap_flux_left.LN65.pc.snd.wav,wpn_pdw57_flux_r_npc_pap,loaded,bus_fx,grp_weapon,snp_wpn_3p,,84,0,75,75,25,900,900,allon,default,allon,default,8,4,priority,priority,-34,34,85,90,0.25,1,3d,default,nonlooping,volume pitch,1,0,0,0,0,0.25,no,no,left_shot,4000,,no,,,yes,no,no,0,0,yes,no,,0,,no,no,no
wpn_pdw57_flux_l_plr_pap,raw\sound\wpn\pap\pap_flux_left.LN65.pc.snd.wav,wpn_pdw57_flux_r_plr_pap,loaded,bus_fx,grp_weapon,snp_wpn_3p,,84,0,75,75,25,900,900,allon,default,allon,default,8,4,priority,priority,-34,34,85,90,0.25,1,3d,default,nonlooping,volume pitch,1,0,0,0,0,0.25,no,no,left_shot,4000,,no,,,yes,no,no,0,0,yes,no,,0,,no,no,no
wpn_pdw57_flux_r_npc_pap,raw\sound\wpn\pap\pap_flux_right.LN65.pc.snd.wav,wpn_pdw57_fire_npc,loaded,bus_fx,grp_weapon,snp_wpn_3p,,84,0,75,75,25,900,900,allon,default,allon,default,8,4,priority,priority,-34,34,85,90,0.25,1,3d,default,nonlooping,volume pitch,1,0,0,0,0,0.25,no,no,right_shot,4000,,no,,,yes,no,no,0,0,yes,no,,0,,no,no,no
wpn_pdw57_flux_r_plr_pap,raw\sound\wpn\pap\pap_flux_right.LN65.pc.snd.wav,wpn_pdw57_fire_plr,loaded,bus_fx,grp_weapon,snp_wpn_3p,,84,0,75,75,25,900,900,allon,default,allon,default,8,4,priority,priority,-34,34,85,90,0.25,1,3d,default,nonlooping,volume pitch,1,0,0,0,0,0.25,no,no,right_shot,4000,,no,,,yes,no,no,0,0,yes,no,,0,,no,no,no
wpn_pdw57_LFE,raw\sound\wpn\smg\mp7\plr\lfe\wpn_mp7_fire_lfe.LN65.pc.snd.wav,wpn_pdw57_fire_plr_decay,loaded,bus_hdrfx,grp_wpn_lfe,snp_wpn_1p,,0,0,86,86,0,5000,5000,allon,default,allon,default,8,2,priority,oldest,0,0,85,90,0.25,1,2d,default,nonlooping,volume,1,0,0,0,0,0.25,no,no,none,0,,no,,,no,no,no,0,0,yes,no,,0,,no,no,no
wpn_pdw57_LFE_npc,raw\sound\wpn\smg\mp7\plr\lfe\wpn_mp7_fire_lfe.LN65.pc.snd.wav,wpn_pdw57_fire_npc_dist,loaded,bus_hdrfx,grp_wpn_lfe,snp_wpn_3p,,0,0,81,81,25,225,225,allon,default,allon,default,3,1,priority,oldest,0,0,40,90,0.25,0.75,3d,default,nonlooping,volume,1,0,0,0,0,0.25,no,no,none,0,,no,,,no,no,no,0,0,yes,no,,0,,no,no,no
wpn_pdw57_pickup_npc,raw\sound\fly\pickups\weapon\fly_weapon_pickup_00.LN65.pc.snd.wav,,loaded,bus_fx,grp_foley,snp_foley,,30,0,75,75,75,500,500,allon,default,allon,default,2,1,priority,reject,-50,50,15,30,0.25,1,3d,default,nonlooping,volume,1,0,25,250,75,0.25,no,yes,none,0,,no,,,yes,no,no,0,0,yes,no,,0,,no,no,no
wpn_pdw57_pickup_npc,raw\sound\fly\pickups\weapon\fly_weapon_pickup_01.LN65.pc.snd.wav,,loaded,bus_fx,grp_foley,snp_foley,,30,0,75,75,75,500,500,allon,default,allon,default,2,1,priority,reject,-50,50,15,30,0.25,1,3d,default,nonlooping,volume,1,0,25,250,75,0.25,no,yes,none,0,,no,,,yes,no,no,0,0,yes,no,,0,,no,no,no
wpn_pdw57_pickup_plr,raw\sound\fly\pickups\weapon\fly_weapon_pickup_00.LN65.pc.snd.wav,,loaded,bus_fx,grp_foley,snp_foley,,30,0,75,75,0,5000,5000,allon,default,allon,default,1,8,reject,oldest,-88,84,70,70,0.25,1,2d,default,nonlooping,volume,1,0,0,0,0,0.25,no,yes,none,0,,no,,,yes,no,no,0,0,yes,no,,0,,no,no,no
wpn_pdw57_pickup_plr,raw\sound\fly\pickups\weapon\fly_weapon_pickup_01.LN65.pc.snd.wav,,loaded,bus_fx,grp_foley,snp_foley,,30,0,75,75,0,5000,5000,allon,default,allon,default,1,8,reject,oldest,-88,84,70,70,0.25,1,2d,default,nonlooping,volume,1,0,0,0,0,0.25,no,yes,none,0,,no,,,yes,no,no,0,0,yes,no,,0,,no,no,no
wpn_pdw57_silencer_fire_npc,raw\sound\wpn\smg\msmc\plr\shot\silenced\wpn_msmc_sil_shot_plr.LN65.pc.snd.wav,wpn_pdw57_silencer_LFE_npc,loaded,bus_fx,grp_weapon,snp_wpn_3p,,0,0,85,85,700,700,700,cosdelay,alloff,cosdelay,default,8,3,priority,oldest,-50,50,20,90,0.25,0.8,3d,default,nonlooping,volume,1,0,0,0,0,0.25,no,no,none,0,,no,,,yes,no,no,0,0,yes,no,,0,,no,no,no
wpn_pdw57_silencer_fire_npc_decay,raw\sound\wpn\pistol\decay\ext\silenced\wpn_pistol_decay_silenced_ext.LN65.pc.snd.wav,,loaded,bus_fx,grp_weapon,snp_wpn_3p,,55,0,75,75,50,900,900,allon,default,rcurve1,default,10,1,reject,oldest,-100,100,20,70,0.15,1,3d,default,nonlooping,volume,1,0,0,0,0,0.25,no,no,none,0,,no,ringoff_plr,outdoor,yes,no,no,0,0,yes,no,,0,,no,no,no
wpn_pdw57_silencer_fire_npc_decay,raw\sound\wpn\pistol\decay\int\silenced\wpn_pistol_decay_silenced_int.LN65.pc.snd.wav,,loaded,bus_fx,grp_weapon,snp_wpn_3p,,55,0,75,75,50,900,900,allon,default,rcurve1,default,10,1,reject,oldest,-100,100,20,70,0.15,1,3d,default,nonlooping,volume,1,0,0,0,0,0.25,no,no,none,0,,no,ringoff_plr,indoor,yes,no,no,0,0,yes,no,,0,,no,no,no
wpn_pdw57_silencer_fire_plr,raw\sound\wpn\smg\msmc\plr\shot\silenced\wpn_msmc_sil_shot_plr.LN65.pc.snd.wav,wpn_pdw57_silencer_LFE,loaded,bus_fx,grp_weapon,snp_wpn_1p,,0,0,93,93,0,5000,5000,allon,default,allon,default,2,8,oldest,oldest,-80,80,90,90,0.25,1,2d,default,nonlooping,volume,1,0,0,0,0,0.25,no,no,none,0,,no,,,yes,no,no,0,0,yes,no,,0,,no,no,no
wpn_pdw57_silencer_fire_plr_decay,raw\sound\wpn\pistol\decay\ext\silenced\wpn_pistol_decay_silenced_ext.LN65.pc.snd.wav,,loaded,bus_fx,grp_weapon,snp_wpn_1p,,75,0,80,80,0,5000,5000,allon,default,allon,default,3,8,oldest,oldest,-50,50,90,90,0.25,1,2d,default,nonlooping,volume,1,0,0,0,0,0.25,no,no,none,0,,no,ringoff_plr,outdoor,yes,no,no,0,0,yes,no,,0,,no,no,no
wpn_pdw57_silencer_fire_plr_decay,raw\sound\wpn\pistol\decay\int\silenced\wpn_pistol_decay_silenced_int.LN65.pc.snd.wav,,loaded,bus_fx,grp_weapon,snp_wpn_1p,,75,0,83,83,0,5000,5000,allon,default,allon,default,3,8,oldest,oldest,-50,50,90,90,0.25,1,2d,default,nonlooping,volume,1,0,0,0,0,0.25,no,no,none,0,,no,ringoff_plr,indoor,yes,no,no,0,0,yes,no,,0,,no,no,no
wpn_pdw57_silencer_LFE,raw\sound\wpn\smg\mp7\plr\lfe\wpn_mp7_fire_lfe.LN65.pc.snd.wav,wpn_pdw57_silencer_fire_plr_decay,loaded,bus_hdrfx,grp_wpn_lfe,snp_wpn_1p,,0,0,86,86,0,5000,5000,allon,default,allon,default,1,2,priority,oldest,0,0,85,90,0.25,1,2d,default,nonlooping,volume,1,0,0,0,0,0.25,no,no,none,0,,no,,,no,no,no,0,0,yes,no,,0,,no,no,no
wpn_pdw57_silencer_LFE_npc,raw\sound\wpn\smg\mp7\plr\lfe\wpn_mp7_fire_lfe.LN65.pc.snd.wav,wpn_pdw57_silencer_fire_npc_decay,loaded,bus_hdrfx,grp_wpn_lfe,snp_wpn_3p,,0,0,81,81,25,225,225,allon,default,allon,default,3,1,priority,oldest,0,0,40,90,0.25,0.75,3d,default,nonlooping,volume,1,0,0,0,0,0.25,no,no,none,0,,no,,,no,no,no,0,0,yes,no,,0,,no,no,no
fly_an94_bolt_back,raw\sound\wpn\assault\reload\fly_assault_bb.LN65.pc.snd.wav,,loaded,bus_fx,grp_foley,snp_foley,,30,0,86,89,0,5000,5000,allon,default,allon,default,8,8,priority,oldest,-88,84,70,70,0.25,1,2d,default,nonlooping,volume,1,0,0,0,0,0.25,no,yes,none,0,,no,,,yes,no,no,0,0,yes,no,,0,,no,no,no
fly_an94_bolt_release,raw\sound\wpn\assault\reload\fly_assault_bf.LN65.pc.snd.wav,,loaded,bus_fx,grp_foley,snp_foley,,30,0,86,89,0,5000,5000,allon,default,allon,default,8,8,priority,oldest,-88,84,70,70,0.25,1,2d,default,nonlooping,volume,1,0,0,0,0,0.25,no,yes,none,0,,no,,,yes,no,no,0,0,yes,no,,0,,no,no,no
fly_an94_button,raw\sound\wpn\assault\m16\reload\fly_m16_button.LN65.pc.snd.wav,,loaded,bus_fx,grp_foley,snp_foley,,30,0,86,89,0,5000,5000,allon,default,allon,default,8,8,priority,oldest,-88,84,70,70,0.25,1,2d,default,nonlooping,volume,1,0,0,0,0,0.25,no,yes,none,0,,no,,,yes,no,no,0,0,yes,no,,0,,no,no,no
fly_an94_charge,raw\sound\wpn\assault\reload\fly_assault_charge.LN65.pc.snd.wav,,loaded,bus_fx,grp_foley,snp_foley,,30,0,86,89,0,5000,5000,allon,default,allon,default,8,8,priority,oldest,-88,84,70,70,0.25,1,2d,default,nonlooping,volume,1,0,0,0,0,0.25,no,yes,none,0,,no,,,yes,no,no,0,0,yes,no,,0,,no,no,no
fly_an94_dial_sight,raw\sound\wpn\rocket\m202\foley\fly_m202_flip_sight.LN65.pc.snd.wav,,loaded,bus_fx,grp_foley,snp_foley,,30,0,86,89,0,5000,5000,allon,default,allon,default,8,8,priority,oldest,-88,84,70,70,0.25,1,2d,default,nonlooping,volume,1,0,0,0,0,0.25,no,yes,none,0,,no,,,yes,no,no,0,0,yes,no,,0,,no,no,no
fly_an94_mag_in,raw\sound\wpn\assault\reload\fly_assault_mag_in.LN65.pc.snd.wav,,loaded,bus_fx,grp_foley,snp_foley,,30,0,86,89,0,5000,5000,allon,default,allon,default,8,8,priority,oldest,-88,84,70,70,0.25,1,2d,default,nonlooping,volume,1,0,0,0,0,0.25,no,yes,none,0,,no,,,yes,no,no,0,0,yes,no,,0,,no,no,no
fly_an94_mag_out,raw\sound\wpn\assault\reload\fly_assault_mag_out.LN65.pc.snd.wav,,loaded,bus_fx,grp_foley,snp_foley,,30,0,86,89,0,5000,5000,allon,default,allon,default,8,8,priority,oldest,-88,84,70,70,0.25,1,2d,default,nonlooping,volume,1,0,0,0,0,0.25,no,yes,none,0,,no,,,yes,no,no,0,0,yes,no,,0,,no,no,no
wpn_an94_1straise_npc,raw\sound\fly\gear\rattle\fly_cloth_00.LN65.pc.snd.wav,,loaded,bus_fx,grp_foley,snp_foley,,30,0,75,75,75,500,500,allon,default,allon,default,4,8,priority,oldest,-90,90,15,30,0.25,1,3d,default,nonlooping,volume,1,0,25,250,75,0.25,no,yes,none,0,,no,,,yes,no,no,0,0,yes,no,,0,,no,no,no
wpn_an94_1straise_npc,raw\sound\fly\gear\rattle\fly_cloth_01.LN65.pc.snd.wav,,loaded,bus_fx,grp_foley,snp_foley,,30,0,75,75,75,500,500,allon,default,allon,default,4,8,priority,oldest,-90,90,15,30,0.25,1,3d,default,nonlooping,volume,1,0,25,250,75,0.25,no,yes,none,0,,no,,,yes,no,no,0,0,yes,no,,0,,no,no,no
wpn_an94_1straise_npc,raw\sound\fly\gear\rattle\fly_cloth_02.LN65.pc.snd.wav,,loaded,bus_fx,grp_foley,snp_foley,,30,0,75,75,75,500,500,allon,default,allon,default,4,8,priority,oldest,-90,90,15,30,0.25,1,3d,default,nonlooping,volume,1,0,25,250,75,0.25,no,yes,none,0,,no,,,yes,no,no,0,0,yes,no,,0,,no,no,no
wpn_an94_1straise_npc,raw\sound\fly\gear\rattle\fly_cloth_03.LN65.pc.snd.wav,,loaded,bus_fx,grp_foley,snp_foley,,30,0,75,75,75,500,500,allon,default,allon,default,4,8,priority,oldest,-90,90,15,30,0.25,1,3d,default,nonlooping,volume,1,0,25,250,75,0.25,no,yes,none,0,,no,,,yes,no,no,0,0,yes,no,,0,,no,no,no
wpn_an94_1straise_plr,raw\sound\fly\gear\rattle\long\fly_cloth_00.LN65.pc.snd.wav,,loaded,bus_fx,grp_foley,snp_foley,,30,0,86,89,0,5000,5000,allon,default,allon,default,8,8,priority,oldest,-88,84,70,70,0.25,1,2d,default,nonlooping,volume,1,0,0,0,0,0.25,no,yes,none,0,,no,,,yes,no,no,0,0,yes,no,,0,,no,no,no
wpn_an94_dryfire_npc,raw\sound\wpn\assault\dry_fire\npc\dry_fire_00.LN65.pc.snd.wav,,loaded,bus_fx,grp_weapon,snp_wpn_3p,,55,0,82,82,900,900,901,cosdelay,alloff,cosdelay,default,8,2,priority,oldest,-125,125,40,90,0.25,0.8,3d,default,nonlooping,volume,1,0,0,0,0,0.25,no,no,none,0,,no,,,yes,no,no,0,0,yes,no,,0,,no,no,no
wpn_an94_dryfire_plr,raw\sound\wpn\assault\dry_fire\plr\dry_fire_00.LN65.pc.snd.wav,,loaded,bus_fx,grp_weapon,snp_wpn_1p,,65,0,93,93,0,5000,5000,allon,default,allon,default,3,8,oldest,oldest,0,0,90,90,0.25,1,2d,default,nonlooping,volume,1,0,0,0,0,0.25,no,no,none,0,,no,,,yes,no,no,0,0,yes,no,,0,,no,no,no
wpn_an94_fire_npc,raw\sound\wpn\assault\an94\plr\shot\wpn_an94_shot_plr.LN65.pc.snd.wav,wpn_an94_LFE_npc,loaded,bus_fx,grp_weapon,snp_wpn_3p,,55,0,82,82,900,900,901,cosdelay,alloff,cosdelay,default,8,2,priority,oldest,-125,125,40,90,0.25,0.8,3d,default,nonlooping,volume,1,0,0,0,0,0.25,no,no,none,0,,no,,,yes,no,no,0,0,yes,no,,0,,no,no,no
wpn_an94_fire_npc_decay,raw\sound\wpn\assault\decay\ext\wpn_assault_decay_ext.LN65.pc.snd.wav,,loaded,bus_fx,grp_weapon,snp_wpn_3p,,55,0,77,77,50,900,900,allon,default,rcurve1,default,3,1,priority,oldest,-100,100,20,70,0.15,1,3d,default,nonlooping,volume,1,0,0,0,0,0.25,no,no,none,0,,no,ringoff_plr,outdoor,yes,no,no,0,0,yes,no,,0,,no,no,no
wpn_an94_fire_npc_decay,raw\sound\wpn\assault\decay\int\wpn_assault_decay_int.LN65.pc.snd.wav,,loaded,bus_fx,grp_weapon,snp_wpn_3p,,55,0,67,67,50,900,900,allon,default,rcurve1,default,3,1,priority,oldest,-100,100,20,70,0.15,1,3d,default,nonlooping,volume,1,0,0,0,0,0.25,no,no,none,0,,no,ringoff_plr,indoor,yes,no,no,0,0,yes,no,,0,,no,no,no
wpn_an94_fire_npc_dist,raw\sound\wpn\dist_guns\ass\wpn_assault_dist_00.LN65.pc.snd.wav,wpn_an94_fire_npc_decay,loaded,bus_fx,grp_weapon,snp_wpn_3p,,80,0,81,81,900,6000,12500,sindelay,default,sindelay,allon,8,3,priority,oldest,-300,300,90,40,0,1,3d,default,nonlooping,,1,0,0,0,0,0.25,no,no,none,0,,no,,,yes,no,no,0,0,yes,no,,0,,no,no,no
wpn_an94_fire_npc_dist,raw\sound\wpn\dist_guns\ass\wpn_assault_dist_01.LN65.pc.snd.wav,wpn_an94_fire_npc_decay,loaded,bus_fx,grp_weapon,snp_wpn_3p,,80,0,81,81,900,6000,12500,sindelay,default,sindelay,allon,8,3,priority,oldest,-300,300,90,40,0,1,3d,default,nonlooping,,1,0,0,0,0,0.25,no,no,none,0,,no,,,yes,no,no,0,0,yes,no,,0,,no,no,no
wpn_an94_fire_npc_dist,raw\sound\wpn\dist_guns\ass\wpn_assault_dist_02.LN65.pc.snd.wav,wpn_an94_fire_npc_decay,loaded,bus_fx,grp_weapon,snp_wpn_3p,,80,0,81,81,900,6000,12500,sindelay,default,sindelay,allon,8,3,priority,oldest,-300,300,90,40,0,1,3d,default,nonlooping,,1,0,0,0,0,0.25,no,no,none,0,,no,,,yes,no,no,0,0,yes,no,,0,,no,no,no
wpn_an94_fire_npc_dist,raw\sound\wpn\dist_guns\ass\wpn_assault_dist_03.LN65.pc.snd.wav,wpn_an94_fire_npc_decay,loaded,bus_fx,grp_weapon,snp_wpn_3p,,80,0,81,81,900,6000,12500,sindelay,default,sindelay,allon,8,3,priority,oldest,-300,300,90,40,0,1,3d,default,nonlooping,,1,0,0,0,0,0.25,no,no,none,0,,no,,,yes,no,no,0,0,yes,no,,0,,no,no,no
wpn_an94_fire_npc_pap,raw\sound\wpn\pap\pap_shot_st.LN65.pc.snd.wav,wpn_an94_flux_l_npc_pap,loaded,bus_fx,grp_weapon,snp_wpn_3p,,80,0,82,82,75,1250,1250,allon,default,allon,default,10,3,priority,oldest,-100,100,50,90,0.35,1,3d,default,nonlooping,volume pitch,1,0,0,0,0,0.25,no,no,none,0,,no,,,yes,no,no,0,0,yes,no,,0,,no,no,no
wpn_an94_fire_plr,raw\sound\wpn\assault\an94\plr\shot\wpn_an94_shot_plr.LN65.pc.snd.wav,wpn_an94_lfe,loaded,bus_fx,grp_weapon,snp_wpn_1p,,65,0,93,93,0,5000,5000,allon,default,allon,default,3,8,oldest,oldest,-25,25,90,90,0.25,1,2d,default,nonlooping,volume,1,0,0,0,0,0.25,no,no,none,0,,no,,,yes,no,no,0,0,yes,no,,0,,no,no,no
wpn_an94_fire_plr_decay,raw\sound\wpn\assault\decay\ext\wpn_assault_decay_ext.LN65.pc.snd.wav,,loaded,bus_fx,grp_weapon,snp_wpn_1p,,60,0,83,83,0,5000,5000,allon,default,allon,default,3,8,oldest,oldest,-25,25,90,90,0.25,1,2d,default,nonlooping,volume,1,0,0,0,0,0.25,no,no,none,0,,no,ringoff_plr,outdoor,yes,no,no,0,0,yes,no,,0,,no,no,no
wpn_an94_fire_plr_decay,raw\sound\wpn\assault\decay\int\wpn_assault_decay_int.LN65.pc.snd.wav,,loaded,bus_fx,grp_weapon,snp_wpn_1p,,60,0,83,83,0,5000,5000,allon,default,allon,default,3,8,oldest,oldest,-25,25,90,90,0.25,1,2d,default,nonlooping,volume,1,0,0,0,0,0.25,no,no,none,0,,no,ringoff_plr,indoor,yes,no,no,0,0,yes,no,,0,,no,no,no
wpn_an94_fire_plr_pap,raw\sound\wpn\pap\pap_shot_st.LN65.pc.snd.wav,wpn_an94_flux_l_plr_pap,loaded,bus_hdrfx,grp_weapon,snp_wpn_1p,,70,0,87,87,0,5000,5000,allon,default,allon,default,1,8,oldest,oldest,0,0,90,90,0.25,1,2d,default,nonlooping,volume,1,0,0,0,0,0.25,no,no,none,0,,no,,,yes,no,no,0,0,yes,no,,0,,no,no,no
wpn_an94_flux_l_npc_pap,raw\sound\wpn\pap\pap_flux_left.LN65.pc.snd.wav,wpn_an94_flux_r_npc_pap,loaded,bus_fx,grp_weapon,snp_wpn_3p,,84,0,75,75,25,900,900,allon,default,allon,default,8,4,priority,priority,-34,34,85,90,0.25,1,3d,default,nonlooping,volume pitch,1,0,0,0,0,0.25,no,no,left_shot,4000,,no,,,yes,no,no,0,0,yes,no,,0,,no,no,no
wpn_an94_flux_l_plr_pap,raw\sound\wpn\pap\pap_flux_left.LN65.pc.snd.wav,wpn_an94_flux_r_plr_pap,loaded,bus_fx,grp_weapon,snp_wpn_3p,,84,0,75,75,25,900,900,allon,default,allon,default,8,4,priority,priority,-34,34,85,90,0.25,1,3d,default,nonlooping,volume pitch,1,0,0,0,0,0.25,no,no,left_shot,4000,,no,,,yes,no,no,0,0,yes,no,,0,,no,no,no
wpn_an94_flux_r_npc_pap,raw\sound\wpn\pap\pap_flux_right.LN65.pc.snd.wav,wpn_an94_fire_npc,loaded,bus_fx,grp_weapon,snp_wpn_3p,,84,0,75,75,25,900,900,allon,default,allon,default,8,4,priority,priority,-34,34,85,90,0.25,1,3d,default,nonlooping,volume pitch,1,0,0,0,0,0.25,no,no,right_shot,4000,,no,,,yes,no,no,0,0,yes,no,,0,,no,no,no
wpn_an94_flux_r_plr_pap,raw\sound\wpn\pap\pap_flux_right.LN65.pc.snd.wav,wpn_an94_fire_plr,loaded,bus_fx,grp_weapon,snp_wpn_3p,,84,0,75,75,25,900,900,allon,default,allon,default,8,4,priority,priority,-34,34,85,90,0.25,1,3d,default,nonlooping,volume pitch,1,0,0,0,0,0.25,no,no,right_shot,4000,,no,,,yes,no,no,0,0,yes,no,,0,,no,no,no
wpn_an94_lfe,raw\sound\wpn\smg\mp7\plr\lfe\wpn_mp7_fire_lfe.LN65.pc.snd.wav,wpn_an94_fire_plr_decay,loaded,bus_hdrfx,grp_wpn_lfe,snp_wpn_1p,,0,0,86,86,0,5000,5000,allon,default,allon,default,8,2,priority,oldest,0,0,85,90,0.25,1,2d,default,nonlooping,volume,1,0,0,0,0,0.25,no,no,none,0,,no,,,no,no,no,0,0,yes,no,,0,,no,no,no
wpn_an94_LFE_npc,raw\sound\wpn\smg\mp7\plr\lfe\wpn_mp7_fire_lfe.LN65.pc.snd.wav,wpn_an94_fire_npc_dist,loaded,bus_hdrfx,grp_wpn_lfe,snp_wpn_3p,,0,0,81,81,25,225,225,allon,default,allon,default,3,1,priority,oldest,0,0,40,90,0.25,0.75,3d,default,nonlooping,volume,1,0,0,0,0,0.25,no,no,none,0,,no,,,no,no,no,0,0,yes,no,,0,,no,no,no
wpn_an94_pickup_npc,raw\sound\fly\pickups\weapon\fly_weapon_pickup_00.LN65.pc.snd.wav,,loaded,bus_fx,grp_foley,snp_foley,,30,0,75,75,75,500,500,allon,default,allon,default,2,1,priority,reject,-50,50,15,30,0.25,1,3d,default,nonlooping,volume,1,0,25,250,75,0.25,no,yes,none,0,,no,,,yes,no,no,0,0,yes,no,,0,,no,no,no
wpn_an94_pickup_npc,raw\sound\fly\pickups\weapon\fly_weapon_pickup_01.LN65.pc.snd.wav,,loaded,bus_fx,grp_foley,snp_foley,,30,0,75,75,75,500,500,allon,default,allon,default,2,1,priority,reject,-50,50,15,30,0.25,1,3d,default,nonlooping,volume,1,0,25,250,75,0.25,no,yes,none,0,,no,,,yes,no,no,0,0,yes,no,,0,,no,no,no
wpn_an94_pickup_plr,raw\sound\fly\pickups\weapon\fly_weapon_pickup_00.LN65.pc.snd.wav,,loaded,bus_fx,grp_foley,snp_foley,,30,0,75,75,0,5000,5000,allon,default,allon,default,1,8,reject,oldest,-88,84,70,70,0.25,1,2d,default,nonlooping,volume,1,0,0,0,0,0.25,no,yes,none,0,,no,,,yes,no,no,0,0,yes,no,,0,,no,no,no
wpn_an94_pickup_plr,raw\sound\fly\pickups\weapon\fly_weapon_pickup_01.LN65.pc.snd.wav,,loaded,bus_fx,grp_foley,snp_foley,,30,0,75,75,0,5000,5000,allon,default,allon,default,1,8,reject,oldest,-88,84,70,70,0.25,1,2d,default,nonlooping,volume,1,0,0,0,0,0.25,no,yes,none,0,,no,,,yes,no,no,0,0,yes,no,,0,,no,no,no
wpn_an94_silencer_fire_npc,raw\sound\wpn\assault\m27\plr\shot\silenced\wpn_m27_sil_shot_plr.LN65.pc.snd.wav,wpn_an94_silencer_LFE_npc,loaded,bus_fx,grp_weapon,snp_wpn_3p,,0,0,82,82,900,900,901,cosdelay,alloff,cosdelay,default,8,2,priority,oldest,-50,50,40,90,0.25,0.8,3d,default,nonlooping,volume,1,0,0,0,0,0.25,no,no,none,0,,no,,,yes,no,no,0,0,yes,no,,0,,no,no,no
wpn_an94_silencer_fire_npc_decay,raw\sound\wpn\assault\decay\int\silenced\wpn_aslt_decay_silenced_int.LN65.pc.snd.wav,,loaded,bus_fx,grp_weapon,snp_wpn_3p,,55,0,67,67,50,900,900,allon,default,rcurve1,default,3,1,priority,oldest,-100,100,20,70,0.15,1,3d,default,nonlooping,volume,1,0,0,0,0,0.25,no,no,none,0,,no,ringoff_plr,indoor,yes,no,no,0,0,yes,no,,0,,no,no,no
wpn_an94_silencer_fire_npc_decay,raw\sound\wpn\pistol\decay\ext\silenced\wpn_pistol_decay_silenced_ext.LN65.pc.snd.wav,,loaded,bus_fx,grp_weapon,snp_wpn_3p,,55,0,77,77,50,900,900,allon,default,rcurve1,default,3,1,priority,oldest,-100,100,20,70,0.15,1,3d,default,nonlooping,volume,1,0,0,0,0,0.25,no,no,none,0,,no,ringoff_plr,outdoor,yes,no,no,0,0,yes,no,,0,,no,no,no
wpn_an94_silencer_fire_plr,raw\sound\wpn\assault\m27\plr\shot\silenced\wpn_m27_sil_shot_plr.LN65.pc.snd.wav,wpn_an94_silencer_LFE,loaded,bus_fx,grp_weapon,snp_wpn_1p,,0,0,93,93,0,5000,5000,allon,default,allon,default,3,8,oldest,oldest,-50,50,90,90,0.25,1,2d,default,nonlooping,volume,1,0,0,0,0,0.25,no,no,none,0,,no,,,yes,no,no,0,0,yes,no,,0,,no,no,no
wpn_an94_silencer_fire_plr_decay,raw\sound\wpn\assault\decay\int\silenced\wpn_aslt_decay_silenced_int.LN65.pc.snd.wav,,loaded,bus_fx,grp_weapon,snp_wpn_1p,,75,0,83,83,0,5000,5000,allon,default,allon,default,3,8,oldest,oldest,-50,50,90,90,0.25,1,2d,default,nonlooping,volume,1,0,0,0,0,0.25,no,no,none,0,,no,ringoff_plr,indoor,yes,no,no,0,0,yes,no,,0,,no,no,no
wpn_an94_silencer_fire_plr_decay,raw\sound\wpn\pistol\decay\ext\silenced\wpn_pistol_decay_silenced_ext.LN65.pc.snd.wav,,loaded,bus_fx,grp_weapon,snp_wpn_1p,,70,0,83,83,0,5000,5000,allon,default,allon,default,3,8,oldest,oldest,-50,50,90,90,0.25,1,2d,default,nonlooping,volume,1,0,0,0,0,0.25,no,no,none,0,,no,ringoff_plr,outdoor,yes,no,no,0,0,yes,no,,0,,no,no,no
wpn_an94_silencer_lfe,raw\sound\wpn\smg\mp7\plr\lfe\wpn_mp7_fire_lfe.LN65.pc.snd.wav,wpn_an94_silencer_fire_plr_decay,loaded,bus_hdrfx,grp_wpn_lfe,snp_wpn_1p,,0,0,86,86,0,5000,5000,allon,default,allon,default,8,2,priority,oldest,0,0,85,90,0.25,1,2d,default,nonlooping,volume,1,0,0,0,0,0.25,no,no,none,0,,no,,,no,no,no,0,0,yes,no,,0,,no,no,no
wpn_an94_silencer_LFE_npc,raw\sound\wpn\smg\mp7\plr\lfe\wpn_mp7_fire_lfe.LN65.pc.snd.wav,wpn_an94_silencer_fire_npc_decay,loaded,bus_hdrfx,grp_wpn_lfe,snp_wpn_3p,,0,0,81,81,25,225,225,allon,default,allon,default,3,1,priority,oldest,0,0,40,90,0.25,0.75,3d,default,nonlooping,volume,1,0,0,0,0,0.25,no,no,none,0,,no,,,no,no,no,0,0,yes,no,,0,,no,no,no
fly_lsat_close,raw\sound\wpn\lmg\mk48\foley\fly_mk48_close.LN65.pc.snd.wav,,loaded,bus_fx,grp_foley,snp_foley,,30,0,86,89,0,5000,5000,allon,default,allon,default,8,8,priority,oldest,-88,84,70,70,0.25,1,2d,default,nonlooping,volume,1,0,0,0,0,0.25,no,yes,none,0,,no,,,yes,no,no,0,0,yes,no,,0,,no,no,no
fly_lsat_futz,raw\sound\wpn\lmg\mk48\foley\fly_mk48_futz.LN65.pc.snd.wav,,loaded,bus_fx,grp_foley,snp_foley,,30,0,69,69,0,5000,5000,allon,default,allon,default,8,8,priority,oldest,-88,84,70,70,0.25,1,2d,default,nonlooping,volume,1,0,0,0,0,0.25,no,yes,none,0,,no,,,yes,no,no,0,0,yes,no,,0,,no,no,no
fly_lsat_lift_belt,raw\sound\wpn\lmg\mk48\foley\fly_mk48_lift_belt.LN65.pc.snd.wav,,loaded,bus_fx,grp_foley,snp_foley,,30,0,86,89,0,5000,5000,allon,default,allon,default,8,8,priority,oldest,-88,84,70,70,0.25,1,2d,default,nonlooping,volume,1,0,0,0,0,0.25,no,yes,none,0,,no,,,yes,no,no,0,0,yes,no,,0,,no,no,no
fly_lsat_mag_in,raw\sound\wpn\lmg\mk48\foley\fly_mk48_mag_in.LN65.pc.snd.wav,,loaded,bus_fx,grp_foley,snp_foley,,30,0,69,69,0,5000,5000,allon,default,allon,default,8,8,priority,oldest,-88,84,70,70,0.25,1,2d,default,nonlooping,volume,1,0,0,0,0,0.25,no,yes,none,0,,no,,,yes,no,no,0,0,yes,no,,0,,no,no,no
fly_lsat_mag_out,raw\sound\wpn\lmg\mk48\foley\fly_mk48_mag_out.LN65.pc.snd.wav,,loaded,bus_fx,grp_foley,snp_foley,,30,0,69,69,0,5000,5000,allon,default,allon,default,8,8,priority,oldest,-88,84,70,70,0.25,1,2d,default,nonlooping,volume,1,0,0,0,0,0.25,no,yes,none,0,,no,,,yes,no,no,0,0,yes,no,,0,,no,no,no
fly_lsat_open,raw\sound\wpn\lmg\mk48\foley\fly_mk48_open.LN65.pc.snd.wav,,loaded,bus_fx,grp_foley,snp_foley,,30,0,86,89,0,5000,5000,allon,default,allon,default,8,8,priority,oldest,-88,84,70,70,0.25,1,2d,default,nonlooping,volume,1,0,0,0,0,0.25,no,yes,none,0,,no,,,yes,no,no,0,0,yes,no,,0,,no,no,no
fly_lsat_pull,raw\sound\wpn\lmg\mk48\foley\fly_mk48_pull.LN65.pc.snd.wav,,loaded,bus_fx,grp_foley,snp_foley,,30,0,86,89,0,5000,5000,allon,default,allon,default,8,8,priority,oldest,-88,84,70,70,0.25,1,2d,default,nonlooping,volume,1,0,0,0,0,0.25,no,yes,none,0,,no,,,yes,no,no,0,0,yes,no,,0,,no,no,no
fly_lsat_release,raw\sound\wpn\lmg\mk48\foley\fly_mk48_release.LN65.pc.snd.wav,,loaded,bus_fx,grp_foley,snp_foley,,30,0,86,89,0,5000,5000,allon,default,allon,default,8,8,priority,oldest,-88,84,70,70,0.25,1,2d,default,nonlooping,volume,1,0,0,0,0,0.25,no,yes,none,0,,no,,,yes,no,no,0,0,yes,no,,0,,no,no,no
fly_lsat_seat_belt,raw\sound\wpn\lmg\mk48\foley\fly_mk48_seat_belt.LN65.pc.snd.wav,,loaded,bus_fx,grp_foley,snp_foley,,30,0,86,89,0,5000,5000,allon,default,allon,default,8,8,priority,oldest,-88,84,70,70,0.25,1,2d,default,nonlooping,volume,1,0,0,0,0,0.25,no,yes,none,0,,no,,,yes,no,no,0,0,yes,no,,0,,no,no,no
fly_lsat_start,raw\sound\wpn\lmg\mk48\foley\fly_mk48_start.LN65.pc.snd.wav,,loaded,bus_fx,grp_foley,snp_foley,,30,0,86,89,0,5000,5000,allon,default,allon,default,8,8,priority,oldest,-88,84,70,70,0.25,1,2d,default,nonlooping,volume,1,0,0,0,0,0.25,no,yes,none,0,,no,,,yes,no,no,0,0,yes,no,,0,,no,no,no
wpn_lsat_1straise_npc,raw\sound\fly\gear\rattle\fly_cloth_00.LN65.pc.snd.wav,,loaded,bus_fx,grp_foley,snp_foley,,30,0,75,75,75,500,500,allon,default,allon,default,4,8,priority,oldest,-90,90,15,30,0.25,1,3d,default,nonlooping,volume,1,0,25,250,75,0.25,no,yes,none,0,,no,,,yes,no,no,0,0,yes,no,,0,,no,no,no
wpn_lsat_1straise_npc,raw\sound\fly\gear\rattle\fly_cloth_01.LN65.pc.snd.wav,,loaded,bus_fx,grp_foley,snp_foley,,30,0,75,75,75,500,500,allon,default,allon,default,4,8,priority,oldest,-90,90,15,30,0.25,1,3d,default,nonlooping,volume,1,0,25,250,75,0.25,no,yes,none,0,,no,,,yes,no,no,0,0,yes,no,,0,,no,no,no
wpn_lsat_1straise_npc,raw\sound\fly\gear\rattle\fly_cloth_02.LN65.pc.snd.wav,,loaded,bus_fx,grp_foley,snp_foley,,30,0,75,75,75,500,500,allon,default,allon,default,4,8,priority,oldest,-90,90,15,30,0.25,1,3d,default,nonlooping,volume,1,0,25,250,75,0.25,no,yes,none,0,,no,,,yes,no,no,0,0,yes,no,,0,,no,no,no
wpn_lsat_1straise_npc,raw\sound\fly\gear\rattle\fly_cloth_03.LN65.pc.snd.wav,,loaded,bus_fx,grp_foley,snp_foley,,30,0,75,75,75,500,500,allon,default,allon,default,4,8,priority,oldest,-90,90,15,30,0.25,1,3d,default,nonlooping,volume,1,0,25,250,75,0.25,no,yes,none,0,,no,,,yes,no,no,0,0,yes,no,,0,,no,no,no
wpn_lsat_1straise_plr,raw\sound\fly\gear\rattle\fly_cloth_00.LN65.pc.snd.wav,,loaded,bus_fx,grp_foley,snp_foley,,30,0,86,89,0,5000,5000,allon,default,allon,default,8,8,priority,oldest,-88,84,70,70,0.25,1,2d,default,nonlooping,volume,1,0,0,0,0,0.25,no,yes,none,0,,no,,,yes,no,no,0,0,yes,no,,0,,no,no,no
wpn_lsat_1straise_plr,raw\sound\fly\gear\rattle\fly_cloth_01.LN65.pc.snd.wav,,loaded,bus_fx,grp_foley,snp_foley,,30,0,86,89,0,5000,5000,allon,default,allon,default,8,8,priority,oldest,-88,84,70,70,0.25,1,2d,default,nonlooping,volume,1,0,0,0,0,0.25,no,yes,none,0,,no,,,yes,no,no,0,0,yes,no,,0,,no,no,no
wpn_lsat_1straise_plr,raw\sound\fly\gear\rattle\fly_cloth_02.LN65.pc.snd.wav,,loaded,bus_fx,grp_foley,snp_foley,,30,0,86,89,0,5000,5000,allon,default,allon,default,8,8,priority,oldest,-88,84,70,70,0.25,1,2d,default,nonlooping,volume,1,0,0,0,0,0.25,no,yes,none,0,,no,,,yes,no,no,0,0,yes,no,,0,,no,no,no
wpn_lsat_1straise_plr,raw\sound\fly\gear\rattle\fly_cloth_03.LN65.pc.snd.wav,,loaded,bus_fx,grp_foley,snp_foley,,30,0,86,89,0,5000,5000,allon,default,allon,default,8,8,priority,oldest,-88,84,70,70,0.25,1,2d,default,nonlooping,volume,1,0,0,0,0,0.25,no,yes,none,0,,no,,,yes,no,no,0,0,yes,no,,0,,no,no,no
wpn_lsat_dryfire_npc,raw\sound\wpn\lmg\dry_fire\npc\dry_fire_00.LN65.pc.snd.wav,,loaded,bus_fx,grp_weapon,snp_wpn_3p,,70,0,85,85,900,900,901,cosdelay,alloff,cosdelay,default,8,2,priority,oldest,-100,100,50,90,0.25,0.8,3d,default,nonlooping,volume pitch,1,0,0,0,0,0.25,no,no,none,0,,no,,,yes,no,no,0,0,yes,no,,0,,no,no,no
wpn_lsat_dryfire_plr,raw\sound\wpn\lmg\dry_fire\plr\dry_fire_00.LN65.pc.snd.wav,,loaded,bus_fx,grp_weapon,snp_wpn_1p,,70,0,93,93,0,5000,5000,allon,default,allon,default,2,8,oldest,oldest,0,0,90,90,0.25,1,2d,default,nonlooping,volume,1,0,0,0,0,0.25,no,no,none,0,,no,,,yes,no,no,0,0,yes,no,,0,,no,no,no
wpn_lsat_fire_npc,raw\sound\wpn\lmg\lsat\plr\shot\wpn_lsat_shot_plr.LN65.pc.snd.wav,wpn_lsat_LFE_npc,loaded,bus_fx,grp_weapon,snp_wpn_3p,,70,0,85,85,900,900,901,cosdelay,alloff,cosdelay,default,8,2,priority,oldest,-25,25,50,90,0.25,0.8,3d,default,nonlooping,volume pitch,1,0,0,0,0,0.25,no,no,none,0,,no,,,yes,no,no,0,0,yes,no,,0,,no,no,no
wpn_lsat_fire_npc_decay,raw\sound\wpn\assault\decay\ext\wpn_assault_decay_ext.LN65.pc.snd.wav,,loaded,bus_fx,grp_weapon,snp_wpn_3p,,55,0,77,77,50,900,900,allon,default,rcurve1,default,3,1,priority,oldest,-100,100,20,70,0.15,1,3d,default,nonlooping,volume,1,0,0,0,0,0.25,no,no,none,0,,no,ringoff_plr,outdoor,yes,no,no,0,0,yes,no,,0,,no,no,no
wpn_lsat_fire_npc_decay,raw\sound\wpn\assault\decay\int\wpn_assault_decay_int.LN65.pc.snd.wav,,loaded,bus_fx,grp_weapon,snp_wpn_3p,,55,0,67,67,50,900,900,allon,default,rcurve1,default,3,1,priority,oldest,-100,100,20,70,0.15,1,3d,default,nonlooping,volume,1,0,0,0,0,0.25,no,no,none,0,,no,ringoff_plr,indoor,yes,no,no,0,0,yes,no,,0,,no,no,no
wpn_lsat_fire_npc_dist,raw\sound\wpn\dist_guns\lmg\wpn_lmg_dist_00.LN65.pc.snd.wav,wpn_lsat_fire_npc_decay,loaded,bus_fx,grp_weapon,snp_wpn_3p,,80,0,85,85,900,6000,12500,sindelay,default,sindelay,allon,8,3,priority,oldest,-300,300,90,40,0.25,1,3d,default,nonlooping,,1,0,0,0,0,0.25,no,no,none,0,,no,,,yes,no,no,0,0,yes,no,,0,,no,no,no
wpn_lsat_fire_npc_dist,raw\sound\wpn\dist_guns\lmg\wpn_lmg_dist_01.LN65.pc.snd.wav,wpn_lsat_fire_npc_decay,loaded,bus_fx,grp_weapon,snp_wpn_3p,,80,0,85,85,900,6000,12500,sindelay,default,sindelay,allon,8,3,priority,oldest,-300,300,90,40,0.25,1,3d,default,nonlooping,,1,0,0,0,0,0.25,no,no,none,0,,no,,,yes,no,no,0,0,yes,no,,0,,no,no,no
wpn_lsat_fire_npc_dist,raw\sound\wpn\dist_guns\lmg\wpn_lmg_dist_02.LN65.pc.snd.wav,wpn_lsat_fire_npc_decay,loaded,bus_fx,grp_weapon,snp_wpn_3p,,80,0,85,85,900,6000,12500,sindelay,default,sindelay,allon,8,3,priority,oldest,-300,300,90,40,0.25,1,3d,default,nonlooping,,1,0,0,0,0,0.25,no,no,none,0,,no,,,yes,no,no,0,0,yes,no,,0,,no,no,no
wpn_lsat_fire_npc_pap,raw\sound\wpn\pap\pap_shot_st.LN65.pc.snd.wav,wpn_lsat_flux_l_npc_pap,loaded,bus_fx,grp_weapon,snp_wpn_3p,,80,0,82,82,75,1250,1250,allon,default,allon,default,10,3,priority,oldest,-100,100,50,90,0.35,1,3d,default,nonlooping,volume pitch,1,0,0,0,0,0.25,no,no,none,0,,no,,,yes,no,no,0,0,yes,no,,0,,no,no,no
wpn_lsat_fire_plr,raw\sound\wpn\lmg\lsat\plr\shot\wpn_lsat_shot_plr.LN65.pc.snd.wav,wpn_lsat_lfe,loaded,bus_fx,grp_weapon,snp_wpn_1p,,70,0,93,93,0,5000,5000,allon,default,allon,default,2,8,oldest,oldest,-25,25,90,90,0.25,1,2d,default,nonlooping,volume,1,0,0,0,0,0.25,no,no,none,0,,no,,,yes,no,no,0,0,yes,no,,0,,no,no,no
wpn_lsat_fire_plr_decay,raw\sound\wpn\assault\decay\ext\wpn_assault_decay_ext.LN65.pc.snd.wav,,loaded,bus_fx,grp_weapon,snp_wpn_1p,,55,0,75,75,0,5000,5000,allon,default,allon,default,3,8,oldest,oldest,-50,50,90,90,0.25,1,2d,default,nonlooping,volume,1,0,0,0,0,0.25,no,no,none,0,,no,ringoff_plr,outdoor,yes,no,no,0,0,yes,no,,0,,no,no,no
wpn_lsat_fire_plr_decay,raw\sound\wpn\assault\decay\int\wpn_assault_decay_int.LN65.pc.snd.wav,,loaded,bus_fx,grp_weapon,snp_wpn_1p,,55,0,75,75,0,5000,5000,allon,default,allon,default,3,8,oldest,oldest,-50,50,90,90,0.25,1,2d,default,nonlooping,volume,1,0,0,0,0,0.25,no,no,none,0,,no,ringoff_plr,indoor,yes,no,no,0,0,yes,no,,0,,no,no,no
wpn_lsat_fire_plr_pap,raw\sound\wpn\pap\pap_shot_st.LN65.pc.snd.wav,wpn_lsat_flux_l_plr_pap,loaded,bus_hdrfx,grp_weapon,snp_wpn_1p,,70,0,87,87,0,5000,5000,allon,default,allon,default,1,8,oldest,oldest,0,0,90,90,0.25,1,2d,default,nonlooping,volume,1,0,0,0,0,0.25,no,no,none,0,,no,,,yes,no,no,0,0,yes,no,,0,,no,no,no
wpn_lsat_flux_l_npc_pap,raw\sound\wpn\pap\pap_flux_left.LN65.pc.snd.wav,wpn_lsat_flux_r_npc_pap,loaded,bus_fx,grp_weapon,snp_wpn_3p,,84,0,75,75,25,900,900,allon,default,allon,default,8,4,priority,priority,-34,34,85,90,0.25,1,3d,default,nonlooping,volume pitch,1,0,0,0,0,0.25,no,no,left_shot,4000,,no,,,yes,no,no,0,0,yes,no,,0,,no,no,no
wpn_lsat_flux_l_plr_pap,raw\sound\wpn\pap\pap_flux_left.LN65.pc.snd.wav,wpn_lsat_flux_r_plr_pap,loaded,bus_fx,grp_weapon,snp_wpn_3p,,84,0,75,75,25,900,900,allon,default,allon,default,8,4,priority,priority,-34,34,85,90,0.25,1,3d,default,nonlooping,volume pitch,1,0,0,0,0,0.25,no,no,left_shot,4000,,no,,,yes,no,no,0,0,yes,no,,0,,no,no,no
wpn_lsat_flux_r_npc_pap,raw\sound\wpn\pap\pap_flux_right.LN65.pc.snd.wav,wpn_lsat_fire_npc,loaded,bus_fx,grp_weapon,snp_wpn_3p,,84,0,75,75,25,900,900,allon,default,allon,default,8,4,priority,priority,-34,34,85,90,0.25,1,3d,default,nonlooping,volume pitch,1,0,0,0,0,0.25,no,no,right_shot,4000,,no,,,yes,no,no,0,0,yes,no,,0,,no,no,no
wpn_lsat_flux_r_plr_pap,raw\sound\wpn\pap\pap_flux_right.LN65.pc.snd.wav,wpn_lsat_fire_plr,loaded,bus_fx,grp_weapon,snp_wpn_3p,,84,0,75,75,25,900,900,allon,default,allon,default,8,4,priority,priority,-34,34,85,90,0.25,1,3d,default,nonlooping,volume pitch,1,0,0,0,0,0.25,no,no,right_shot,4000,,no,,,yes,no,no,0,0,yes,no,,0,,no,no,no
wpn_lsat_lfe,raw\sound\wpn\smg\mp7\plr\lfe\wpn_mp7_fire_lfe.LN65.pc.snd.wav,wpn_lsat_fire_plr_decay,loaded,bus_hdrfx,grp_wpn_lfe,snp_wpn_1p,,0,0,86,86,0,5000,5000,allon,default,allon,default,8,2,priority,oldest,0,0,85,90,0.25,1,2d,default,nonlooping,volume,1,0,0,0,0,0.25,no,no,none,0,,no,,,no,no,no,0,0,yes,no,,0,,no,no,no
wpn_lsat_LFE_npc,raw\sound\wpn\smg\mp7\plr\lfe\wpn_mp7_fire_lfe.LN65.pc.snd.wav,wpn_lsat_fire_npc_dist,loaded,bus_hdrfx,grp_wpn_lfe,snp_wpn_3p,,0,0,80,80,125,550,550,allon,default,allon,default,3,1,priority,oldest,0,0,40,90,0.25,0.75,3d,default,nonlooping,volume,1,0,0,0,0,0.25,no,no,none,0,,no,,,no,no,no,0,0,yes,no,,0,,no,no,no
wpn_lsat_pickup_npc,raw\sound\fly\pickups\weapon\fly_weapon_pickup_00.LN65.pc.snd.wav,,loaded,bus_fx,grp_foley,snp_foley,,30,0,75,75,75,500,500,allon,default,allon,default,2,1,priority,reject,-50,50,15,30,0.25,1,3d,default,nonlooping,volume,1,0,25,250,75,0.25,no,yes,none,0,,no,,,yes,no,no,0,0,yes,no,,0,,no,no,no
wpn_lsat_pickup_npc,raw\sound\fly\pickups\weapon\fly_weapon_pickup_01.LN65.pc.snd.wav,,loaded,bus_fx,grp_foley,snp_foley,,30,0,75,75,75,500,500,allon,default,allon,default,2,1,priority,reject,-50,50,15,30,0.25,1,3d,default,nonlooping,volume,1,0,25,250,75,0.25,no,yes,none,0,,no,,,yes,no,no,0,0,yes,no,,0,,no,no,no
wpn_lsat_pickup_plr,raw\sound\fly\pickups\weapon\fly_weapon_pickup_00.LN65.pc.snd.wav,,loaded,bus_fx,grp_foley,snp_foley,,30,0,75,75,0,5000,5000,allon,default,allon,default,1,8,reject,oldest,-88,84,70,70,0.25,1,2d,default,nonlooping,volume,1,0,0,0,0,0.25,no,yes,none,0,,no,,,yes,no,no,0,0,yes,no,,0,,no,no,no
wpn_lsat_pickup_plr,raw\sound\fly\pickups\weapon\fly_weapon_pickup_01.LN65.pc.snd.wav,,loaded,bus_fx,grp_foley,snp_foley,,30,0,75,75,0,5000,5000,allon,default,allon,default,1,8,reject,oldest,-88,84,70,70,0.25,1,2d,default,nonlooping,volume,1,0,0,0,0,0.25,no,yes,none,0,,no,,,yes,no,no,0,0,yes,no,,0,,no,no,no
wpn_lsat_raise_npc,raw\sound\fly\gear\rattle\fly_cloth_00.LN65.pc.snd.wav,,loaded,bus_fx,grp_foley,snp_foley,,30,0,75,75,75,500,500,allon,default,allon,default,4,8,priority,oldest,-90,90,15,30,0.25,1,3d,default,nonlooping,volume,1,0,25,250,75,0.25,no,yes,none,0,,no,,,yes,no,no,0,0,yes,no,,0,,no,no,no
wpn_lsat_raise_npc,raw\sound\fly\gear\rattle\fly_cloth_01.LN65.pc.snd.wav,,loaded,bus_fx,grp_foley,snp_foley,,30,0,75,75,75,500,500,allon,default,allon,default,4,8,priority,oldest,-90,90,15,30,0.25,1,3d,default,nonlooping,volume,1,0,25,250,75,0.25,no,yes,none,0,,no,,,yes,no,no,0,0,yes,no,,0,,no,no,no
wpn_lsat_raise_npc,raw\sound\fly\gear\rattle\fly_cloth_02.LN65.pc.snd.wav,,loaded,bus_fx,grp_foley,snp_foley,,30,0,75,75,75,500,500,allon,default,allon,default,4,8,priority,oldest,-90,90,15,30,0.25,1,3d,default,nonlooping,volume,1,0,25,250,75,0.25,no,yes,none,0,,no,,,yes,no,no,0,0,yes,no,,0,,no,no,no
wpn_lsat_raise_npc,raw\sound\fly\gear\rattle\fly_cloth_03.LN65.pc.snd.wav,,loaded,bus_fx,grp_foley,snp_foley,,30,0,75,75,75,500,500,allon,default,allon,default,4,8,priority,oldest,-90,90,15,30,0.25,1,3d,default,nonlooping,volume,1,0,25,250,75,0.25,no,yes,none,0,,no,,,yes,no,no,0,0,yes,no,,0,,no,no,no
wpn_lsat_raise_plr,raw\sound\fly\gear\rattle\fly_cloth_00.LN65.pc.snd.wav,,loaded,bus_fx,grp_foley,snp_foley,,30,0,86,89,0,5000,5000,allon,default,allon,default,8,8,priority,oldest,-88,84,70,70,0.25,1,2d,default,nonlooping,volume,1,0,0,0,0,0.25,no,yes,none,0,,no,,,yes,no,no,0,0,yes,no,,0,,no,no,no
wpn_lsat_raise_plr,raw\sound\fly\gear\rattle\fly_cloth_01.LN65.pc.snd.wav,,loaded,bus_fx,grp_foley,snp_foley,,30,0,86,89,0,5000,5000,allon,default,allon,default,8,8,priority,oldest,-88,84,70,70,0.25,1,2d,default,nonlooping,volume,1,0,0,0,0,0.25,no,yes,none,0,,no,,,yes,no,no,0,0,yes,no,,0,,no,no,no
wpn_lsat_raise_plr,raw\sound\fly\gear\rattle\fly_cloth_02.LN65.pc.snd.wav,,loaded,bus_fx,grp_foley,snp_foley,,30,0,86,89,0,5000,5000,allon,default,allon,default,8,8,priority,oldest,-88,84,70,70,0.25,1,2d,default,nonlooping,volume,1,0,0,0,0,0.25,no,yes,none,0,,no,,,yes,no,no,0,0,yes,no,,0,,no,no,no
wpn_lsat_raise_plr,raw\sound\fly\gear\rattle\fly_cloth_03.LN65.pc.snd.wav,,loaded,bus_fx,grp_foley,snp_foley,,30,0,86,89,0,5000,5000,allon,default,allon,default,8,8,priority,oldest,-88,84,70,70,0.25,1,2d,default,nonlooping,volume,1,0,0,0,0,0.25,no,yes,none,0,,no,,,yes,no,no,0,0,yes,no,,0,,no,no,no
wpn_lsat_silencer_fire_npc,raw\sound\wpn\lmg\lsat\plr\shot\silenced\wpn_lsat_sil_shot_plr.LN65.pc.snd.wav,wpn_lsat_silencer_LFE_npc,loaded,bus_fx,grp_weapon,snp_wpn_3p,,0,0,85,85,900,900,901,cosdelay,alloff,cosdelay,default,8,2,priority,oldest,-50,50,40,90,0.25,0.8,3d,default,nonlooping,volume,1,0,0,0,0,0.25,no,no,none,0,,no,,,yes,no,no,0,0,yes,no,,0,,no,no,no
wpn_lsat_silencer_fire_npc_decay,raw\sound\wpn\assault\decay\int\silenced\wpn_aslt_decay_silenced_int.LN65.pc.snd.wav,,loaded,bus_fx,grp_weapon,snp_wpn_3p,,55,0,67,67,50,900,900,allon,default,rcurve1,default,3,1,priority,oldest,-100,100,20,70,0.15,1,3d,default,nonlooping,volume,1,0,0,0,0,0.25,no,no,none,0,,no,ringoff_plr,indoor,yes,no,no,0,0,yes,no,,0,,no,no,no
wpn_lsat_silencer_fire_npc_decay,raw\sound\wpn\pistol\decay\ext\silenced\wpn_pistol_decay_silenced_ext.LN65.pc.snd.wav,,loaded,bus_fx,grp_weapon,snp_wpn_3p,,55,0,77,77,50,900,900,allon,default,rcurve1,default,3,1,priority,oldest,-100,100,20,70,0.15,1,3d,default,nonlooping,volume,1,0,0,0,0,0.25,no,no,none,0,,no,ringoff_plr,outdoor,yes,no,no,0,0,yes,no,,0,,no,no,no
wpn_lsat_silencer_fire_plr,raw\sound\wpn\lmg\lsat\plr\shot\silenced\wpn_lsat_sil_shot_plr.LN65.pc.snd.wav,wpn_lsat_silencer_LFE,loaded,bus_fx,grp_weapon,snp_wpn_1p,,0,0,93,93,0,5000,5000,allon,default,allon,default,3,8,oldest,oldest,-50,50,90,90,0.25,1,2d,default,nonlooping,volume,1,0,0,0,0,0.25,no,no,none,0,,no,,,yes,no,no,0,0,yes,no,,0,,no,no,no
wpn_lsat_silencer_fire_plr_decay,raw\sound\wpn\assault\decay\int\silenced\wpn_aslt_decay_silenced_int.LN65.pc.snd.wav,,loaded,bus_fx,grp_weapon,snp_wpn_1p,,75,0,83,83,0,5000,5000,allon,default,allon,default,3,8,oldest,oldest,-50,50,90,90,0.25,1,2d,default,nonlooping,volume,1,0,0,0,0,0.25,no,no,none,0,,no,ringoff_plr,indoor,yes,no,no,0,0,yes,no,,0,,no,no,no
wpn_lsat_silencer_fire_plr_decay,raw\sound\wpn\pistol\decay\ext\silenced\wpn_pistol_decay_silenced_ext.LN65.pc.snd.wav,,loaded,bus_fx,grp_weapon,snp_wpn_1p,,70,0,83,83,0,5000,5000,allon,default,allon,default,3,8,oldest,oldest,-50,50,90,90,0.25,1,2d,default,nonlooping,volume,1,0,0,0,0,0.25,no,no,none,0,,no,ringoff_plr,outdoor,yes,no,no,0,0,yes,no,,0,,no,no,no
wpn_lsat_silencer_lfe,raw\sound\wpn\smg\mp7\plr\lfe\wpn_mp7_fire_lfe.LN65.pc.snd.wav,wpn_lsat_silencer_fire_plr_decay,loaded,bus_hdrfx,grp_wpn_lfe,snp_wpn_1p,,0,0,86,86,0,5000,5000,allon,default,allon,default,8,2,priority,oldest,0,0,85,90,0.25,1,2d,default,nonlooping,volume,1,0,0,0,0,0.25,no,no,none,0,,no,,,no,no,no,0,0,yes,no,,0,,no,no,no
wpn_lsat_silencer_LFE_npc,raw\sound\wpn\smg\mp7\plr\lfe\wpn_mp7_fire_lfe.LN65.pc.snd.wav,wpn_lsat_silencer_fire_npc_decay,loaded,bus_hdrfx,grp_wpn_lfe,snp_wpn_3p,,0,0,81,81,25,225,225,allon,default,allon,default,3,1,priority,oldest,0,0,40,90,0.25,0.75,3d,default,nonlooping,volume,1,0,0,0,0,0.25,no,no,none,0,,no,,,no,no,no,0,0,yes,no,,0,,no,no,no
fly_svu_bolt_back,raw\sound\wpn\sniper\reload\fly_sniper_bb.LN65.pc.snd.wav,prj_brass_impact_plr_large_dirt,loaded,bus_fx,grp_foley,snp_foley,,30,0,86,89,0,5000,5000,allon,default,allon,default,8,8,priority,oldest,-88,84,70,70,0.25,1,2d,default,nonlooping,volume,1,0,0,0,0,0.25,no,yes,none,0,,no,,,yes,no,no,0,0,yes,no,,0,,no,no,no
fly_svu_bolt_down,raw\sound\wpn\sniper\reload\fly_sniper_bd.LN65.pc.snd.wav,,loaded,bus_fx,grp_foley,snp_foley,,30,0,86,89,0,5000,5000,allon,default,allon,default,8,8,priority,oldest,-88,84,70,70,0.25,1,2d,default,nonlooping,volume,1,0,0,0,0,0.25,no,yes,none,0,,no,,,yes,no,no,0,0,yes,no,,0,,no,no,no
fly_svu_bolt_forward,raw\sound\wpn\sniper\reload\fly_sniper_bf.LN65.pc.snd.wav,,loaded,bus_fx,grp_foley,snp_foley,,30,0,86,89,0,5000,5000,allon,default,allon,default,8,8,priority,oldest,-88,84,70,70,0.25,1,2d,default,nonlooping,volume,1,0,0,0,0,0.25,no,yes,none,0,,no,,,yes,no,no,0,0,yes,no,,0,,no,no,no
fly_svu_bolt_up,raw\sound\wpn\sniper\reload\fly_sniper_bu.LN65.pc.snd.wav,,loaded,bus_fx,grp_foley,snp_foley,,30,0,86,89,0,5000,5000,allon,default,allon,default,8,8,priority,oldest,-88,84,70,70,0.25,1,2d,default,nonlooping,volume,1,0,0,0,0,0.25,no,yes,none,0,,no,,,yes,no,no,0,0,yes,no,,0,,no,no,no
fly_svu_dial_sight,raw\sound\wpn\rocket\m202\foley\fly_m202_flip_sight.LN65.pc.snd.wav,,loaded,bus_fx,grp_foley,snp_foley,,30,0,86,89,0,5000,5000,allon,default,allon,default,8,8,priority,oldest,-88,84,70,70,0.25,1,2d,default,nonlooping,volume,1,0,0,0,0,0.25,no,yes,none,0,,no,,,yes,no,no,0,0,yes,no,,0,,no,no,no
fly_svu_mag_in,raw\sound\wpn\sniper\reload\fly_sniper_mag_in.LN65.pc.snd.wav,,loaded,bus_fx,grp_foley,snp_foley,,30,0,86,89,0,5000,5000,allon,default,allon,default,8,8,priority,oldest,-88,84,70,70,0.25,1,2d,default,nonlooping,volume,1,0,0,0,0,0.25,no,yes,none,0,,no,,,yes,no,no,0,0,yes,no,,0,,no,no,no
fly_svu_mag_out,raw\sound\wpn\sniper\reload\fly_sniper_mag_out.LN65.pc.snd.wav,,loaded,bus_fx,grp_foley,snp_foley,,30,0,86,89,0,5000,5000,allon,default,allon,default,8,8,priority,oldest,-88,84,70,70,0.25,1,2d,default,nonlooping,volume,1,0,0,0,0,0.25,no,yes,none,0,,no,,,yes,no,no,0,0,yes,no,,0,,no,no,no
wpn_svu_1straise_plr,raw\sound\fly\gear\rattle\fly_cloth_00.LN65.pc.snd.wav,,loaded,bus_fx,grp_foley,snp_foley,,30,0,86,89,0,5000,5000,allon,default,allon,default,8,8,priority,oldest,-88,84,70,70,0.25,1,2d,default,nonlooping,volume,1,0,0,0,0,0.25,no,yes,none,0,,no,,,yes,no,no,0,0,yes,no,,0,,no,no,no
wpn_svu_1straise_plr,raw\sound\fly\gear\rattle\fly_cloth_01.LN65.pc.snd.wav,,loaded,bus_fx,grp_foley,snp_foley,,30,0,86,89,0,5000,5000,allon,default,allon,default,8,8,priority,oldest,-88,84,70,70,0.25,1,2d,default,nonlooping,volume,1,0,0,0,0,0.25,no,yes,none,0,,no,,,yes,no,no,0,0,yes,no,,0,,no,no,no
wpn_svu_1straise_plr,raw\sound\fly\gear\rattle\fly_cloth_02.LN65.pc.snd.wav,,loaded,bus_fx,grp_foley,snp_foley,,30,0,86,89,0,5000,5000,allon,default,allon,default,8,8,priority,oldest,-88,84,70,70,0.25,1,2d,default,nonlooping,volume,1,0,0,0,0,0.25,no,yes,none,0,,no,,,yes,no,no,0,0,yes,no,,0,,no,no,no
wpn_svu_1straise_plr,raw\sound\fly\gear\rattle\fly_cloth_03.LN65.pc.snd.wav,,loaded,bus_fx,grp_foley,snp_foley,,30,0,86,89,0,5000,5000,allon,default,allon,default,8,8,priority,oldest,-88,84,70,70,0.25,1,2d,default,nonlooping,volume,1,0,0,0,0,0.25,no,yes,none,0,,no,,,yes,no,no,0,0,yes,no,,0,,no,no,no
wpn_svu_dryfire_npc,raw\sound\wpn\sniper\dry_fire\plr\dry_fire_00.LN65.pc.snd.wav,,loaded,bus_fx,grp_weapon,snp_wpn_3p,,65,0,88,88,900,900,901,cosdelay,alloff,cosdelay,default,6,2,priority,oldest,-88,84,20,90,0.25,0.8,3d,default,nonlooping,volume pitch,1,0,0,0,0,0.25,no,no,none,0,,no,,,yes,no,no,0,0,yes,no,,0,,no,no,no
wpn_svu_dryfire_plr,raw\sound\wpn\sniper\dry_fire\plr\dry_fire_00.LN65.pc.snd.wav,,loaded,bus_fx,grp_weapon,snp_wpn_1p,,70,0,88,88,0,5000,5000,allon,default,allon,default,2,8,oldest,oldest,0,0,90,90,0.25,1,2d,default,nonlooping,volume,1,0,0,0,0,0.25,no,no,none,0,,no,,,yes,no,no,0,0,yes,no,,0,,no,no,no
wpn_svu_fire_dist,raw\sound\wpn\dist_guns\rif\wpn_rif_dist_00.LN65.pc.snd.wav,wpn_svu_fire_npc_decay,loaded,bus_fx,grp_weapon,snp_wpn_3p,,80,0,85,85,900,6000,12500,sindelay,default,sindelay,allon,6,3,priority,oldest,-300,300,90,40,0.25,1,3d,default,nonlooping,,1,0,0,0,0,0.25,no,no,none,0,,no,,,yes,no,no,0,0,yes,no,,0,,no,no,no
wpn_svu_fire_dist,raw\sound\wpn\dist_guns\rif\wpn_rif_dist_01.LN65.pc.snd.wav,wpn_svu_fire_npc_decay,loaded,bus_fx,grp_weapon,snp_wpn_3p,,80,0,85,85,900,6000,12500,sindelay,default,sindelay,allon,6,3,priority,oldest,-300,300,90,40,0.25,1,3d,default,nonlooping,,1,0,0,0,0,0.25,no,no,none,0,,no,,,yes,no,no,0,0,yes,no,,0,,no,no,no
wpn_svu_fire_npc,raw\sound\wpn\sniper\svt\shot\wpn_svt_fire_plr.LN65.pc.snd.wav,wpn_svu_lfe_npc,loaded,bus_fx,grp_weapon,snp_wpn_3p,,65,0,88,88,900,900,901,cosdelay,alloff,cosdelay,default,6,2,priority,oldest,-88,84,20,90,0.25,0.8,3d,default,nonlooping,volume pitch,1,0,0,0,0,0.25,no,no,none,0,,no,,,yes,no,no,0,0,yes,no,,0,,no,no,no
wpn_svu_fire_npc_decay,raw\sound\wpn\sniper\decay\ext\wpn_sniper_decay_ext.LN65.pc.snd.wav,wpn_svu_flux_npc_l,loaded,bus_fx,grp_weapon,snp_wpn_3p,,55,0,80,80,50,900,900,allon,default,rcurve1,default,3,1,priority,oldest,-100,100,20,70,0.15,1,3d,default,nonlooping,volume,1,0,0,0,0,0.25,no,no,none,0,,no,ringoff_plr,outdoor,yes,no,no,0,0,yes,no,,0,,no,no,no
wpn_svu_fire_npc_decay,raw\sound\wpn\sniper\decay\int\wpn_rifle_decay_int.LN65.pc.snd.wav,wpn_svu_flux_npc_l,loaded,bus_fx,grp_weapon,snp_wpn_3p,,55,0,80,80,50,900,900,allon,default,rcurve1,default,3,1,priority,oldest,-100,100,20,70,0.15,1,3d,default,nonlooping,volume,1,0,0,0,0,0.25,no,no,none,0,,no,ringoff_plr,indoor,yes,no,no,0,0,yes,no,,0,,no,no,no
wpn_svu_fire_npc_pap,raw\sound\wpn\pap\pap_shot_st.LN65.pc.snd.wav,wpn_svu_flux_l_npc_pap,loaded,bus_fx,grp_weapon,snp_wpn_3p,,80,0,82,82,75,1250,1250,allon,default,allon,default,10,3,priority,oldest,-100,100,50,90,0.35,1,3d,default,nonlooping,volume pitch,1,0,0,0,0,0.25,no,no,none,0,,no,,,yes,no,no,0,0,yes,no,,0,,no,no,no
wpn_svu_fire_plr,raw\sound\wpn\sniper\svt\shot\wpn_svt_fire_plr.LN65.pc.snd.wav,wpn_svu_lfe,loaded,bus_fx,grp_weapon,snp_wpn_1p,,70,0,88,88,0,5000,5000,allon,default,allon,default,2,8,oldest,oldest,0,0,90,90,0.25,1,2d,default,nonlooping,volume,1,0,0,0,0,0.25,no,no,none,0,,no,,,yes,no,no,0,0,yes,no,,0,,no,no,no
wpn_svu_fire_plr_decay,raw\sound\wpn\sniper\decay\ext\wpn_sniper_decay_ext.LN65.pc.snd.wav,wpn_svu_flux_plr_l,loaded,bus_fx,grp_weapon,snp_wpn_1p,,55,0,85,85,0,5000,5000,allon,default,allon,default,3,8,oldest,oldest,-50,50,90,90,0.25,1,2d,default,nonlooping,volume,1,0,0,0,0,0.25,no,no,none,0,,no,ringoff_plr,outdoor,yes,no,no,0,0,yes,no,,0,,no,no,no
wpn_svu_fire_plr_decay,raw\sound\wpn\sniper\decay\int\wpn_rifle_decay_int.LN65.pc.snd.wav,wpn_svu_flux_plr_l,loaded,bus_fx,grp_weapon,snp_wpn_1p,,55,0,85,85,0,5000,5000,allon,default,allon,default,3,8,oldest,oldest,-50,50,90,90,0.25,1,2d,default,nonlooping,volume,1,0,0,0,0,0.25,no,no,none,0,,no,ringoff_plr,indoor,yes,no,no,0,0,yes,no,,0,,no,no,no
wpn_svu_fire_plr_pap,raw\sound\wpn\pap\pap_shot_st.LN65.pc.snd.wav,wpn_svu_flux_l_plr_pap,loaded,bus_hdrfx,grp_weapon,snp_wpn_1p,,70,0,87,87,0,5000,5000,allon,default,allon,default,1,8,oldest,oldest,0,0,90,90,0.25,1,2d,default,nonlooping,volume,1,0,0,0,0,0.25,no,no,none,0,,no,,,yes,no,no,0,0,yes,no,,0,,no,no,no
wpn_svu_flux_l_npc_pap,raw\sound\wpn\pap\pap_flux_left.LN65.pc.snd.wav,wpn_svu_flux_r_npc_pap,loaded,bus_fx,grp_weapon,snp_wpn_3p,,84,0,75,75,25,900,900,allon,default,allon,default,8,4,priority,priority,-34,34,85,90,0.25,1,3d,default,nonlooping,volume pitch,1,0,0,0,0,0.25,no,no,left_shot,4000,,no,,,yes,no,no,0,0,yes,no,,0,,no,no,no
wpn_svu_flux_l_plr_pap,raw\sound\wpn\pap\pap_flux_left.LN65.pc.snd.wav,wpn_svu_flux_r_plr_pap,loaded,bus_fx,grp_weapon,snp_wpn_3p,,84,0,75,75,25,900,900,allon,default,allon,default,8,4,priority,priority,-34,34,85,90,0.25,1,3d,default,nonlooping,volume pitch,1,0,0,0,0,0.25,no,no,left_shot,4000,,no,,,yes,no,no,0,0,yes,no,,0,,no,no,no
wpn_svu_flux_npc_l,raw\sound\wpn\sniper\sniper_flux\wpn_sniper_flux_l.LN65.pc.snd.wav,wpn_svu_flux_npc_r,loaded,bus_fx,grp_weapon,snp_wpn_3p,,60,0,78,81,25,7500,10000,allon,default,allon,default,8,8,oldest,oldest,-300,300,20,90,0.25,1,3d,default,nonlooping,volume pitch,1,250,25,250,80,0.2,no,no,left_shot,7000,,no,,,yes,no,no,0,0,yes,no,,0,,no,no,no
wpn_svu_flux_npc_r,raw\sound\wpn\sniper\sniper_flux\wpn_sniper_flux_r.LN65.pc.snd.wav,,loaded,bus_fx,grp_weapon,snp_wpn_3p,,60,0,78,81,25,7500,10000,allon,default,allon,default,8,8,oldest,oldest,-300,300,20,90,0.25,1,3d,default,nonlooping,volume pitch,1,250,25,250,80,0.2,no,no,right_shot,7000,,no,,,yes,no,no,0,0,yes,no,,0,,no,no,no
wpn_svu_flux_plr_l,raw\sound\wpn\sniper\sniper_flux\wpn_sniper_flux_l.LN65.pc.snd.wav,wpn_svu_flux_plr_r,loaded,bus_fx,grp_weapon,snp_wpn_3p,,60,0,68,71,50,4000,4250,allon,default,allon,default,8,8,oldest,oldest,-300,300,20,90,0.25,1,3d,default,nonlooping,volume pitch,1,250,25,250,80,0.2,no,no,left_shot,7000,,no,ringoff_plr,outdoor,yes,no,no,0,0,yes,no,,0,,no,no,no
wpn_svu_flux_plr_r,raw\sound\wpn\sniper\sniper_flux\wpn_sniper_flux_r.LN65.pc.snd.wav,,loaded,bus_fx,grp_weapon,snp_wpn_3p,,60,0,68,71,50,4000,4250,allon,default,allon,default,8,8,oldest,oldest,-300,300,20,90,0.25,1,3d,default,nonlooping,volume pitch,1,250,25,250,80,0.2,no,no,right_shot,7000,,no,ringoff_plr,outdoor,yes,no,no,0,0,yes,no,,0,,no,no,no
wpn_svu_flux_r_npc_pap,raw\sound\wpn\pap\pap_flux_right.LN65.pc.snd.wav,wpn_svu_fire_npc,loaded,bus_fx,grp_weapon,snp_wpn_3p,,84,0,75,75,25,900,900,allon,default,allon,default,8,4,priority,priority,-34,34,85,90,0.25,1,3d,default,nonlooping,volume pitch,1,0,0,0,0,0.25,no,no,right_shot,4000,,no,,,yes,no,no,0,0,yes,no,,0,,no,no,no
wpn_svu_flux_r_plr_pap,raw\sound\wpn\pap\pap_flux_right.LN65.pc.snd.wav,wpn_svu_fire_plr,loaded,bus_fx,grp_weapon,snp_wpn_3p,,84,0,75,75,25,900,900,allon,default,allon,default,8,4,priority,priority,-34,34,85,90,0.25,1,3d,default,nonlooping,volume pitch,1,0,0,0,0,0.25,no,no,right_shot,4000,,no,,,yes,no,no,0,0,yes,no,,0,,no,no,no
wpn_svu_lfe,raw\sound\wpn\sniper\lfe\wpn_rifle_lfe.LN65.pc.snd.wav,wpn_svu_fire_plr_decay,loaded,bus_hdrfx,grp_wpn_lfe,snp_wpn_1p,,0,0,86,86,0,5000,5000,allon,default,allon,default,8,2,priority,oldest,0,0,85,90,0.25,1,2d,default,nonlooping,volume,1,0,0,0,0,0.25,no,no,none,0,,no,,,no,no,no,0,0,yes,no,,0,,no,no,no
wpn_svu_lfe_npc,raw\sound\wpn\sniper\lfe\wpn_rifle_lfe.LN65.pc.snd.wav,wpn_svu_fire_dist,loaded,bus_hdrfx,grp_wpn_lfe,snp_wpn_3p,,0,0,81,81,25,225,225,allon,default,allon,default,3,1,priority,oldest,0,0,40,90,0.25,0.75,3d,default,nonlooping,volume,1,0,0,0,0,0.25,no,no,none,0,,no,,,no,no,no,0,0,yes,no,,0,,no,no,no
wpn_svu_pickup_plr,raw\sound\fly\pickups\weapon\fly_weapon_pickup_00.LN65.pc.snd.wav,,loaded,bus_fx,grp_foley,snp_foley,,30,0,75,75,0,5000,5000,allon,default,allon,default,1,8,reject,oldest,-88,84,70,70,0.25,1,2d,default,nonlooping,volume,1,0,0,0,0,0.25,no,yes,none,0,,no,,,yes,no,no,0,0,yes,no,,0,,no,no,no
wpn_svu_pickup_plr,raw\sound\fly\pickups\weapon\fly_weapon_pickup_01.LN65.pc.snd.wav,,loaded,bus_fx,grp_foley,snp_foley,,30,0,75,75,0,5000,5000,allon,default,allon,default,1,8,reject,oldest,-88,84,70,70,0.25,1,2d,default,nonlooping,volume,1,0,0,0,0,0.25,no,yes,none,0,,no,,,yes,no,no,0,0,yes,no,,0,,no,no,no
wpn_svu_raise_plr,raw\sound\fly\gear\rattle\fly_cloth_00.LN65.pc.snd.wav,,loaded,bus_fx,grp_foley,snp_foley,,30,0,86,89,0,5000,5000,allon,default,allon,default,8,8,priority,oldest,-88,84,70,70,0.25,1,2d,default,nonlooping,volume,1,0,0,0,0,0.25,no,yes,none,0,,no,,,yes,no,no,0,0,yes,no,,0,,no,no,no
wpn_svu_raise_plr,raw\sound\fly\gear\rattle\fly_cloth_01.LN65.pc.snd.wav,,loaded,bus_fx,grp_foley,snp_foley,,30,0,86,89,0,5000,5000,allon,default,allon,default,8,8,priority,oldest,-88,84,70,70,0.25,1,2d,default,nonlooping,volume,1,0,0,0,0,0.25,no,yes,none,0,,no,,,yes,no,no,0,0,yes,no,,0,,no,no,no
wpn_svu_raise_plr,raw\sound\fly\gear\rattle\fly_cloth_02.LN65.pc.snd.wav,,loaded,bus_fx,grp_foley,snp_foley,,30,0,86,89,0,5000,5000,allon,default,allon,default,8,8,priority,oldest,-88,84,70,70,0.25,1,2d,default,nonlooping,volume,1,0,0,0,0,0.25,no,yes,none,0,,no,,,yes,no,no,0,0,yes,no,,0,,no,no,no
wpn_svu_raise_plr,raw\sound\fly\gear\rattle\fly_cloth_03.LN65.pc.snd.wav,,loaded,bus_fx,grp_foley,snp_foley,,30,0,86,89,0,5000,5000,allon,default,allon,default,8,8,priority,oldest,-88,84,70,70,0.25,1,2d,default,nonlooping,volume,1,0,0,0,0,0.25,no,yes,none,0,,no,,,yes,no,no,0,0,yes,no,,0,,no,no,no
wpn_svu_silencer_fire_npc,raw\sound\wpn\sniper\ballista\plr\shot\silenced\wpn_ballista_sil_shot_plr.LN65.pc.snd.wav,wpn_svu_silencer_LFE_npc,loaded,bus_fx,grp_weapon,snp_wpn_3p,,0,0,82,82,900,900,901,cosdelay,alloff,cosdelay,default,8,2,priority,oldest,-50,50,40,90,0.25,0.8,3d,default,nonlooping,volume,1,0,0,0,0,0.25,no,no,none,0,,no,,,yes,no,no,0,0,yes,no,,0,,no,no,no
wpn_svu_silencer_fire_npc_decay,raw\sound\wpn\assault\decay\int\silenced\wpn_aslt_decay_silenced_int.LN65.pc.snd.wav,,loaded,bus_fx,grp_weapon,snp_wpn_3p,,55,0,67,67,50,900,900,allon,default,rcurve1,default,3,1,priority,oldest,-100,100,20,70,0.15,1,3d,default,nonlooping,volume,1,0,0,0,0,0.25,no,no,none,0,,no,ringoff_plr,indoor,yes,no,no,0,0,yes,no,,0,,no,no,no
wpn_svu_silencer_fire_npc_decay,raw\sound\wpn\pistol\decay\ext\silenced\wpn_pistol_decay_silenced_ext.LN65.pc.snd.wav,,loaded,bus_fx,grp_weapon,snp_wpn_3p,,55,0,77,77,50,900,900,allon,default,rcurve1,default,3,1,priority,oldest,-100,100,20,70,0.15,1,3d,default,nonlooping,volume,1,0,0,0,0,0.25,no,no,none,0,,no,ringoff_plr,outdoor,yes,no,no,0,0,yes,no,,0,,no,no,no
wpn_svu_silencer_fire_plr,raw\sound\wpn\sniper\ballista\plr\shot\silenced\wpn_ballista_sil_shot_plr.LN65.pc.snd.wav,wpn_svu_silencer_LFE,loaded,bus_fx,grp_weapon,snp_wpn_1p,,0,0,93,93,0,5000,5000,allon,default,allon,default,3,8,oldest,oldest,-50,50,90,90,0.25,1,2d,default,nonlooping,volume,1,0,0,0,0,0.25,no,no,none,0,,no,,,yes,no,no,0,0,yes,no,,0,,no,no,no
wpn_svu_silencer_fire_plr_decay,raw\sound\wpn\assault\decay\int\silenced\wpn_aslt_decay_silenced_int.LN65.pc.snd.wav,,loaded,bus_fx,grp_weapon,snp_wpn_1p,,75,0,83,83,0,5000,5000,allon,default,allon,default,3,8,oldest,oldest,-50,50,90,90,0.25,1,2d,default,nonlooping,volume,1,0,0,0,0,0.25,no,no,none,0,,no,ringoff_plr,indoor,yes,no,no,0,0,yes,no,,0,,no,no,no
wpn_svu_silencer_fire_plr_decay,raw\sound\wpn\pistol\decay\ext\silenced\wpn_pistol_decay_silenced_ext.LN65.pc.snd.wav,,loaded,bus_fx,grp_weapon,snp_wpn_1p,,70,0,83,83,0,5000,5000,allon,default,allon,default,3,8,oldest,oldest,-50,50,90,90,0.25,1,2d,default,nonlooping,volume,1,0,0,0,0,0.25,no,no,none,0,,no,ringoff_plr,outdoor,yes,no,no,0,0,yes,no,,0,,no,no,no
wpn_svu_silencer_lfe,raw\sound\wpn\smg\mp7\plr\lfe\wpn_mp7_fire_lfe.LN65.pc.snd.wav,wpn_svu_silencer_fire_plr_decay,loaded,bus_hdrfx,grp_wpn_lfe,snp_wpn_1p,,0,0,86,86,0,5000,5000,allon,default,allon,default,8,2,priority,oldest,0,0,85,90,0.25,1,2d,default,nonlooping,volume,1,0,0,0,0,0.25,no,no,none,0,,no,,,no,no,no,0,0,yes,no,,0,,no,no,no
wpn_svu_silencer_LFE_npc,raw\sound\wpn\smg\mp7\plr\lfe\wpn_mp7_fire_lfe.LN65.pc.snd.wav,wpn_svu_silencer_fire_npc_decay,loaded,bus_hdrfx,grp_wpn_lfe,snp_wpn_3p,,0,0,81,81,25,225,225,allon,default,allon,default,3,1,priority,oldest,0,0,40,90,0.25,0.75,3d,default,nonlooping,volume,1,0,0,0,0,0.25,no,no,none,0,,no,,,no,no,no,0,0,yes,no,,0,,no,no,no
fly_rnma_clip_in,raw\sound\wpn\smg\mp5\reload\fly_mp5_pull_charge.LN65.pc.snd.wav,,loaded,bus_fx,grp_foley,snp_foley,,30,0,86,89,0,5000,5000,allon,default,allon,default,8,8,priority,oldest,-88,84,70,70,0.25,1,2d,default,nonlooping,volume,1,0,0,0,0,0.25,no,yes,none,0,,no,,,yes,no,no,0,0,yes,no,,0,,no,no,no
fly_rnma_clip_out,raw\sound\wpn\pistol\makarov\reload\fly_makarov_futz.LN65.pc.snd.wav,,loaded,bus_fx,grp_foley,snp_foley,,30,0,86,89,0,5000,5000,allon,default,allon,default,8,8,priority,oldest,-88,84,70,70,0.25,1,2d,default,nonlooping,volume,1,0,0,0,0,0.25,no,yes,none,0,,no,,,yes,no,no,0,0,yes,no,,0,,no,no,no
fly_rnma_firstraise,raw\sound\wpn\pistol\rnma\rnma_firstraise.LN65.pc.snd.wav,,loaded,bus_fx,grp_foley,snp_foley,,30,0,86,89,0,5000,5000,allon,default,allon,default,8,8,priority,oldest,-88,84,70,70,0.25,1,2d,default,nonlooping,volume,1,0,0,0,0,0.25,no,yes,none,0,,no,,,yes,no,no,0,0,yes,no,,0,,no,no,no
fly_rnma_hammer_down,raw\sound\wpn\pistol\reloads\fly_pistol_hammer.LN65.pc.snd.wav,,loaded,bus_fx,grp_foley,snp_foley,,30,0,86,89,0,5000,5000,allon,default,allon,default,8,8,priority,oldest,-88,84,70,70,0.25,1,2d,default,nonlooping,volume,1,0,0,0,0,0.25,no,yes,none,0,,no,,,yes,no,no,0,0,yes,no,,0,,no,no,no
fly_rnma_hammer_up,raw\sound\wpn\pistol\reloads\fly_pistol_sf.LN65.pc.snd.wav,,loaded,bus_fx,grp_foley,snp_foley,,30,0,86,89,0,5000,5000,allon,default,allon,default,8,8,priority,oldest,-88,84,70,70,0.25,1,2d,default,nonlooping,volume,1,0,0,0,0,0.25,no,yes,none,0,,no,,,yes,no,no,0,0,yes,no,,0,,no,no,no
fly_rnma_slide_in,raw\sound\wpn\sniper\reload\fly_sniper_bd.LN65.pc.snd.wav,,loaded,bus_fx,grp_foley,snp_foley,,30,0,86,89,0,5000,5000,allon,default,allon,default,8,8,priority,oldest,-88,84,70,70,0.25,1,2d,default,nonlooping,volume,1,0,0,0,0,0.25,no,yes,none,0,,no,,,yes,no,no,0,0,yes,no,,0,,no,no,no
fly_rnma_slide_out,raw\sound\wpn\smg\mac11\reload\fly_mac11_stock.LN65.pc.snd.wav,,loaded,bus_fx,grp_foley,snp_foley,,30,0,86,89,0,5000,5000,allon,default,allon,default,8,8,priority,oldest,-88,84,70,70,0.25,1,2d,default,nonlooping,volume,1,0,0,0,0,0.25,no,yes,none,0,,no,,,yes,no,no,0,0,yes,no,,0,,no,no,no
wpn_rnma_dryfire_npc,raw\sound\wpn\sniper\dry_fire\plr\dry_fire_00.LN65.pc.snd.wav,,loaded,bus_fx,grp_weapon,snp_wpn_3p,,65,0,88,88,900,900,901,cosdelay,alloff,cosdelay,default,6,2,priority,oldest,-88,84,20,90,0.25,0.8,3d,default,nonlooping,volume pitch,1,0,0,0,0,0.25,no,no,none,0,,no,,,yes,no,no,0,0,yes,no,,0,,no,no,no
wpn_rnma_dryfire_plr,raw\sound\wpn\sniper\dry_fire\plr\dry_fire_00.LN65.pc.snd.wav,,loaded,bus_fx,grp_weapon,snp_wpn_1p,,70,0,88,88,0,5000,5000,allon,default,allon,default,2,8,oldest,oldest,0,0,90,90,0.25,1,2d,default,nonlooping,volume,1,0,0,0,0,0.25,no,no,none,0,,no,,,yes,no,no,0,0,yes,no,,0,,no,no,no
wpn_rnma_fire_dist,raw\sound\wpn\dist_guns\rif\wpn_rif_dist_00.LN65.pc.snd.wav,wpn_rnma_fire_npc_decay,loaded,bus_fx,grp_weapon,snp_wpn_3p,,80,0,85,85,900,6000,12500,sindelay,default,sindelay,allon,6,3,priority,oldest,-300,300,90,40,0.25,1,3d,default,nonlooping,,1,0,0,0,0,0.25,no,no,none,0,,no,,,yes,no,no,0,0,yes,no,,0,,no,no,no
wpn_rnma_fire_dist,raw\sound\wpn\dist_guns\rif\wpn_rif_dist_01.LN65.pc.snd.wav,wpn_rnma_fire_npc_decay,loaded,bus_fx,grp_weapon,snp_wpn_3p,,80,0,85,85,900,6000,12500,sindelay,default,sindelay,allon,6,3,priority,oldest,-300,300,90,40,0.25,1,3d,default,nonlooping,,1,0,0,0,0,0.25,no,no,none,0,,no,,,yes,no,no,0,0,yes,no,,0,,no,no,no
wpn_rnma_fire_npc,raw\sound\wpn\pistol\rnma\fire\wpn_rnma_fire.LN65.pc.snd.wav,wpn_rnma_lfe_npc,loaded,bus_fx,grp_weapon,snp_wpn_3p,,65,0,93,93,900,900,901,cosdelay,alloff,cosdelay,default,6,2,priority,oldest,-88,84,20,90,0.25,0.8,3d,default,nonlooping,volume pitch,1,0,0,0,0,0.25,no,no,none,0,,no,,,yes,no,no,0,0,yes,no,,0,,no,no,no
wpn_rnma_fire_plr,raw\sound\wpn\pistol\rnma\fire\wpn_rnma_fire.LN65.pc.snd.wav,wpn_rnma_lfe,loaded,bus_fx,grp_weapon,snp_wpn_1p,,70,0,93,93,0,5000,5000,allon,default,allon,default,2,8,oldest,oldest,0,0,90,90,0.25,1,2d,default,nonlooping,volume,1,0,0,0,0,0.25,no,no,none,0,,no,,,yes,no,no,0,0,yes,no,,0,,no,no,no
wpn_rnma_fire_plr_decay,raw\sound\wpn\shotgun\decay\wpn_shotgun_decay.LN65.pc.snd.wav,,loaded,bus_fx,grp_weapon,snp_wpn_1p,,55,0,85,85,0,5000,5000,allon,default,allon,default,3,8,oldest,oldest,-50,50,90,90,0.25,1,2d,default,nonlooping,volume,1,0,0,0,0,0.25,no,no,none,0,,no,ringoff_plr,outdoor,yes,no,no,0,0,yes,no,,0,,no,no,no
wpn_rnma_fire_plr_decay,raw\sound\wpn\shotgun\decay\int\wpn_shotgun_decay_int.LN65.pc.snd.wav,,loaded,bus_fx,grp_weapon,snp_wpn_1p,,55,0,85,85,0,5000,5000,allon,default,allon,default,3,8,oldest,oldest,-50,50,90,90,0.25,1,2d,default,nonlooping,volume,1,0,0,0,0,0.25,no,no,none,0,,no,ringoff_plr,indoor,yes,no,no,0,0,yes,no,,0,,no,no,no
wpn_rnma_flux_plr_l,raw\sound\wpn\sniper\sniper_flux\wpn_sniper_flux_l.LN65.pc.snd.wav,wpn_rnma_flux_plr_r,loaded,bus_fx,grp_weapon,snp_wpn_3p,,60,0,68,71,50,4000,4250,allon,default,allon,default,8,8,oldest,oldest,-300,300,20,90,0.25,1,3d,default,nonlooping,volume pitch,1,250,25,250,80,0.2,no,no,left_shot,7000,,no,ringoff_plr,outdoor,yes,no,no,0,0,yes,no,,0,,no,no,no
wpn_rnma_flux_plr_r,raw\sound\wpn\sniper\sniper_flux\wpn_sniper_flux_r.LN65.pc.snd.wav,,loaded,bus_fx,grp_weapon,snp_wpn_3p,,60,0,68,71,50,4000,4250,allon,default,allon,default,8,8,oldest,oldest,-300,300,20,90,0.25,1,3d,default,nonlooping,volume pitch,1,250,25,250,80,0.2,no,no,right_shot,7000,,no,ringoff_plr,outdoor,yes,no,no,0,0,yes,no,,0,,no,no,no
wpn_rnma_lfe,raw\sound\wpn\sniper\lfe\wpn_rifle_lfe.LN65.pc.snd.wav,wpn_rnma_fire_plr_decay,loaded,bus_hdrfx,grp_wpn_lfe,snp_wpn_1p,,0,0,90,90,0,5000,5000,allon,default,allon,default,8,2,priority,oldest,0,0,85,90,0.25,1,2d,default,nonlooping,volume,1,0,0,0,0,0.25,no,no,none,0,,no,,,no,no,no,0,0,yes,no,,0,,no,no,no
wpn_rnma_lfe_npc,raw\sound\wpn\sniper\lfe\wpn_rifle_lfe.LN65.pc.snd.wav,wpn_rnma_fire_dist,loaded,bus_hdrfx,grp_wpn_lfe,snp_wpn_3p,,0,0,90,90,25,225,225,allon,default,allon,default,3,1,priority,oldest,0,0,40,90,0.25,0.75,3d,default,nonlooping,volume,1,0,0,0,0,0.25,no,no,none,0,,no,,,no,no,no,0,0,yes,no,,0,,no,no,no
wpn_rnma_silencer_fire_npc,,wpn_rnma_silencer_LFE_npc,loaded,bus_fx,grp_weapon,snp_wpn_3p,,0,0,82,82,900,900,901,cosdelay,alloff,cosdelay,default,8,2,priority,oldest,-50,50,40,90,0.25,0.8,3d,default,nonlooping,volume,1,0,0,0,0,0.25,no,no,none,0,,no,,,yes,no,no,0,0,yes,no,,0,,no,no,no
wpn_rnma_silencer_fire_npc_decay,raw\sound\wpn\assault\decay\int\silenced\wpn_aslt_decay_silenced_int.LN65.pc.snd.wav,,loaded,bus_fx,grp_weapon,snp_wpn_3p,,55,0,67,67,50,900,900,allon,default,rcurve1,default,3,1,priority,oldest,-100,100,20,70,0.15,1,3d,default,nonlooping,volume,1,0,0,0,0,0.25,no,no,none,0,,no,ringoff_plr,indoor,yes,no,no,0,0,yes,no,,0,,no,no,no
wpn_rnma_silencer_fire_npc_decay,raw\sound\wpn\pistol\decay\ext\silenced\wpn_pistol_decay_silenced_ext.LN65.pc.snd.wav,,loaded,bus_fx,grp_weapon,snp_wpn_3p,,55,0,77,77,50,900,900,allon,default,rcurve1,default,3,1,priority,oldest,-100,100,20,70,0.15,1,3d,default,nonlooping,volume,1,0,0,0,0,0.25,no,no,none,0,,no,ringoff_plr,outdoor,yes,no,no,0,0,yes,no,,0,,no,no,no
wpn_rnma_silencer_fire_plr,,wpn_rnma_silencer_LFE,loaded,bus_fx,grp_weapon,snp_wpn_1p,,0,0,93,93,0,5000,5000,allon,default,allon,default,3,8,oldest,oldest,-50,50,90,90,0.25,1,2d,default,nonlooping,volume,1,0,0,0,0,0.25,no,no,none,0,,no,,,yes,no,no,0,0,yes,no,,0,,no,no,no
wpn_rnma_silencer_fire_plr_decay,,,loaded,bus_fx,grp_weapon,snp_wpn_1p,,70,0,83,83,0,5000,5000,allon,default,allon,default,3,8,oldest,oldest,-50,50,90,90,0.25,1,2d,default,nonlooping,volume,1,0,0,0,0,0.25,no,no,none,0,,no,ringoff_plr,outdoor,yes,no,no,0,0,yes,no,,0,,no,no,no
wpn_rnma_silencer_lfe,,wpn_rnma_silencer_fire_plr_decay,loaded,bus_hdrfx,grp_wpn_lfe,snp_wpn_1p,,0,0,86,86,0,5000,5000,allon,default,allon,default,8,2,priority,oldest,0,0,85,90,0.25,1,2d,default,nonlooping,volume,1,0,0,0,0,0.25,no,no,none,0,,no,,,no,no,no,0,0,yes,no,,0,,no,no,no
wpn_rnma_silencer_LFE_npc,,wpn_rnma_silencer_fire_npc_decay,loaded,bus_hdrfx,grp_wpn_lfe,snp_wpn_3p,,0,0,81,81,25,225,225,allon,default,allon,default,3,1,priority,oldest,0,0,40,90,0.25,0.75,3d,default,nonlooping,volume,1,0,0,0,0,0.25,no,no,none,0,,no,,,no,no,no,0,0,yes,no,,0,,no,no,no